[2025-06-04 08:35:18,548] I MainThread - <module>:225 - --- Запуск Скрипта Встраивания (PyTorch Wavelets) ---
[2025-06-04 08:35:18,548] I MainThread - <module>:226 - PyTorch Wavelets Доступно: True
[2025-06-04 08:35:18,548] I MainThread - <module>:227 - Torch DCT Доступно: True
[2025-06-04 08:35:18,548] I MainThread - <module>:228 - Метод выбора колец: pool_entropy_selection, Pool: 4, Select: 2
[2025-06-04 08:35:18,548] I MainThread - <module>:229 - Payload: 64bit, ECC for 1st: True (Galois BCH m=8, t=9)
[2025-06-04 08:35:18,548] I MainThread - <module>:230 - Альфа: MIN=1.13, MAX=1.28, N_RINGS_Total=8
[2025-06-04 08:35:18,548] I MainThread - <module>:231 - Маскировка: True (Lambda=0.05), Компонент: Cb
[2025-06-04 08:35:18,548] I MainThread - <module>:233 - Выход: Кодек=mp4v, Расширение=.mp4
[2025-06-04 08:35:18,548] I MainThread - <module>:234 - Параллелизм: ThreadPoolExecutor (max_workers=8) с батчингом.
[2025-06-04 08:35:18,548] W MainThread - <module>:239 - Используется кодек с потерями 'mp4v'.
[2025-06-04 08:35:18,549] I MainThread - main:2990 - --- Запуск Основного Процесса Встраивания (Smart Stitch) ---
[2025-06-04 08:35:18,719] I MainThread - main:3007 - Используется CUDA: NVIDIA GeForce GTX 1650 Ti
[2025-06-04 08:35:18,731] I MainThread - main:3021 - Экземпляры DTCWTForward и DTCWTInverse успешно созданы и перемещены на устройство.
[2025-06-04 08:35:18,731] I MainThread - main:3037 - Входное видео: 'drive.mp4'
[2025-06-04 08:35:18,731] I MainThread - main:3038 - Базовое имя выходного файла: 'watermarked_ffmpeg_t9'
[2025-06-04 08:35:18,731] I MainThread - main:3041 - Чтение метаданных для 'drive.mp4'...
[2025-06-04 08:35:18,731] I MainThread - get_input_metadata:1127 - Attempting to open 'drive.mp4' with PyAV to read metadata...
[2025-06-04 08:35:18,762] I MainThread - get_input_metadata:1132 - Opened with PyAV successfully.
[2025-06-04 08:35:18,763] E MainThread - get_input_metadata:1223 - Ошибка при доступе к свойствам видеопотока: Invalid format specifier
[2025-06-04 08:35:18,763] I MainThread - get_input_metadata:1261 -   PyAV Audio Stream Meta: Codec=opus, Rate=48000, Layout=stereo, Bitrate=139566, Index=1
[2025-06-04 08:35:18,777] I MainThread - main:3128 - Общее число кадров оценено из длительности и FPS: 22657
[2025-06-04 08:35:18,777] I MainThread - main:3138 - Используемый аудио битрейт (из метаданных): 139566 bps
[2025-06-04 08:35:18,779] I MainThread - add_ecc:870 - Galois ECC: Data(64b->187b) -> Packet(255b).
[2025-06-04 08:35:18,779] I MainThread - check_compatibility_and_choose_output:991 - Проверка совместимости и выбор параметров выхода:
[2025-06-04 08:35:18,779] I MainThread - check_compatibility_and_choose_output:992 -   Вход: Видео='h264', Аудио='opus' (есть: True)
[2025-06-04 08:35:18,779] I MainThread - check_compatibility_and_choose_output:997 -   Рекомендуемый видеокодер для 'головы' (temp_file): libx264
[2025-06-04 08:35:18,779] I MainThread - check_compatibility_and_choose_output:1063 -   Итоговое решение для финального файла: Расширение='.mp4', Видеокодер 'головы' (для temp файла)='libx264', Действие для аудио 'хвоста' (FFmpeg)='aac'
[2025-06-04 08:35:18,779] I MainThread - main:3177 - Расчетная 'голова' для ЦВЗ: 1152 кадров.
[2025-06-04 08:35:18,780] I MainThread - main:3178 - Видеокодер для 'головы': libx264
[2025-06-04 08:35:18,780] I MainThread - main:3179 - Финальный файл: 'watermarked_ffmpeg_t9.mp4', Временная голова: 'watermarked_ffmpeg_t9_head.mp4'
[2025-06-04 08:35:18,780] I MainThread - main:3197 - Анализ I-кадров оригинального видео...
[2025-06-04 08:35:19,073] I MainThread - get_iframe_start_times:951 - Найдено 243 уникальных I-кадров (по пакетам). Первые 5: ['0.000s', '6.500s', '6.667s', '8.417s', '10.333s']
[2025-06-04 08:35:19,074] I MainThread - main:3203 - Найдено 243 I-кадров.
[2025-06-04 08:35:19,074] I MainThread - main:3206 - Чтение 'головы' (1152 кадров) и всех аудиопакетов...
[2025-06-04 08:35:19,074] I MainThread - read_processing_head:1328 - Чтение 'головы': 1152 видеокадров и все аудиопакеты из 'drive.mp4'...
[2025-06-04 08:35:25,909] I MainThread - read_processing_head:1458 - Чтение 'головы' завершено. Декодировано 1152 видеокадров. Собрано 47201 аудиопакетов.
[2025-06-04 08:35:25,909] I MainThread - main:3229 - Прочитано 1152 видеокадров для 'головы'. Собрано 47201 аудиопакетов.
[2025-06-04 08:35:25,909] I MainThread - main:3235 - Сгенерирован Payload ID: b8819ecbbdb8cf80
[2025-06-04 08:35:25,910] I MainThread - main:3239 - Оригинальный ID сохранен в: original_watermark_id.txt
[2025-06-04 08:35:25,910] I MainThread - main:3244 - Встраивание ЦВЗ в 'голову'...
[2025-06-04 08:35:25,910] I MainThread - embed_watermark_in_video:2819 - --- Embed Head Start (Processing 1152 frames / 576 pairs) ---
[2025-06-04 08:35:25,910] I MainThread - embed_watermark_in_video:2820 - Using max_workers: 8
[2025-06-04 08:35:25,911] I MainThread - add_ecc:870 - Galois ECC: Data(64b->187b) -> Packet(255b).
[2025-06-04 08:35:25,911] I MainThread - embed_watermark_in_video:2843 - Гибридный режим: Первый пакет создан как ECC(n=255, t=9).
[2025-06-04 08:35:25,911] I MainThread - embed_watermark_in_video:2857 - Гибридный режим: Добавлено 14 Raw пакетов.
[2025-06-04 08:35:25,911] I MainThread - embed_watermark_in_video:2871 - Head processing details:
[2025-06-04 08:35:25,911] I MainThread - embed_watermark_in_video:2872 -   Target packets: 15 (ECC(n=255, t=9) + 14 Raw)
[2025-06-04 08:35:25,912] I MainThread - embed_watermark_in_video:2873 -   Total bits prepared: 1151
[2025-06-04 08:35:25,912] I MainThread - embed_watermark_in_video:2874 -   Available pairs in head: 576, Pairs needed: 576, Pairs to process: 576
[2025-06-04 08:35:25,912] I MainThread - embed_watermark_in_video:2875 -   Actual bits to embed in head: 1151
[2025-06-04 08:35:40,809] I MainThread - embed_watermark_in_video:2924 - Launching 4 batches (576 pairs) in ThreadPool (max_workers=8, batch\u2248144)...
[2025-06-04 08:35:42,371] I ThreadPoolExecutor-0_0 - _embed_single_pair_task:2706 - [P:0] Selected rings by GPU entropy: [2, 7]
[2025-06-04 08:35:42,445] I ThreadPoolExecutor-0_1 - _embed_single_pair_task:2706 - [P:144] Selected rings by GPU entropy: [4, 7]
[2025-06-04 08:35:42,445] I ThreadPoolExecutor-0_3 - _embed_single_pair_task:2706 - [P:432] Selected rings by GPU entropy: [5, 2]
[2025-06-04 08:35:42,448] I ThreadPoolExecutor-0_2 - _embed_single_pair_task:2706 - [P:288] Selected rings by GPU entropy: [3, 5]
[2025-06-04 08:35:43,166] I ThreadPoolExecutor-0_1 - embed_frame_pair:2487 - [P:144 R:4] ACTION: Modifying bit 1 -> 0 (tensor).
[2025-06-04 08:35:43,168] I ThreadPoolExecutor-0_3 - embed_frame_pair:2487 - [P:432 R:5] ACTION: Modifying bit 1 -> 0 (tensor).
[2025-06-04 08:35:43,169] I ThreadPoolExecutor-0_2 - embed_frame_pair:2487 - [P:288 R:3] ACTION: Strengthening bit 0 (orig_ratio=1.0001, alpha_t=1.2103).
[2025-06-04 08:35:43,169] I ThreadPoolExecutor-0_0 - embed_frame_pair:2487 - [P:0 R:2] ACTION: Strengthening bit 1 (orig_ratio=1.0000, inv_a=0.8814).
[2025-06-04 08:35:43,373] I ThreadPoolExecutor-0_2 - embed_frame_pair:2487 - [P:288 R:5] ACTION: Modifying bit 0 -> 1 (tensor).
[2025-06-04 08:35:43,374] I ThreadPoolExecutor-0_0 - embed_frame_pair:2487 - [P:0 R:7] ACTION: Strengthening bit 0 (orig_ratio=1.0026, alpha_t=1.1346).
[2025-06-04 08:35:43,375] I ThreadPoolExecutor-0_1 - embed_frame_pair:2487 - [P:144 R:7] ACTION: Modifying bit 0 -> 1 (tensor).
[2025-06-04 08:35:43,375] I ThreadPoolExecutor-0_3 - embed_frame_pair:2487 - [P:432 R:2] ACTION: Strengthening bit 1 (orig_ratio=0.9998, inv_a=0.8434).
[2025-06-04 08:35:43,604] I ThreadPoolExecutor-0_3 - _embed_single_pair_task:2706 - [P:433] Selected rings by GPU entropy: [4, 5]
[2025-06-04 08:35:43,605] I ThreadPoolExecutor-0_2 - _embed_single_pair_task:2706 - [P:289] Selected rings by GPU entropy: [2, 6]
[2025-06-04 08:35:43,611] I ThreadPoolExecutor-0_1 - _embed_single_pair_task:2706 - [P:145] Selected rings by GPU entropy: [3, 7]
[2025-06-04 08:35:43,630] I ThreadPoolExecutor-0_0 - _embed_single_pair_task:2706 - [P:1] Selected rings by GPU entropy: [0, 1]
[2025-06-04 08:35:43,778] I ThreadPoolExecutor-0_3 - embed_frame_pair:2487 - [P:433 R:4] ACTION: Strengthening bit 1 (orig_ratio=1.0000, inv_a=0.8402).
[2025-06-04 08:35:43,781] I ThreadPoolExecutor-0_2 - embed_frame_pair:2487 - [P:289 R:2] ACTION: Modifying bit 0 -> 1 (tensor).
[2025-06-04 08:35:43,801] I ThreadPoolExecutor-0_1 - embed_frame_pair:2487 - [P:145 R:3] ACTION: Modifying bit 0 -> 1 (tensor).
[2025-06-04 08:35:43,805] I ThreadPoolExecutor-0_0 - embed_frame_pair:2487 - [P:1 R:0] ACTION: Modifying bit 0 -> 1 (tensor).
[2025-06-04 08:35:43,834] I ThreadPoolExecutor-0_3 - embed_frame_pair:2487 - [P:433 R:5] ACTION: Modifying bit 0 -> 1 (tensor).
[2025-06-04 08:35:43,845] I ThreadPoolExecutor-0_2 - embed_frame_pair:2487 - [P:289 R:6] ACTION: Strengthening bit 1 (orig_ratio=0.9999, inv_a=0.8506).
[2025-06-04 08:35:43,854] I ThreadPoolExecutor-0_1 - embed_frame_pair:2487 - [P:145 R:7] ACTION: Strengthening bit 1 (orig_ratio=0.9999, inv_a=0.8464).
[2025-06-04 08:35:43,878] I ThreadPoolExecutor-0_0 - embed_frame_pair:2487 - [P:1 R:1] ACTION: Modifying bit 0 -> 1 (tensor).
[2025-06-04 08:35:44,035] I ThreadPoolExecutor-0_3 - _embed_single_pair_task:2706 - [P:434] Selected rings by GPU entropy: [5, 0]
[2025-06-04 08:35:44,042] I ThreadPoolExecutor-0_2 - _embed_single_pair_task:2706 - [P:290] Selected rings by GPU entropy: [5, 1]
[2025-06-04 08:35:44,051] I ThreadPoolExecutor-0_1 - _embed_single_pair_task:2706 - [P:146] Selected rings by GPU entropy: [4, 6]
[2025-06-04 08:35:44,095] I ThreadPoolExecutor-0_0 - _embed_single_pair_task:2706 - [P:2] Selected rings by GPU entropy: [6, 1]
[2025-06-04 08:35:44,211] I ThreadPoolExecutor-0_3 - embed_frame_pair:2487 - [P:434 R:5] ACTION: Strengthening bit 1 (orig_ratio=1.0000, inv_a=0.8412).
[2025-06-04 08:35:44,214] I ThreadPoolExecutor-0_2 - embed_frame_pair:2487 - [P:290 R:5] ACTION: Modifying bit 1 -> 0 (tensor).
[2025-06-04 08:35:44,217] I ThreadPoolExecutor-0_1 - embed_frame_pair:2487 - [P:146 R:4] ACTION: Strengthening bit 1 (orig_ratio=1.0000, inv_a=0.8445).
[2025-06-04 08:35:44,235] I ThreadPoolExecutor-0_0 - embed_frame_pair:2487 - [P:2 R:6] ACTION: Strengthening bit 1 (orig_ratio=0.9999, inv_a=0.8639).
[2025-06-04 08:35:44,254] I ThreadPoolExecutor-0_2 - embed_frame_pair:2487 - [P:290 R:1] ACTION: Modifying bit 1 -> 0 (tensor).
[2025-06-04 08:35:44,256] I ThreadPoolExecutor-0_1 - embed_frame_pair:2487 - [P:146 R:6] ACTION: Strengthening bit 0 (orig_ratio=1.0000, alpha_t=1.1818).
[2025-06-04 08:35:44,257] I ThreadPoolExecutor-0_3 - embed_frame_pair:2487 - [P:434 R:0] ACTION: Strengthening bit 0 (orig_ratio=1.0000, alpha_t=1.1828).
[2025-06-04 08:35:44,296] I ThreadPoolExecutor-0_0 - embed_frame_pair:2487 - [P:2 R:1] ACTION: Modifying bit 1 -> 0 (tensor).
[2025-06-04 08:35:44,437] I ThreadPoolExecutor-0_2 - _embed_single_pair_task:2706 - [P:291] Selected rings by GPU entropy: [4, 5]
[2025-06-04 08:35:44,440] I ThreadPoolExecutor-0_1 - _embed_single_pair_task:2706 - [P:147] Selected rings by GPU entropy: [3, 6]
[2025-06-04 08:35:44,440] I ThreadPoolExecutor-0_3 - _embed_single_pair_task:2706 - [P:435] Selected rings by GPU entropy: [3, 4]
[2025-06-04 08:35:44,445] I ThreadPoolExecutor-0_0 - _embed_single_pair_task:2706 - [P:3] Selected rings by GPU entropy: [7, 0]
[2025-06-04 08:35:44,613] I ThreadPoolExecutor-0_3 - embed_frame_pair:2487 - [P:435 R:3] ACTION: Modifying bit 0 -> 1 (tensor).
[2025-06-04 08:35:44,616] I ThreadPoolExecutor-0_2 - embed_frame_pair:2487 - [P:291 R:4] ACTION: Strengthening bit 0 (orig_ratio=1.0001, alpha_t=1.2055).
[2025-06-04 08:35:44,617] I ThreadPoolExecutor-0_0 - embed_frame_pair:2487 - [P:3 R:7] ACTION: Strengthening bit 0 (orig_ratio=1.0002, alpha_t=1.1635).
[2025-06-04 08:35:44,637] I ThreadPoolExecutor-0_1 - embed_frame_pair:2487 - [P:147 R:3] ACTION: Strengthening bit 1 (orig_ratio=0.9999, inv_a=0.8405).
[2025-06-04 08:35:44,657] I ThreadPoolExecutor-0_3 - embed_frame_pair:2487 - [P:435 R:4] ACTION: Modifying bit 0 -> 1 (tensor).
[2025-06-04 08:35:44,660] I ThreadPoolExecutor-0_2 - embed_frame_pair:2487 - [P:291 R:5] ACTION: Modifying bit 0 -> 1 (tensor).
[2025-06-04 08:35:44,662] I ThreadPoolExecutor-0_0 - embed_frame_pair:2487 - [P:3 R:0] ACTION: Strengthening bit 0 (orig_ratio=1.0012, alpha_t=1.1591).
[2025-06-04 08:35:44,700] I ThreadPoolExecutor-0_1 - embed_frame_pair:2487 - [P:147 R:6] ACTION: Strengthening bit 1 (orig_ratio=0.9998, inv_a=0.8462).
[2025-06-04 08:35:44,832] I ThreadPoolExecutor-0_2 - _embed_single_pair_task:2706 - [P:292] Selected rings by GPU entropy: [2, 1]
[2025-06-04 08:35:44,834] I ThreadPoolExecutor-0_3 - _embed_single_pair_task:2706 - [P:436] Selected rings by GPU entropy: [3, 2]
[2025-06-04 08:35:44,838] I ThreadPoolExecutor-0_0 - _embed_single_pair_task:2706 - [P:4] Selected rings by GPU entropy: [1, 2]
[2025-06-04 08:35:44,846] I ThreadPoolExecutor-0_1 - _embed_single_pair_task:2706 - [P:148] Selected rings by GPU entropy: [3, 4]
[2025-06-04 08:35:45,020] I ThreadPoolExecutor-0_0 - embed_frame_pair:2487 - [P:4 R:1] ACTION: Modifying bit 0 -> 1 (tensor).
[2025-06-04 08:35:45,024] I ThreadPoolExecutor-0_3 - embed_frame_pair:2487 - [P:436 R:3] ACTION: Strengthening bit 0 (orig_ratio=1.0001, alpha_t=1.1907).
[2025-06-04 08:35:45,026] I ThreadPoolExecutor-0_2 - embed_frame_pair:2487 - [P:292 R:2] ACTION: Strengthening bit 0 (orig_ratio=1.0000, alpha_t=1.2068).
[2025-06-04 08:35:45,033] I ThreadPoolExecutor-0_1 - embed_frame_pair:2487 - [P:148 R:3] ACTION: Strengthening bit 0 (orig_ratio=1.0000, alpha_t=1.1897).
[2025-06-04 08:35:45,067] I ThreadPoolExecutor-0_0 - embed_frame_pair:2487 - [P:4 R:2] ACTION: Strengthening bit 0 (orig_ratio=1.0000, alpha_t=1.1583).
[2025-06-04 08:35:45,070] I ThreadPoolExecutor-0_3 - embed_frame_pair:2487 - [P:436 R:2] ACTION: Modifying bit 0 -> 1 (tensor).
[2025-06-04 08:35:45,075] I ThreadPoolExecutor-0_2 - embed_frame_pair:2487 - [P:292 R:1] ACTION: Strengthening bit 0 (orig_ratio=1.0000, alpha_t=1.1769).
[2025-06-04 08:35:45,078] I ThreadPoolExecutor-0_1 - embed_frame_pair:2487 - [P:148 R:4] ACTION: Strengthening bit 1 (orig_ratio=1.0000, inv_a=0.8446).
[2025-06-04 08:35:45,255] I ThreadPoolExecutor-0_0 - _embed_single_pair_task:2706 - [P:5] Selected rings by GPU entropy: [1, 2]
[2025-06-04 08:35:45,255] I ThreadPoolExecutor-0_3 - _embed_single_pair_task:2706 - [P:437] Selected rings by GPU entropy: [3, 0]
[2025-06-04 08:35:45,258] I ThreadPoolExecutor-0_2 - _embed_single_pair_task:2706 - [P:293] Selected rings by GPU entropy: [2, 6]
[2025-06-04 08:35:45,262] I ThreadPoolExecutor-0_1 - _embed_single_pair_task:2706 - [P:149] Selected rings by GPU entropy: [3, 4]
[2025-06-04 08:35:45,429] I ThreadPoolExecutor-0_3 - embed_frame_pair:2487 - [P:437 R:3] ACTION: Modifying bit 0 -> 1 (tensor).
[2025-06-04 08:35:45,429] I ThreadPoolExecutor-0_2 - embed_frame_pair:2487 - [P:293 R:2] ACTION: Modifying bit 1 -> 0 (tensor).
[2025-06-04 08:35:45,437] I ThreadPoolExecutor-0_1 - embed_frame_pair:2487 - [P:149 R:3] ACTION: Modifying bit 0 -> 1 (tensor).
[2025-06-04 08:35:45,448] I ThreadPoolExecutor-0_0 - embed_frame_pair:2487 - [P:5 R:1] ACTION: Strengthening bit 0 (orig_ratio=1.0000, alpha_t=1.1590).
[2025-06-04 08:35:45,467] I ThreadPoolExecutor-0_3 - embed_frame_pair:2487 - [P:437 R:0] ACTION: Modifying bit 0 -> 1 (tensor).
[2025-06-04 08:35:45,467] I ThreadPoolExecutor-0_2 - embed_frame_pair:2487 - [P:293 R:6] ACTION: Strengthening bit 0 (orig_ratio=1.0000, alpha_t=1.1758).
[2025-06-04 08:35:45,480] I ThreadPoolExecutor-0_1 - embed_frame_pair:2487 - [P:149 R:4] ACTION: Modifying bit 0 -> 1 (tensor).
[2025-06-04 08:35:45,495] I ThreadPoolExecutor-0_0 - embed_frame_pair:2487 - [P:5 R:2] ACTION: Modifying bit 1 -> 0 (tensor).
[2025-06-04 08:35:45,626] I ThreadPoolExecutor-0_3 - _embed_single_pair_task:2706 - [P:438] Selected rings by GPU entropy: [5, 2]
[2025-06-04 08:35:45,631] I ThreadPoolExecutor-0_2 - _embed_single_pair_task:2706 - [P:294] Selected rings by GPU entropy: [2, 4]
[2025-06-04 08:35:45,647] I ThreadPoolExecutor-0_1 - _embed_single_pair_task:2706 - [P:150] Selected rings by GPU entropy: [6, 2]
[2025-06-04 08:35:45,668] I ThreadPoolExecutor-0_0 - _embed_single_pair_task:2706 - [P:6] Selected rings by GPU entropy: [6, 2]
[2025-06-04 08:35:45,796] I ThreadPoolExecutor-0_3 - embed_frame_pair:2487 - [P:438 R:5] ACTION: Strengthening bit 0 (orig_ratio=1.0000, alpha_t=1.1887).
[2025-06-04 08:35:45,805] I ThreadPoolExecutor-0_2 - embed_frame_pair:2487 - [P:294 R:2] ACTION: Strengthening bit 0 (orig_ratio=1.0000, alpha_t=1.2065).
[2025-06-04 08:35:45,811] I ThreadPoolExecutor-0_1 - embed_frame_pair:2487 - [P:150 R:6] ACTION: Modifying bit 1 -> 0 (tensor).
[2025-06-04 08:35:45,821] I ThreadPoolExecutor-0_0 - embed_frame_pair:2487 - [P:6 R:6] ACTION: Modifying bit 1 -> 0 (tensor).
[2025-06-04 08:35:45,845] I ThreadPoolExecutor-0_3 - embed_frame_pair:2487 - [P:438 R:2] ACTION: Strengthening bit 0 (orig_ratio=1.0000, alpha_t=1.1859).
[2025-06-04 08:35:45,847] I ThreadPoolExecutor-0_2 - embed_frame_pair:2487 - [P:294 R:4] ACTION: Strengthening bit 0 (orig_ratio=1.0000, alpha_t=1.2050).
[2025-06-04 08:35:45,856] I ThreadPoolExecutor-0_1 - embed_frame_pair:2487 - [P:150 R:2] ACTION: Modifying bit 1 -> 0 (tensor).
[2025-06-04 08:35:45,883] I ThreadPoolExecutor-0_0 - embed_frame_pair:2487 - [P:6 R:2] ACTION: Strengthening bit 0 (orig_ratio=1.0000, alpha_t=1.1589).
[2025-06-04 08:35:46,007] I ThreadPoolExecutor-0_3 - _embed_single_pair_task:2706 - [P:439] Selected rings by GPU entropy: [3, 4]
[2025-06-04 08:35:46,022] I ThreadPoolExecutor-0_2 - _embed_single_pair_task:2706 - [P:295] Selected rings by GPU entropy: [4, 5]
[2025-06-04 08:35:46,033] I ThreadPoolExecutor-0_1 - _embed_single_pair_task:2706 - [P:151] Selected rings by GPU entropy: [3, 2]
[2025-06-04 08:35:46,055] I ThreadPoolExecutor-0_0 - _embed_single_pair_task:2706 - [P:7] Selected rings by GPU entropy: [6, 2]
[2025-06-04 08:35:46,168] I ThreadPoolExecutor-0_3 - embed_frame_pair:2487 - [P:439 R:3] ACTION: Strengthening bit 0 (orig_ratio=1.0000, alpha_t=1.1909).
[2025-06-04 08:35:46,193] I ThreadPoolExecutor-0_2 - embed_frame_pair:2487 - [P:295 R:4] ACTION: Modifying bit 0 -> 1 (tensor).
[2025-06-04 08:35:46,213] I ThreadPoolExecutor-0_1 - embed_frame_pair:2487 - [P:151 R:3] ACTION: Modifying bit 1 -> 0 (tensor).
[2025-06-04 08:35:46,214] I ThreadPoolExecutor-0_0 - embed_frame_pair:2487 - [P:7 R:6] ACTION: Modifying bit 1 -> 0 (tensor).
[2025-06-04 08:35:46,220] I ThreadPoolExecutor-0_3 - embed_frame_pair:2487 - [P:439 R:4] ACTION: Strengthening bit 1 (orig_ratio=1.0000, inv_a=0.8401).
[2025-06-04 08:35:46,241] I ThreadPoolExecutor-0_2 - embed_frame_pair:2487 - [P:295 R:5] ACTION: Modifying bit 0 -> 1 (tensor).
[2025-06-04 08:35:46,257] I ThreadPoolExecutor-0_0 - embed_frame_pair:2487 - [P:7 R:2] ACTION: Modifying bit 0 -> 1 (tensor).
[2025-06-04 08:35:46,261] I ThreadPoolExecutor-0_1 - embed_frame_pair:2487 - [P:151 R:2] ACTION: Strengthening bit 1 (orig_ratio=0.9999, inv_a=0.8456).
[2025-06-04 08:35:46,365] I ThreadPoolExecutor-0_3 - _embed_single_pair_task:2706 - [P:440] Selected rings by GPU entropy: [3, 5]
[2025-06-04 08:35:46,386] I ThreadPoolExecutor-0_2 - _embed_single_pair_task:2706 - [P:296] Selected rings by GPU entropy: [4, 5]
[2025-06-04 08:35:46,451] I ThreadPoolExecutor-0_0 - _embed_single_pair_task:2706 - [P:8] Selected rings by GPU entropy: [1, 5]
[2025-06-04 08:35:46,497] I ThreadPoolExecutor-0_1 - _embed_single_pair_task:2706 - [P:152] Selected rings by GPU entropy: [7, 2]
[2025-06-04 08:35:46,515] I ThreadPoolExecutor-0_3 - embed_frame_pair:2487 - [P:440 R:3] ACTION: Modifying bit 0 -> 1 (tensor).
[2025-06-04 08:35:46,535] I ThreadPoolExecutor-0_2 - embed_frame_pair:2487 - [P:296 R:4] ACTION: Strengthening bit 0 (orig_ratio=1.0001, alpha_t=1.2053).
[2025-06-04 08:35:46,576] I ThreadPoolExecutor-0_3 - embed_frame_pair:2487 - [P:440 R:5] ACTION: Strengthening bit 0 (orig_ratio=1.0000, alpha_t=1.1887).
[2025-06-04 08:35:46,590] I ThreadPoolExecutor-0_0 - embed_frame_pair:2487 - [P:8 R:1] ACTION: Modifying bit 0 -> 1 (tensor).
[2025-06-04 08:35:46,593] I ThreadPoolExecutor-0_2 - embed_frame_pair:2487 - [P:296 R:5] ACTION: Strengthening bit 0 (orig_ratio=1.0001, alpha_t=1.1921).
[2025-06-04 08:35:46,629] I ThreadPoolExecutor-0_1 - embed_frame_pair:2487 - [P:152 R:7] ACTION: Strengthening bit 1 (orig_ratio=0.9999, inv_a=0.8465).
[2025-06-04 08:35:46,642] I ThreadPoolExecutor-0_0 - embed_frame_pair:2487 - [P:8 R:5] ACTION: Strengthening bit 0 (orig_ratio=1.0001, alpha_t=1.1579).
[2025-06-04 08:35:46,701] I ThreadPoolExecutor-0_1 - embed_frame_pair:2487 - [P:152 R:2] ACTION: Modifying bit 1 -> 0 (tensor).
[2025-06-04 08:35:46,719] I ThreadPoolExecutor-0_3 - _embed_single_pair_task:2706 - [P:441] Selected rings by GPU entropy: [3, 5]
[2025-06-04 08:35:46,750] I ThreadPoolExecutor-0_2 - _embed_single_pair_task:2706 - [P:297] Selected rings by GPU entropy: [3, 4]
[2025-06-04 08:35:46,800] I ThreadPoolExecutor-0_0 - _embed_single_pair_task:2706 - [P:9] Selected rings by GPU entropy: [7, 2]
[2025-06-04 08:35:46,872] I ThreadPoolExecutor-0_1 - _embed_single_pair_task:2706 - [P:153] Selected rings by GPU entropy: [7, 6]
[2025-06-04 08:35:46,883] I ThreadPoolExecutor-0_3 - embed_frame_pair:2487 - [P:441 R:3] ACTION: Modifying bit 1 -> 0 (tensor).
[2025-06-04 08:35:46,899] I ThreadPoolExecutor-0_2 - embed_frame_pair:2487 - [P:297 R:3] ACTION: Modifying bit 0 -> 1 (tensor).
[2025-06-04 08:35:46,946] I ThreadPoolExecutor-0_0 - embed_frame_pair:2487 - [P:9 R:7] ACTION: Strengthening bit 0 (orig_ratio=1.0006, alpha_t=1.1630).
[2025-06-04 08:35:46,949] I ThreadPoolExecutor-0_3 - embed_frame_pair:2487 - [P:441 R:5] ACTION: Strengthening bit 1 (orig_ratio=1.0000, inv_a=0.8413).
[2025-06-04 08:35:46,949] I ThreadPoolExecutor-0_2 - embed_frame_pair:2487 - [P:297 R:4] ACTION: Modifying bit 0 -> 1 (tensor).
[2025-06-04 08:35:46,997] I ThreadPoolExecutor-0_1 - embed_frame_pair:2487 - [P:153 R:7] ACTION: Modifying bit 1 -> 0 (tensor).
[2025-06-04 08:35:47,004] I ThreadPoolExecutor-0_0 - embed_frame_pair:2487 - [P:9 R:2] ACTION: Modifying bit 0 -> 1 (tensor).
[2025-06-04 08:35:47,041] I ThreadPoolExecutor-0_1 - embed_frame_pair:2487 - [P:153 R:6] ACTION: Strengthening bit 1 (orig_ratio=0.9998, inv_a=0.8462).
[2025-06-04 08:35:47,112] I ThreadPoolExecutor-0_2 - _embed_single_pair_task:2706 - [P:298] Selected rings by GPU entropy: [3, 5]
[2025-06-04 08:35:47,116] I ThreadPoolExecutor-0_3 - _embed_single_pair_task:2706 - [P:442] Selected rings by GPU entropy: [5, 2]
[2025-06-04 08:35:47,127] I ThreadPoolExecutor-0_0 - _embed_single_pair_task:2706 - [P:10] Selected rings by GPU entropy: [7, 1]
[2025-06-04 08:35:47,256] I ThreadPoolExecutor-0_1 - _embed_single_pair_task:2706 - [P:154] Selected rings by GPU entropy: [4, 6]
[2025-06-04 08:35:47,293] I ThreadPoolExecutor-0_2 - embed_frame_pair:2487 - [P:298 R:3] ACTION: Modifying bit 0 -> 1 (tensor).
[2025-06-04 08:35:47,296] I ThreadPoolExecutor-0_3 - embed_frame_pair:2487 - [P:442 R:5] ACTION: Strengthening bit 1 (orig_ratio=1.0000, inv_a=0.8413).
[2025-06-04 08:35:47,319] I ThreadPoolExecutor-0_0 - embed_frame_pair:2487 - [P:10 R:7] ACTION: Strengthening bit 1 (orig_ratio=0.9997, inv_a=0.8602).
[2025-06-04 08:35:47,353] I ThreadPoolExecutor-0_2 - embed_frame_pair:2487 - [P:298 R:5] ACTION: Modifying bit 0 -> 1 (tensor).
[2025-06-04 08:35:47,355] I ThreadPoolExecutor-0_3 - embed_frame_pair:2487 - [P:442 R:2] ACTION: Modifying bit 0 -> 1 (tensor).
[2025-06-04 08:35:47,369] I ThreadPoolExecutor-0_0 - embed_frame_pair:2487 - [P:10 R:1] ACTION: Modifying bit 0 -> 1 (tensor).
[2025-06-04 08:35:47,381] I ThreadPoolExecutor-0_1 - embed_frame_pair:2487 - [P:154 R:4] ACTION: Strengthening bit 1 (orig_ratio=0.9999, inv_a=0.8445).
[2025-06-04 08:35:47,440] I ThreadPoolExecutor-0_1 - embed_frame_pair:2487 - [P:154 R:6] ACTION: Strengthening bit 1 (orig_ratio=1.0000, inv_a=0.8462).
[2025-06-04 08:35:47,528] I ThreadPoolExecutor-0_3 - _embed_single_pair_task:2706 - [P:443] Selected rings by GPU entropy: [4, 2]
[2025-06-04 08:35:47,530] I ThreadPoolExecutor-0_2 - _embed_single_pair_task:2706 - [P:299] Selected rings by GPU entropy: [2, 4]
[2025-06-04 08:35:47,533] I ThreadPoolExecutor-0_0 - _embed_single_pair_task:2706 - [P:11] Selected rings by GPU entropy: [7, 2]
[2025-06-04 08:35:47,663] I ThreadPoolExecutor-0_1 - _embed_single_pair_task:2706 - [P:155] Selected rings by GPU entropy: [7, 2]
[2025-06-04 08:35:47,682] I ThreadPoolExecutor-0_3 - embed_frame_pair:2487 - [P:443 R:4] ACTION: Modifying bit 0 -> 1 (tensor).
[2025-06-04 08:35:47,686] I ThreadPoolExecutor-0_0 - embed_frame_pair:2487 - [P:11 R:7] ACTION: Modifying bit 0 -> 1 (tensor).
[2025-06-04 08:35:47,719] I ThreadPoolExecutor-0_2 - embed_frame_pair:2487 - [P:299 R:2] ACTION: Strengthening bit 0 (orig_ratio=1.0014, alpha_t=1.1781).
[2025-06-04 08:35:47,748] I ThreadPoolExecutor-0_0 - embed_frame_pair:2487 - [P:11 R:2] ACTION: Modifying bit 1 -> 0 (tensor).
[2025-06-04 08:35:47,750] I ThreadPoolExecutor-0_3 - embed_frame_pair:2487 - [P:443 R:2] ACTION: Strengthening bit 1 (orig_ratio=1.0000, inv_a=0.8432).
[2025-06-04 08:35:47,782] I ThreadPoolExecutor-0_2 - embed_frame_pair:2487 - [P:299 R:4] ACTION: Strengthening bit 1 (orig_ratio=0.9997, inv_a=0.8614).
[2025-06-04 08:35:47,793] I ThreadPoolExecutor-0_1 - embed_frame_pair:2487 - [P:155 R:7] ACTION: Strengthening bit 1 (orig_ratio=1.0000, inv_a=0.8464).
[2025-06-04 08:35:47,845] I ThreadPoolExecutor-0_1 - embed_frame_pair:2487 - [P:155 R:2] ACTION: Strengthening bit 1 (orig_ratio=1.0000, inv_a=0.8455).
[2025-06-04 08:35:47,914] I ThreadPoolExecutor-0_0 - _embed_single_pair_task:2706 - [P:12] Selected rings by GPU entropy: [7, 2]
[2025-06-04 08:35:47,917] I ThreadPoolExecutor-0_3 - _embed_single_pair_task:2706 - [P:444] Selected rings by GPU entropy: [4, 0]
[2025-06-04 08:35:47,931] I ThreadPoolExecutor-0_2 - _embed_single_pair_task:2706 - [P:300] Selected rings by GPU entropy: [1, 4]
[2025-06-04 08:35:48,057] I ThreadPoolExecutor-0_1 - _embed_single_pair_task:2706 - [P:156] Selected rings by GPU entropy: [4, 7]
[2025-06-04 08:35:48,086] I ThreadPoolExecutor-0_0 - embed_frame_pair:2487 - [P:12 R:7] ACTION: Strengthening bit 1 (orig_ratio=0.9998, inv_a=0.8613).
[2025-06-04 08:35:48,089] I ThreadPoolExecutor-0_3 - embed_frame_pair:2487 - [P:444 R:4] ACTION: Strengthening bit 0 (orig_ratio=1.0000, alpha_t=1.1903).
[2025-06-04 08:35:48,102] I ThreadPoolExecutor-0_2 - embed_frame_pair:2487 - [P:300 R:1] ACTION: Strengthening bit 1 (orig_ratio=0.9993, inv_a=0.8469).
[2025-06-04 08:35:48,138] I ThreadPoolExecutor-0_0 - embed_frame_pair:2487 - [P:12 R:2] ACTION: Modifying bit 0 -> 1 (tensor).
[2025-06-04 08:35:48,145] I ThreadPoolExecutor-0_3 - embed_frame_pair:2487 - [P:444 R:0] ACTION: Strengthening bit 0 (orig_ratio=1.0000, alpha_t=1.1829).
[2025-06-04 08:35:48,155] I ThreadPoolExecutor-0_2 - embed_frame_pair:2487 - [P:300 R:4] ACTION: Modifying bit 1 -> 0 (tensor).
[2025-06-04 08:35:48,167] I ThreadPoolExecutor-0_1 - embed_frame_pair:2487 - [P:156 R:4] ACTION: Modifying bit 1 -> 0 (tensor).
[2025-06-04 08:35:48,226] I ThreadPoolExecutor-0_1 - embed_frame_pair:2487 - [P:156 R:7] ACTION: Modifying bit 1 -> 0 (tensor).
[2025-06-04 08:35:48,310] I ThreadPoolExecutor-0_0 - _embed_single_pair_task:2706 - [P:13] Selected rings by GPU entropy: [7, 6]
[2025-06-04 08:35:48,320] I ThreadPoolExecutor-0_3 - _embed_single_pair_task:2706 - [P:445] Selected rings by GPU entropy: [4, 2]
[2025-06-04 08:35:48,325] I ThreadPoolExecutor-0_2 - _embed_single_pair_task:2706 - [P:301] Selected rings by GPU entropy: [2, 4]
[2025-06-04 08:35:48,416] I ThreadPoolExecutor-0_1 - _embed_single_pair_task:2706 - [P:157] Selected rings by GPU entropy: [4, 2]
[2025-06-04 08:35:48,478] I ThreadPoolExecutor-0_0 - embed_frame_pair:2487 - [P:13 R:7] ACTION: Modifying bit 1 -> 0 (tensor).
[2025-06-04 08:35:48,480] I ThreadPoolExecutor-0_3 - embed_frame_pair:2487 - [P:445 R:4] ACTION: Modifying bit 1 -> 0 (tensor).
[2025-06-04 08:35:48,488] I ThreadPoolExecutor-0_2 - embed_frame_pair:2487 - [P:301 R:2] ACTION: Strengthening bit 0 (orig_ratio=1.0021, alpha_t=1.1806).
[2025-06-04 08:35:48,528] I ThreadPoolExecutor-0_3 - embed_frame_pair:2487 - [P:445 R:2] ACTION: Strengthening bit 0 (orig_ratio=1.0029, alpha_t=1.1859).
[2025-06-04 08:35:48,529] I ThreadPoolExecutor-0_0 - embed_frame_pair:2487 - [P:13 R:6] ACTION: Modifying bit 1 -> 0 (tensor).
[2025-06-04 08:35:48,534] I ThreadPoolExecutor-0_1 - embed_frame_pair:2487 - [P:157 R:4] ACTION: Strengthening bit 0 (orig_ratio=1.0000, alpha_t=1.1844).
[2025-06-04 08:35:48,538] I ThreadPoolExecutor-0_2 - embed_frame_pair:2487 - [P:301 R:4] ACTION: Modifying bit 0 -> 1 (tensor).
[2025-06-04 08:35:48,596] I ThreadPoolExecutor-0_1 - embed_frame_pair:2487 - [P:157 R:2] ACTION: Strengthening bit 0 (orig_ratio=1.0000, alpha_t=1.1828).
[2025-06-04 08:35:48,690] I ThreadPoolExecutor-0_0 - _embed_single_pair_task:2706 - [P:14] Selected rings by GPU entropy: [7, 6]
[2025-06-04 08:35:48,691] I ThreadPoolExecutor-0_3 - _embed_single_pair_task:2706 - [P:446] Selected rings by GPU entropy: [0, 4]
[2025-06-04 08:35:48,697] I ThreadPoolExecutor-0_2 - _embed_single_pair_task:2706 - [P:302] Selected rings by GPU entropy: [1, 3]
[2025-06-04 08:35:48,764] I ThreadPoolExecutor-0_1 - _embed_single_pair_task:2706 - [P:158] Selected rings by GPU entropy: [3, 7]
[2025-06-04 08:35:48,842] I ThreadPoolExecutor-0_3 - embed_frame_pair:2487 - [P:446 R:0] ACTION: Modifying bit 1 -> 0 (tensor).
[2025-06-04 08:35:48,859] I ThreadPoolExecutor-0_2 - embed_frame_pair:2487 - [P:302 R:1] ACTION: Modifying bit 1 -> 0 (tensor).
[2025-06-04 08:35:48,893] I ThreadPoolExecutor-0_3 - embed_frame_pair:2487 - [P:446 R:4] ACTION: Modifying bit 1 -> 0 (tensor).
[2025-06-04 08:35:48,905] I ThreadPoolExecutor-0_0 - embed_frame_pair:2487 - [P:14 R:7] ACTION: Strengthening bit 1 (orig_ratio=0.9997, inv_a=0.8617).
[2025-06-04 08:35:48,913] I ThreadPoolExecutor-0_1 - embed_frame_pair:2487 - [P:158 R:3] ACTION: Modifying bit 1 -> 0 (tensor).
[2025-06-04 08:35:48,916] I ThreadPoolExecutor-0_2 - embed_frame_pair:2487 - [P:302 R:3] ACTION: Strengthening bit 1 (orig_ratio=0.9991, inv_a=0.8510).
[2025-06-04 08:35:48,958] I ThreadPoolExecutor-0_0 - embed_frame_pair:2487 - [P:14 R:6] ACTION: Modifying bit 1 -> 0 (tensor).
[2025-06-04 08:35:48,965] I ThreadPoolExecutor-0_1 - embed_frame_pair:2487 - [P:158 R:7] ACTION: Modifying bit 1 -> 0 (tensor).
[2025-06-04 08:35:49,045] I ThreadPoolExecutor-0_3 - _embed_single_pair_task:2706 - [P:447] Selected rings by GPU entropy: [4, 3]
[2025-06-04 08:35:49,063] I ThreadPoolExecutor-0_2 - _embed_single_pair_task:2706 - [P:303] Selected rings by GPU entropy: [2, 5]
[2025-06-04 08:35:49,143] I ThreadPoolExecutor-0_0 - _embed_single_pair_task:2706 - [P:15] Selected rings by GPU entropy: [7, 2]
[2025-06-04 08:35:49,195] I ThreadPoolExecutor-0_3 - embed_frame_pair:2487 - [P:447 R:4] ACTION: Strengthening bit 0 (orig_ratio=1.0284, alpha_t=1.1854).
[2025-06-04 08:35:49,199] I ThreadPoolExecutor-0_1 - _embed_single_pair_task:2706 - [P:159] Selected rings by GPU entropy: [3, 6]
[2025-06-04 08:35:49,210] I ThreadPoolExecutor-0_2 - embed_frame_pair:2487 - [P:303 R:2] ACTION: Modifying bit 0 -> 1 (tensor).
[2025-06-04 08:35:49,263] I ThreadPoolExecutor-0_3 - embed_frame_pair:2487 - [P:447 R:3] ACTION: Modifying bit 0 -> 1 (tensor).
[2025-06-04 08:35:49,274] I ThreadPoolExecutor-0_2 - embed_frame_pair:2487 - [P:303 R:5] ACTION: Strengthening bit 1 (orig_ratio=0.9996, inv_a=0.8625).
[2025-06-04 08:35:49,283] I ThreadPoolExecutor-0_0 - embed_frame_pair:2487 - [P:15 R:7] ACTION: Strengthening bit 1 (orig_ratio=0.9998, inv_a=0.8617).
[2025-06-04 08:35:49,345] I ThreadPoolExecutor-0_1 - embed_frame_pair:2487 - [P:159 R:3] ACTION: Modifying bit 1 -> 0 (tensor).
[2025-06-04 08:35:49,353] I ThreadPoolExecutor-0_0 - embed_frame_pair:2487 - [P:15 R:2] ACTION: Modifying bit 0 -> 1 (tensor).
[2025-06-04 08:35:49,417] I ThreadPoolExecutor-0_1 - embed_frame_pair:2487 - [P:159 R:6] ACTION: Strengthening bit 1 (orig_ratio=0.9999, inv_a=0.8462).
[2025-06-04 08:35:49,431] I ThreadPoolExecutor-0_3 - _embed_single_pair_task:2706 - [P:448] Selected rings by GPU entropy: [3, 4]
[2025-06-04 08:35:49,438] I ThreadPoolExecutor-0_2 - _embed_single_pair_task:2706 - [P:304] Selected rings by GPU entropy: [2, 3]
[2025-06-04 08:35:49,576] I ThreadPoolExecutor-0_0 - _embed_single_pair_task:2706 - [P:16] Selected rings by GPU entropy: [7, 1]
[2025-06-04 08:35:49,577] I ThreadPoolExecutor-0_1 - _embed_single_pair_task:2706 - [P:160] Selected rings by GPU entropy: [7, 6]
[2025-06-04 08:35:49,581] I ThreadPoolExecutor-0_3 - embed_frame_pair:2487 - [P:448 R:3] ACTION: Strengthening bit 0 (orig_ratio=1.0067, alpha_t=1.1826).
[2025-06-04 08:35:49,583] I ThreadPoolExecutor-0_2 - embed_frame_pair:2487 - [P:304 R:2] ACTION: Strengthening bit 0 (orig_ratio=1.0017, alpha_t=1.1843).
[2025-06-04 08:35:49,632] I ThreadPoolExecutor-0_3 - embed_frame_pair:2487 - [P:448 R:4] ACTION: Strengthening bit 1 (orig_ratio=0.9975, inv_a=0.8448).
[2025-06-04 08:35:49,642] I ThreadPoolExecutor-0_2 - embed_frame_pair:2487 - [P:304 R:3] ACTION: Strengthening bit 1 (orig_ratio=0.9993, inv_a=0.8520).
[2025-06-04 08:35:49,686] I ThreadPoolExecutor-0_0 - embed_frame_pair:2487 - [P:16 R:7] ACTION: Strengthening bit 1 (orig_ratio=0.9995, inv_a=0.8617).
[2025-06-04 08:35:49,735] I ThreadPoolExecutor-0_0 - embed_frame_pair:2487 - [P:16 R:1] ACTION: Strengthening bit 0 (orig_ratio=1.0000, alpha_t=1.1589).
[2025-06-04 08:35:49,780] I ThreadPoolExecutor-0_1 - embed_frame_pair:2487 - [P:160 R:7] ACTION: Modifying bit 1 -> 0 (tensor).
[2025-06-04 08:35:49,785] I ThreadPoolExecutor-0_3 - _embed_single_pair_task:2706 - [P:449] Selected rings by GPU entropy: [3, 4]
[2025-06-04 08:35:49,791] I ThreadPoolExecutor-0_2 - _embed_single_pair_task:2706 - [P:305] Selected rings by GPU entropy: [2, 3]
[2025-06-04 08:35:49,872] I ThreadPoolExecutor-0_1 - embed_frame_pair:2487 - [P:160 R:6] ACTION: Strengthening bit 1 (orig_ratio=1.0000, inv_a=0.8462).
[2025-06-04 08:35:49,905] I ThreadPoolExecutor-0_0 - _embed_single_pair_task:2706 - [P:17] Selected rings by GPU entropy: [7, 2]
[2025-06-04 08:35:49,936] I ThreadPoolExecutor-0_3 - embed_frame_pair:2487 - [P:449 R:3] ACTION: Modifying bit 0 -> 1 (tensor).
[2025-06-04 08:35:49,943] I ThreadPoolExecutor-0_2 - embed_frame_pair:2487 - [P:305 R:2] ACTION: Modifying bit 0 -> 1 (tensor).
[2025-06-04 08:35:50,000] I ThreadPoolExecutor-0_3 - embed_frame_pair:2487 - [P:449 R:4] ACTION: Modifying bit 0 -> 1 (tensor).
[2025-06-04 08:35:50,010] I ThreadPoolExecutor-0_2 - embed_frame_pair:2487 - [P:305 R:3] ACTION: Strengthening bit 1 (orig_ratio=0.9992, inv_a=0.8526).
[2025-06-04 08:35:50,020] I ThreadPoolExecutor-0_1 - _embed_single_pair_task:2706 - [P:161] Selected rings by GPU entropy: [4, 7]
[2025-06-04 08:35:50,036] I ThreadPoolExecutor-0_0 - embed_frame_pair:2487 - [P:17 R:7] ACTION: Strengthening bit 1 (orig_ratio=0.9998, inv_a=0.8618).
[2025-06-04 08:35:50,093] I ThreadPoolExecutor-0_0 - embed_frame_pair:2487 - [P:17 R:2] ACTION: Strengthening bit 1 (orig_ratio=1.0000, inv_a=0.8618).
[2025-06-04 08:35:50,155] I ThreadPoolExecutor-0_1 - embed_frame_pair:2487 - [P:161 R:4] ACTION: Modifying bit 0 -> 1 (tensor).
[2025-06-04 08:35:50,158] I ThreadPoolExecutor-0_3 - _embed_single_pair_task:2706 - [P:450] Selected rings by GPU entropy: [4, 2]
[2025-06-04 08:35:50,168] I ThreadPoolExecutor-0_2 - _embed_single_pair_task:2706 - [P:306] Selected rings by GPU entropy: [2, 1]
[2025-06-04 08:35:50,240] I ThreadPoolExecutor-0_1 - embed_frame_pair:2487 - [P:161 R:7] ACTION: Strengthening bit 1 (orig_ratio=0.9999, inv_a=0.8466).
[2025-06-04 08:35:50,277] I ThreadPoolExecutor-0_0 - _embed_single_pair_task:2706 - [P:18] Selected rings by GPU entropy: [2, 1]
[2025-06-04 08:35:50,297] I ThreadPoolExecutor-0_3 - embed_frame_pair:2487 - [P:450 R:4] ACTION: Strengthening bit 0 (orig_ratio=1.0081, alpha_t=1.1905).
[2025-06-04 08:35:50,313] I ThreadPoolExecutor-0_2 - embed_frame_pair:2487 - [P:306 R:2] ACTION: Modifying bit 0 -> 1 (tensor).
[2025-06-04 08:35:50,361] I ThreadPoolExecutor-0_3 - embed_frame_pair:2487 - [P:450 R:2] ACTION: Modifying bit 1 -> 0 (tensor).
[2025-06-04 08:35:50,376] I ThreadPoolExecutor-0_2 - embed_frame_pair:2487 - [P:306 R:1] ACTION: Modifying bit 1 -> 0 (tensor).
[2025-06-04 08:35:50,391] I ThreadPoolExecutor-0_1 - _embed_single_pair_task:2706 - [P:162] Selected rings by GPU entropy: [4, 7]
[2025-06-04 08:35:50,412] I ThreadPoolExecutor-0_0 - embed_frame_pair:2487 - [P:18 R:2] ACTION: Modifying bit 0 -> 1 (tensor).
[2025-06-04 08:35:50,476] I ThreadPoolExecutor-0_0 - embed_frame_pair:2487 - [P:18 R:1] ACTION: Modifying bit 0 -> 1 (tensor).
[2025-06-04 08:35:50,502] I ThreadPoolExecutor-0_3 - _embed_single_pair_task:2706 - [P:451] Selected rings by GPU entropy: [5, 2]
[2025-06-04 08:35:50,534] I ThreadPoolExecutor-0_2 - _embed_single_pair_task:2706 - [P:307] Selected rings by GPU entropy: [2, 1]
[2025-06-04 08:35:50,538] I ThreadPoolExecutor-0_1 - embed_frame_pair:2487 - [P:162 R:4] ACTION: Strengthening bit 0 (orig_ratio=1.0000, alpha_t=1.1845).
[2025-06-04 08:35:50,604] I ThreadPoolExecutor-0_1 - embed_frame_pair:2487 - [P:162 R:7] ACTION: Strengthening bit 0 (orig_ratio=1.0000, alpha_t=1.1813).
[2025-06-04 08:35:50,637] I ThreadPoolExecutor-0_0 - _embed_single_pair_task:2706 - [P:19] Selected rings by GPU entropy: [2, 7]
[2025-06-04 08:35:50,639] I ThreadPoolExecutor-0_3 - embed_frame_pair:2487 - [P:451 R:5] ACTION: Modifying bit 1 -> 0 (tensor).
[2025-06-04 08:35:50,673] I ThreadPoolExecutor-0_2 - embed_frame_pair:2487 - [P:307 R:2] ACTION: Modifying bit 0 -> 1 (tensor).
[2025-06-04 08:35:50,694] I ThreadPoolExecutor-0_3 - embed_frame_pair:2487 - [P:451 R:2] ACTION: Modifying bit 0 -> 1 (tensor).
[2025-06-04 08:35:50,742] I ThreadPoolExecutor-0_2 - embed_frame_pair:2487 - [P:307 R:1] ACTION: Strengthening bit 1 (orig_ratio=1.0000, inv_a=0.8490).
[2025-06-04 08:35:50,749] I ThreadPoolExecutor-0_1 - _embed_single_pair_task:2706 - [P:163] Selected rings by GPU entropy: [7, 1]
[2025-06-04 08:35:50,756] I ThreadPoolExecutor-0_0 - embed_frame_pair:2487 - [P:19 R:2] ACTION: Modifying bit 1 -> 0 (tensor).
[2025-06-04 08:35:50,826] I ThreadPoolExecutor-0_0 - embed_frame_pair:2487 - [P:19 R:7] ACTION: Strengthening bit 1 (orig_ratio=0.9997, inv_a=0.8621).
[2025-06-04 08:35:50,836] I ThreadPoolExecutor-0_3 - _embed_single_pair_task:2706 - [P:452] Selected rings by GPU entropy: [4, 5]
[2025-06-04 08:35:50,902] I ThreadPoolExecutor-0_1 - embed_frame_pair:2487 - [P:163 R:7] ACTION: Strengthening bit 0 (orig_ratio=1.0000, alpha_t=1.1812).
[2025-06-04 08:35:50,906] I ThreadPoolExecutor-0_2 - _embed_single_pair_task:2706 - [P:308] Selected rings by GPU entropy: [1, 3]
[2025-06-04 08:35:50,963] I ThreadPoolExecutor-0_1 - embed_frame_pair:2487 - [P:163 R:1] ACTION: Strengthening bit 1 (orig_ratio=1.0000, inv_a=0.8491).
[2025-06-04 08:35:50,969] I ThreadPoolExecutor-0_3 - embed_frame_pair:2487 - [P:452 R:4] ACTION: Strengthening bit 0 (orig_ratio=1.0002, alpha_t=1.1904).
[2025-06-04 08:35:51,001] I ThreadPoolExecutor-0_0 - _embed_single_pair_task:2706 - [P:20] Selected rings by GPU entropy: [7, 1]
[2025-06-04 08:35:51,024] I ThreadPoolExecutor-0_3 - embed_frame_pair:2487 - [P:452 R:5] ACTION: Strengthening bit 0 (orig_ratio=1.0001, alpha_t=1.1885).
[2025-06-04 08:35:51,046] I ThreadPoolExecutor-0_2 - embed_frame_pair:2487 - [P:308 R:1] ACTION: Modifying bit 1 -> 0 (tensor).
[2025-06-04 08:35:51,108] I ThreadPoolExecutor-0_1 - _embed_single_pair_task:2706 - [P:164] Selected rings by GPU entropy: [7, 1]
[2025-06-04 08:35:51,110] I ThreadPoolExecutor-0_2 - embed_frame_pair:2487 - [P:308 R:3] ACTION: Strengthening bit 1 (orig_ratio=0.9993, inv_a=0.8548).
[2025-06-04 08:35:51,116] I ThreadPoolExecutor-0_0 - embed_frame_pair:2487 - [P:20 R:7] ACTION: Strengthening bit 1 (orig_ratio=0.9999, inv_a=0.8620).
[2025-06-04 08:35:51,179] I ThreadPoolExecutor-0_0 - embed_frame_pair:2487 - [P:20 R:1] ACTION: Strengthening bit 0 (orig_ratio=1.0000, alpha_t=1.1590).
[2025-06-04 08:35:51,186] I ThreadPoolExecutor-0_3 - _embed_single_pair_task:2706 - [P:453] Selected rings by GPU entropy: [3, 2]
[2025-06-04 08:35:51,252] I ThreadPoolExecutor-0_1 - embed_frame_pair:2487 - [P:164 R:7] ACTION: Modifying bit 1 -> 0 (tensor).
[2025-06-04 08:35:51,265] I ThreadPoolExecutor-0_2 - _embed_single_pair_task:2706 - [P:309] Selected rings by GPU entropy: [2, 3]
[2025-06-04 08:35:51,298] I ThreadPoolExecutor-0_1 - embed_frame_pair:2487 - [P:164 R:1] ACTION: Modifying bit 1 -> 0 (tensor).
[2025-06-04 08:35:51,317] I ThreadPoolExecutor-0_3 - embed_frame_pair:2487 - [P:453 R:3] ACTION: Modifying bit 1 -> 0 (tensor).
[2025-06-04 08:35:51,360] I ThreadPoolExecutor-0_0 - _embed_single_pair_task:2706 - [P:21] Selected rings by GPU entropy: [7, 1]
[2025-06-04 08:35:51,376] I ThreadPoolExecutor-0_3 - embed_frame_pair:2487 - [P:453 R:2] ACTION: Strengthening bit 0 (orig_ratio=1.0008, alpha_t=1.1864).
[2025-06-04 08:35:51,410] I ThreadPoolExecutor-0_2 - embed_frame_pair:2487 - [P:309 R:2] ACTION: Modifying bit 0 -> 1 (tensor).
[2025-06-04 08:35:51,469] I ThreadPoolExecutor-0_1 - _embed_single_pair_task:2706 - [P:165] Selected rings by GPU entropy: [6, 1]
[2025-06-04 08:35:51,474] I ThreadPoolExecutor-0_2 - embed_frame_pair:2487 - [P:309 R:3] ACTION: Strengthening bit 1 (orig_ratio=0.9992, inv_a=0.8554).
[2025-06-04 08:35:51,517] I ThreadPoolExecutor-0_0 - embed_frame_pair:2487 - [P:21 R:7] ACTION: Modifying bit 0 -> 1 (tensor).
[2025-06-04 08:35:51,547] I ThreadPoolExecutor-0_3 - _embed_single_pair_task:2706 - [P:454] Selected rings by GPU entropy: [3, 2]
[2025-06-04 08:35:51,575] I ThreadPoolExecutor-0_0 - embed_frame_pair:2487 - [P:21 R:1] ACTION: Modifying bit 0 -> 1 (tensor).
[2025-06-04 08:35:51,621] I ThreadPoolExecutor-0_1 - embed_frame_pair:2487 - [P:165 R:6] ACTION: Strengthening bit 0 (orig_ratio=1.0000, alpha_t=1.1816).
[2025-06-04 08:35:51,645] I ThreadPoolExecutor-0_2 - _embed_single_pair_task:2706 - [P:310] Selected rings by GPU entropy: [2, 3]
[2025-06-04 08:35:51,664] I ThreadPoolExecutor-0_1 - embed_frame_pair:2487 - [P:165 R:1] ACTION: Modifying bit 1 -> 0 (tensor).
[2025-06-04 08:35:51,673] I ThreadPoolExecutor-0_3 - embed_frame_pair:2487 - [P:454 R:3] ACTION: Modifying bit 1 -> 0 (tensor).
[2025-06-04 08:35:51,749] I ThreadPoolExecutor-0_0 - _embed_single_pair_task:2706 - [P:22] Selected rings by GPU entropy: [2, 1]
[2025-06-04 08:35:51,751] I ThreadPoolExecutor-0_3 - embed_frame_pair:2487 - [P:454 R:2] ACTION: Strengthening bit 0 (orig_ratio=1.0007, alpha_t=1.1868).
[2025-06-04 08:35:51,791] I ThreadPoolExecutor-0_2 - embed_frame_pair:2487 - [P:310 R:2] ACTION: Strengthening bit 0 (orig_ratio=1.0009, alpha_t=1.1886).
[2025-06-04 08:35:51,853] I ThreadPoolExecutor-0_1 - _embed_single_pair_task:2706 - [P:166] Selected rings by GPU entropy: [3, 4]
[2025-06-04 08:35:51,857] I ThreadPoolExecutor-0_2 - embed_frame_pair:2487 - [P:310 R:3] ACTION: Modifying bit 1 -> 0 (tensor).
[2025-06-04 08:35:51,904] I ThreadPoolExecutor-0_0 - embed_frame_pair:2487 - [P:22 R:2] ACTION: Modifying bit 0 -> 1 (tensor).
[2025-06-04 08:35:51,916] I ThreadPoolExecutor-0_3 - _embed_single_pair_task:2706 - [P:455] Selected rings by GPU entropy: [3, 4]
[2025-06-04 08:35:51,964] I ThreadPoolExecutor-0_0 - embed_frame_pair:2487 - [P:22 R:1] ACTION: Strengthening bit 0 (orig_ratio=1.0000, alpha_t=1.1592).
[2025-06-04 08:35:51,996] I ThreadPoolExecutor-0_1 - embed_frame_pair:2487 - [P:166 R:3] ACTION: Strengthening bit 0 (orig_ratio=1.0002, alpha_t=1.1899).
[2025-06-04 08:35:52,029] I ThreadPoolExecutor-0_2 - _embed_single_pair_task:2706 - [P:311] Selected rings by GPU entropy: [2, 1]
[2025-06-04 08:35:52,050] I ThreadPoolExecutor-0_1 - embed_frame_pair:2487 - [P:166 R:4] ACTION: Strengthening bit 0 (orig_ratio=1.0000, alpha_t=1.1843).
[2025-06-04 08:35:52,057] I ThreadPoolExecutor-0_3 - embed_frame_pair:2487 - [P:455 R:3] ACTION: Strengthening bit 1 (orig_ratio=1.0000, inv_a=0.8398).
[2025-06-04 08:35:52,130] I ThreadPoolExecutor-0_3 - embed_frame_pair:2487 - [P:455 R:4] ACTION: Modifying bit 0 -> 1 (tensor).
[2025-06-04 08:35:52,147] I ThreadPoolExecutor-0_0 - _embed_single_pair_task:2706 - [P:23] Selected rings by GPU entropy: [2, 5]
[2025-06-04 08:35:52,174] I ThreadPoolExecutor-0_2 - embed_frame_pair:2487 - [P:311 R:2] ACTION: Strengthening bit 0 (orig_ratio=1.0009, alpha_t=1.1887).
[2025-06-04 08:35:52,238] I ThreadPoolExecutor-0_1 - _embed_single_pair_task:2706 - [P:167] Selected rings by GPU entropy: [7, 2]
[2025-06-04 08:35:52,241] I ThreadPoolExecutor-0_2 - embed_frame_pair:2487 - [P:311 R:1] ACTION: Modifying bit 0 -> 1 (tensor).
[2025-06-04 08:35:52,267] I ThreadPoolExecutor-0_3 - _embed_single_pair_task:2706 - [P:456] Selected rings by GPU entropy: [4, 2]
[2025-06-04 08:35:52,285] I ThreadPoolExecutor-0_0 - embed_frame_pair:2487 - [P:23 R:2] ACTION: Strengthening bit 0 (orig_ratio=1.0000, alpha_t=1.1601).
[2025-06-04 08:35:52,358] I ThreadPoolExecutor-0_0 - embed_frame_pair:2487 - [P:23 R:5] ACTION: Modifying bit 1 -> 0 (tensor).
[2025-06-04 08:35:52,385] I ThreadPoolExecutor-0_1 - embed_frame_pair:2487 - [P:167 R:7] ACTION: Modifying bit 0 -> 1 (tensor).
[2025-06-04 08:35:52,398] I ThreadPoolExecutor-0_2 - _embed_single_pair_task:2706 - [P:312] Selected rings by GPU entropy: [2, 1]
[2025-06-04 08:35:52,404] I ThreadPoolExecutor-0_3 - embed_frame_pair:2487 - [P:456 R:4] ACTION: Modifying bit 1 -> 0 (tensor).
[2025-06-04 08:35:52,441] I ThreadPoolExecutor-0_1 - embed_frame_pair:2487 - [P:167 R:2] ACTION: Modifying bit 0 -> 1 (tensor).
[2025-06-04 08:35:52,477] I ThreadPoolExecutor-0_3 - embed_frame_pair:2487 - [P:456 R:2] ACTION: Strengthening bit 0 (orig_ratio=1.0002, alpha_t=1.1872).
[2025-06-04 08:35:52,520] I ThreadPoolExecutor-0_0 - _embed_single_pair_task:2706 - [P:24] Selected rings by GPU entropy: [1, 6]
[2025-06-04 08:35:52,547] I ThreadPoolExecutor-0_2 - embed_frame_pair:2487 - [P:312 R:2] ACTION: Strengthening bit 1 (orig_ratio=0.9996, inv_a=0.8410).
[2025-06-04 08:35:52,620] I ThreadPoolExecutor-0_2 - embed_frame_pair:2487 - [P:312 R:1] ACTION: Strengthening bit 0 (orig_ratio=1.0003, alpha_t=1.1792).
[2025-06-04 08:35:52,622] I ThreadPoolExecutor-0_1 - _embed_single_pair_task:2706 - [P:168] Selected rings by GPU entropy: [4, 6]
[2025-06-04 08:35:52,627] I ThreadPoolExecutor-0_3 - _embed_single_pair_task:2706 - [P:457] Selected rings by GPU entropy: [4, 1]
[2025-06-04 08:35:52,663] I ThreadPoolExecutor-0_0 - embed_frame_pair:2487 - [P:24 R:1] ACTION: Modifying bit 0 -> 1 (tensor).
[2025-06-04 08:35:52,745] I ThreadPoolExecutor-0_0 - embed_frame_pair:2487 - [P:24 R:6] ACTION: Strengthening bit 1 (orig_ratio=1.0000, inv_a=0.8641).
[2025-06-04 08:35:52,765] I ThreadPoolExecutor-0_3 - embed_frame_pair:2487 - [P:457 R:4] ACTION: Modifying bit 0 -> 1 (tensor).
[2025-06-04 08:35:52,772] I ThreadPoolExecutor-0_1 - embed_frame_pair:2487 - [P:168 R:4] ACTION: Modifying bit 1 -> 0 (tensor).
[2025-06-04 08:35:52,775] I ThreadPoolExecutor-0_2 - _embed_single_pair_task:2706 - [P:313] Selected rings by GPU entropy: [3, 4]
[2025-06-04 08:35:52,816] I ThreadPoolExecutor-0_3 - embed_frame_pair:2487 - [P:457 R:1] ACTION: Modifying bit 0 -> 1 (tensor).
[2025-06-04 08:35:52,831] I ThreadPoolExecutor-0_1 - embed_frame_pair:2487 - [P:168 R:6] ACTION: Modifying bit 1 -> 0 (tensor).
[2025-06-04 08:35:52,903] I ThreadPoolExecutor-0_0 - _embed_single_pair_task:2706 - [P:25] Selected rings by GPU entropy: [2, 6]
[2025-06-04 08:35:52,910] I ThreadPoolExecutor-0_2 - embed_frame_pair:2487 - [P:313 R:3] ACTION: Strengthening bit 0 (orig_ratio=1.0000, alpha_t=1.1668).
[2025-06-04 08:35:52,987] I ThreadPoolExecutor-0_2 - embed_frame_pair:2487 - [P:313 R:4] ACTION: Strengthening bit 1 (orig_ratio=0.9999, inv_a=0.8604).
[2025-06-04 08:35:52,990] I ThreadPoolExecutor-0_3 - _embed_single_pair_task:2706 - [P:458] Selected rings by GPU entropy: [2, 0]
[2025-06-04 08:35:53,017] I ThreadPoolExecutor-0_1 - _embed_single_pair_task:2706 - [P:169] Selected rings by GPU entropy: [3, 4]
[2025-06-04 08:35:53,063] I ThreadPoolExecutor-0_0 - embed_frame_pair:2487 - [P:25 R:2] ACTION: Strengthening bit 0 (orig_ratio=1.0000, alpha_t=1.1602).
[2025-06-04 08:35:53,125] I ThreadPoolExecutor-0_0 - embed_frame_pair:2487 - [P:25 R:6] ACTION: Modifying bit 1 -> 0 (tensor).
[2025-06-04 08:35:53,125] I ThreadPoolExecutor-0_3 - embed_frame_pair:2487 - [P:458 R:2] ACTION: Modifying bit 0 -> 1 (tensor).
[2025-06-04 08:35:53,135] I ThreadPoolExecutor-0_2 - _embed_single_pair_task:2706 - [P:314] Selected rings by GPU entropy: [2, 3]
[2025-06-04 08:35:53,156] I ThreadPoolExecutor-0_1 - embed_frame_pair:2487 - [P:169 R:3] ACTION: Strengthening bit 1 (orig_ratio=0.9999, inv_a=0.8402).
[2025-06-04 08:35:53,190] I ThreadPoolExecutor-0_3 - embed_frame_pair:2487 - [P:458 R:0] ACTION: Strengthening bit 1 (orig_ratio=0.9999, inv_a=0.8452).
[2025-06-04 08:35:53,222] I ThreadPoolExecutor-0_1 - embed_frame_pair:2487 - [P:169 R:4] ACTION: Strengthening bit 1 (orig_ratio=0.9999, inv_a=0.8443).
[2025-06-04 08:35:53,266] I ThreadPoolExecutor-0_2 - embed_frame_pair:2487 - [P:314 R:2] ACTION: Strengthening bit 1 (orig_ratio=0.9990, inv_a=0.8413).
[2025-06-04 08:35:53,280] I ThreadPoolExecutor-0_0 - _embed_single_pair_task:2706 - [P:26] Selected rings by GPU entropy: [1, 7]
[2025-06-04 08:35:53,331] I ThreadPoolExecutor-0_2 - embed_frame_pair:2487 - [P:314 R:3] ACTION: Modifying bit 0 -> 1 (tensor).
[2025-06-04 08:35:53,341] I ThreadPoolExecutor-0_3 - _embed_single_pair_task:2706 - [P:459] Selected rings by GPU entropy: [3, 2]
[2025-06-04 08:35:53,415] I ThreadPoolExecutor-0_1 - _embed_single_pair_task:2706 - [P:170] Selected rings by GPU entropy: [7, 6]
[2025-06-04 08:35:53,427] I ThreadPoolExecutor-0_0 - embed_frame_pair:2487 - [P:26 R:1] ACTION: Modifying bit 0 -> 1 (tensor).
[2025-06-04 08:35:53,471] I ThreadPoolExecutor-0_3 - embed_frame_pair:2487 - [P:459 R:3] ACTION: Modifying bit 1 -> 0 (tensor).
[2025-06-04 08:35:53,499] I ThreadPoolExecutor-0_0 - embed_frame_pair:2487 - [P:26 R:7] ACTION: Strengthening bit 1 (orig_ratio=0.9999, inv_a=0.8630).
[2025-06-04 08:35:53,499] I ThreadPoolExecutor-0_2 - _embed_single_pair_task:2706 - [P:315] Selected rings by GPU entropy: [0, 5]
[2025-06-04 08:35:53,521] I ThreadPoolExecutor-0_3 - embed_frame_pair:2487 - [P:459 R:2] ACTION: Modifying bit 0 -> 1 (tensor).
[2025-06-04 08:35:53,570] I ThreadPoolExecutor-0_1 - embed_frame_pair:2487 - [P:170 R:7] ACTION: Strengthening bit 1 (orig_ratio=0.9999, inv_a=0.8465).
[2025-06-04 08:35:53,608] I ThreadPoolExecutor-0_1 - embed_frame_pair:2487 - [P:170 R:6] ACTION: Modifying bit 0 -> 1 (tensor).
[2025-06-04 08:35:53,624] I ThreadPoolExecutor-0_2 - embed_frame_pair:2487 - [P:315 R:0] ACTION: Modifying bit 0 -> 1 (tensor).
[2025-06-04 08:35:53,673] I ThreadPoolExecutor-0_0 - _embed_single_pair_task:2706 - [P:27] Selected rings by GPU entropy: [2, 1]
[2025-06-04 08:35:53,675] I ThreadPoolExecutor-0_3 - _embed_single_pair_task:2706 - [P:460] Selected rings by GPU entropy: [3, 5]
[2025-06-04 08:35:53,680] I ThreadPoolExecutor-0_2 - embed_frame_pair:2487 - [P:315 R:5] ACTION: Strengthening bit 1 (orig_ratio=0.9988, inv_a=0.8625).
[2025-06-04 08:35:53,799] I ThreadPoolExecutor-0_1 - _embed_single_pair_task:2706 - [P:171] Selected rings by GPU entropy: [3, 4]
[2025-06-04 08:35:53,826] I ThreadPoolExecutor-0_3 - embed_frame_pair:2487 - [P:460 R:3] ACTION: Strengthening bit 1 (orig_ratio=0.9998, inv_a=0.8396).
[2025-06-04 08:35:53,829] I ThreadPoolExecutor-0_0 - embed_frame_pair:2487 - [P:27 R:2] ACTION: Modifying bit 0 -> 1 (tensor).
[2025-06-04 08:35:53,847] I ThreadPoolExecutor-0_2 - _embed_single_pair_task:2706 - [P:316] Selected rings by GPU entropy: [3, 0]
[2025-06-04 08:35:53,881] I ThreadPoolExecutor-0_3 - embed_frame_pair:2487 - [P:460 R:5] ACTION: Modifying bit 1 -> 0 (tensor).
[2025-06-04 08:35:53,890] I ThreadPoolExecutor-0_0 - embed_frame_pair:2487 - [P:27 R:1] ACTION: Modifying bit 0 -> 1 (tensor).
[2025-06-04 08:35:53,976] I ThreadPoolExecutor-0_1 - embed_frame_pair:2487 - [P:171 R:3] ACTION: Modifying bit 1 -> 0 (tensor).
[2025-06-04 08:35:53,978] I ThreadPoolExecutor-0_2 - embed_frame_pair:2487 - [P:316 R:3] ACTION: Strengthening bit 0 (orig_ratio=1.0004, alpha_t=1.1674).
[2025-06-04 08:35:54,030] I ThreadPoolExecutor-0_1 - embed_frame_pair:2487 - [P:171 R:4] ACTION: Strengthening bit 1 (orig_ratio=0.9999, inv_a=0.8443).
[2025-06-04 08:35:54,038] I ThreadPoolExecutor-0_2 - embed_frame_pair:2487 - [P:316 R:0] ACTION: Strengthening bit 0 (orig_ratio=1.0011, alpha_t=1.1646).
[2025-06-04 08:35:54,052] I ThreadPoolExecutor-0_3 - _embed_single_pair_task:2706 - [P:461] Selected rings by GPU entropy: [3, 4]
[2025-06-04 08:35:54,059] I ThreadPoolExecutor-0_0 - _embed_single_pair_task:2706 - [P:28] Selected rings by GPU entropy: [1, 7]
[2025-06-04 08:35:54,193] I ThreadPoolExecutor-0_1 - _embed_single_pair_task:2706 - [P:172] Selected rings by GPU entropy: [7, 6]
[2025-06-04 08:35:54,202] I ThreadPoolExecutor-0_2 - _embed_single_pair_task:2706 - [P:317] Selected rings by GPU entropy: [2, 3]
[2025-06-04 08:35:54,203] I ThreadPoolExecutor-0_3 - embed_frame_pair:2487 - [P:461 R:3] ACTION: Modifying bit 1 -> 0 (tensor).
[2025-06-04 08:35:54,204] I ThreadPoolExecutor-0_0 - embed_frame_pair:2487 - [P:28 R:1] ACTION: Strengthening bit 1 (orig_ratio=1.0000, inv_a=0.8622).
[2025-06-04 08:35:54,273] I ThreadPoolExecutor-0_3 - embed_frame_pair:2487 - [P:461 R:4] ACTION: Modifying bit 0 -> 1 (tensor).
[2025-06-04 08:35:54,280] I ThreadPoolExecutor-0_0 - embed_frame_pair:2487 - [P:28 R:7] ACTION: Strengthening bit 0 (orig_ratio=1.0001, alpha_t=1.1583).
[2025-06-04 08:35:54,344] I ThreadPoolExecutor-0_1 - embed_frame_pair:2487 - [P:172 R:7] ACTION: Modifying bit 0 -> 1 (tensor).
[2025-06-04 08:35:54,348] I ThreadPoolExecutor-0_2 - embed_frame_pair:2487 - [P:317 R:2] ACTION: Modifying bit 1 -> 0 (tensor).
[2025-06-04 08:35:54,380] I ThreadPoolExecutor-0_1 - embed_frame_pair:2487 - [P:172 R:6] ACTION: Strengthening bit 0 (orig_ratio=1.0000, alpha_t=1.1815).
[2025-06-04 08:35:54,387] I ThreadPoolExecutor-0_2 - embed_frame_pair:2487 - [P:317 R:3] ACTION: Strengthening bit 0 (orig_ratio=1.0006, alpha_t=1.1678).
[2025-06-04 08:35:54,452] I ThreadPoolExecutor-0_0 - _embed_single_pair_task:2706 - [P:29] Selected rings by GPU entropy: [7, 6]
[2025-06-04 08:35:54,454] I ThreadPoolExecutor-0_3 - _embed_single_pair_task:2706 - [P:462] Selected rings by GPU entropy: [4, 2]
[2025-06-04 08:35:54,586] I ThreadPoolExecutor-0_1 - _embed_single_pair_task:2706 - [P:173] Selected rings by GPU entropy: [4, 7]
[2025-06-04 08:35:54,588] I ThreadPoolExecutor-0_2 - _embed_single_pair_task:2706 - [P:318] Selected rings by GPU entropy: [2, 1]
[2025-06-04 08:35:54,606] I ThreadPoolExecutor-0_3 - embed_frame_pair:2487 - [P:462 R:4] ACTION: Modifying bit 1 -> 0 (tensor).
[2025-06-04 08:35:54,607] I ThreadPoolExecutor-0_0 - embed_frame_pair:2487 - [P:29 R:7] ACTION: Strengthening bit 0 (orig_ratio=1.0000, alpha_t=1.1576).
[2025-06-04 08:35:54,652] I ThreadPoolExecutor-0_3 - embed_frame_pair:2487 - [P:462 R:2] ACTION: Modifying bit 0 -> 1 (tensor).
[2025-06-04 08:35:54,659] I ThreadPoolExecutor-0_0 - embed_frame_pair:2487 - [P:29 R:6] ACTION: Modifying bit 1 -> 0 (tensor).
[2025-06-04 08:35:54,713] I ThreadPoolExecutor-0_1 - embed_frame_pair:2487 - [P:173 R:4] ACTION: Strengthening bit 0 (orig_ratio=1.0004, alpha_t=1.1843).
[2025-06-04 08:35:54,760] I ThreadPoolExecutor-0_1 - embed_frame_pair:2487 - [P:173 R:7] ACTION: Modifying bit 0 -> 1 (tensor).
[2025-06-04 08:35:54,765] I ThreadPoolExecutor-0_2 - embed_frame_pair:2487 - [P:318 R:2] ACTION: Modifying bit 1 -> 0 (tensor).
[2025-06-04 08:35:54,822] I ThreadPoolExecutor-0_0 - _embed_single_pair_task:2706 - [P:30] Selected rings by GPU entropy: [2, 0]
[2025-06-04 08:35:54,826] I ThreadPoolExecutor-0_3 - _embed_single_pair_task:2706 - [P:463] Selected rings by GPU entropy: [3, 0]
[2025-06-04 08:35:54,832] I ThreadPoolExecutor-0_2 - embed_frame_pair:2487 - [P:318 R:1] ACTION: Strengthening bit 0 (orig_ratio=1.0006, alpha_t=1.1821).
[2025-06-04 08:35:54,948] I ThreadPoolExecutor-0_1 - _embed_single_pair_task:2706 - [P:174] Selected rings by GPU entropy: [3, 7]
[2025-06-04 08:35:54,971] I ThreadPoolExecutor-0_0 - embed_frame_pair:2487 - [P:30 R:2] ACTION: Strengthening bit 0 (orig_ratio=1.0000, alpha_t=1.1601).
[2025-06-04 08:35:54,971] I ThreadPoolExecutor-0_3 - embed_frame_pair:2487 - [P:463 R:3] ACTION: Strengthening bit 1 (orig_ratio=1.0000, inv_a=0.8398).
[2025-06-04 08:35:55,025] I ThreadPoolExecutor-0_0 - embed_frame_pair:2487 - [P:30 R:0] ACTION: Strengthening bit 0 (orig_ratio=1.0001, alpha_t=1.1568).
[2025-06-04 08:35:55,026] I ThreadPoolExecutor-0_3 - embed_frame_pair:2487 - [P:463 R:0] ACTION: Strengthening bit 1 (orig_ratio=0.9999, inv_a=0.8450).
[2025-06-04 08:35:55,066] I ThreadPoolExecutor-0_1 - embed_frame_pair:2487 - [P:174 R:3] ACTION: Strengthening bit 0 (orig_ratio=1.0001, alpha_t=1.1900).
[2025-06-04 08:35:55,076] I ThreadPoolExecutor-0_2 - _embed_single_pair_task:2706 - [P:319] Selected rings by GPU entropy: [2, 1]
[2025-06-04 08:35:55,112] I ThreadPoolExecutor-0_1 - embed_frame_pair:2487 - [P:174 R:7] ACTION: Modifying bit 0 -> 1 (tensor).
[2025-06-04 08:35:55,192] I ThreadPoolExecutor-0_0 - _embed_single_pair_task:2706 - [P:31] Selected rings by GPU entropy: [2, 0]
[2025-06-04 08:35:55,195] I ThreadPoolExecutor-0_3 - _embed_single_pair_task:2706 - [P:464] Selected rings by GPU entropy: [3, 5]
[2025-06-04 08:35:55,219] I ThreadPoolExecutor-0_2 - embed_frame_pair:2487 - [P:319 R:2] ACTION: Modifying bit 1 -> 0 (tensor).
[2025-06-04 08:35:55,306] I ThreadPoolExecutor-0_1 - _embed_single_pair_task:2706 - [P:175] Selected rings by GPU entropy: [3, 6]
[2025-06-04 08:35:55,308] I ThreadPoolExecutor-0_2 - embed_frame_pair:2487 - [P:319 R:1] ACTION: Modifying bit 0 -> 1 (tensor).
[2025-06-04 08:35:55,343] I ThreadPoolExecutor-0_3 - embed_frame_pair:2487 - [P:464 R:3] ACTION: Strengthening bit 0 (orig_ratio=1.0000, alpha_t=1.1907).
[2025-06-04 08:35:55,349] I ThreadPoolExecutor-0_0 - embed_frame_pair:2487 - [P:31 R:2] ACTION: Strengthening bit 0 (orig_ratio=1.0000, alpha_t=1.1601).
[2025-06-04 08:35:55,400] I ThreadPoolExecutor-0_3 - embed_frame_pair:2487 - [P:464 R:5] ACTION: Modifying bit 0 -> 1 (tensor).
[2025-06-04 08:35:55,401] I ThreadPoolExecutor-0_0 - embed_frame_pair:2487 - [P:31 R:0] ACTION: Modifying bit 1 -> 0 (tensor).
[2025-06-04 08:35:55,434] I ThreadPoolExecutor-0_1 - embed_frame_pair:2487 - [P:175 R:3] ACTION: Modifying bit 0 -> 1 (tensor).
[2025-06-04 08:35:55,478] I ThreadPoolExecutor-0_2 - _embed_single_pair_task:2706 - [P:320] Selected rings by GPU entropy: [2, 0]
[2025-06-04 08:35:55,489] I ThreadPoolExecutor-0_1 - embed_frame_pair:2487 - [P:175 R:6] ACTION: Modifying bit 0 -> 1 (tensor).
[2025-06-04 08:35:55,578] I ThreadPoolExecutor-0_3 - _embed_single_pair_task:2706 - [P:465] Selected rings by GPU entropy: [3, 5]
[2025-06-04 08:35:55,589] I ThreadPoolExecutor-0_0 - _embed_single_pair_task:2706 - [P:32] Selected rings by GPU entropy: [1, 7]
[2025-06-04 08:35:55,656] I ThreadPoolExecutor-0_2 - embed_frame_pair:2487 - [P:320 R:2] ACTION: Modifying bit 1 -> 0 (tensor).
[2025-06-04 08:35:55,694] I ThreadPoolExecutor-0_1 - _embed_single_pair_task:2706 - [P:176] Selected rings by GPU entropy: [2, 7]
[2025-06-04 08:35:55,713] I ThreadPoolExecutor-0_2 - embed_frame_pair:2487 - [P:320 R:0] ACTION: Modifying bit 0 -> 1 (tensor).
[2025-06-04 08:35:55,721] I ThreadPoolExecutor-0_3 - embed_frame_pair:2487 - [P:465 R:3] ACTION: Strengthening bit 1 (orig_ratio=0.9999, inv_a=0.8398).
[2025-06-04 08:35:55,728] I ThreadPoolExecutor-0_0 - embed_frame_pair:2487 - [P:32 R:1] ACTION: Modifying bit 1 -> 0 (tensor).
[2025-06-04 08:35:55,786] I ThreadPoolExecutor-0_3 - embed_frame_pair:2487 - [P:465 R:5] ACTION: Strengthening bit 1 (orig_ratio=1.0000, inv_a=0.8412).
[2025-06-04 08:35:55,786] I ThreadPoolExecutor-0_0 - embed_frame_pair:2487 - [P:32 R:7] ACTION: Strengthening bit 0 (orig_ratio=1.0003, alpha_t=1.1563).
[2025-06-04 08:35:55,831] I ThreadPoolExecutor-0_1 - embed_frame_pair:2487 - [P:176 R:2] ACTION: Modifying bit 1 -> 0 (tensor).
[2025-06-04 08:35:55,864] I ThreadPoolExecutor-0_2 - _embed_single_pair_task:2706 - [P:321] Selected rings by GPU entropy: [2, 1]
[2025-06-04 08:35:55,877] I ThreadPoolExecutor-0_1 - embed_frame_pair:2487 - [P:176 R:7] ACTION: Modifying bit 0 -> 1 (tensor).
[2025-06-04 08:35:55,966] I ThreadPoolExecutor-0_3 - _embed_single_pair_task:2706 - [P:466] Selected rings by GPU entropy: [4, 1]
[2025-06-04 08:35:55,972] I ThreadPoolExecutor-0_0 - _embed_single_pair_task:2706 - [P:33] Selected rings by GPU entropy: [1, 7]
[2025-06-04 08:35:56,043] I ThreadPoolExecutor-0_2 - embed_frame_pair:2487 - [P:321 R:2] ACTION: Strengthening bit 1 (orig_ratio=0.9983, inv_a=0.8446).
[2025-06-04 08:35:56,080] I ThreadPoolExecutor-0_1 - _embed_single_pair_task:2706 - [P:177] Selected rings by GPU entropy: [3, 0]
[2025-06-04 08:35:56,094] I ThreadPoolExecutor-0_2 - embed_frame_pair:2487 - [P:321 R:1] ACTION: Modifying bit 0 -> 1 (tensor).
[2025-06-04 08:35:56,108] I ThreadPoolExecutor-0_3 - embed_frame_pair:2487 - [P:466 R:4] ACTION: Strengthening bit 1 (orig_ratio=1.0000, inv_a=0.8402).
[2025-06-04 08:35:56,111] I ThreadPoolExecutor-0_0 - embed_frame_pair:2487 - [P:33 R:1] ACTION: Strengthening bit 0 (orig_ratio=1.0000, alpha_t=1.1601).
[2025-06-04 08:35:56,167] I ThreadPoolExecutor-0_3 - embed_frame_pair:2487 - [P:466 R:1] ACTION: Modifying bit 1 -> 0 (tensor).
[2025-06-04 08:35:56,176] I ThreadPoolExecutor-0_0 - embed_frame_pair:2487 - [P:33 R:7] ACTION: Strengthening bit 0 (orig_ratio=1.0003, alpha_t=1.1560).
[2025-06-04 08:35:56,222] I ThreadPoolExecutor-0_1 - embed_frame_pair:2487 - [P:177 R:3] ACTION: Modifying bit 0 -> 1 (tensor).
[2025-06-04 08:35:56,249] I ThreadPoolExecutor-0_2 - _embed_single_pair_task:2706 - [P:322] Selected rings by GPU entropy: [2, 1]
[2025-06-04 08:35:56,275] I ThreadPoolExecutor-0_1 - embed_frame_pair:2487 - [P:177 R:0] ACTION: Modifying bit 0 -> 1 (tensor).
[2025-06-04 08:35:56,332] I ThreadPoolExecutor-0_3 - _embed_single_pair_task:2706 - [P:467] Selected rings by GPU entropy: [5, 1]
[2025-06-04 08:35:56,371] I ThreadPoolExecutor-0_0 - _embed_single_pair_task:2706 - [P:34] Selected rings by GPU entropy: [1, 7]
[2025-06-04 08:35:56,387] I ThreadPoolExecutor-0_2 - embed_frame_pair:2487 - [P:322 R:2] ACTION: Modifying bit 1 -> 0 (tensor).
[2025-06-04 08:35:56,448] I ThreadPoolExecutor-0_1 - _embed_single_pair_task:2706 - [P:178] Selected rings by GPU entropy: [1, 3]
[2025-06-04 08:35:56,463] I ThreadPoolExecutor-0_2 - embed_frame_pair:2487 - [P:322 R:1] ACTION: Strengthening bit 0 (orig_ratio=1.0003, alpha_t=1.1837).
[2025-06-04 08:35:56,468] I ThreadPoolExecutor-0_3 - embed_frame_pair:2487 - [P:467 R:5] ACTION: Modifying bit 0 -> 1 (tensor).
[2025-06-04 08:35:56,507] I ThreadPoolExecutor-0_0 - embed_frame_pair:2487 - [P:34 R:1] ACTION: Strengthening bit 0 (orig_ratio=1.0001, alpha_t=1.1602).
[2025-06-04 08:35:56,531] I ThreadPoolExecutor-0_3 - embed_frame_pair:2487 - [P:467 R:1] ACTION: Modifying bit 0 -> 1 (tensor).
[2025-06-04 08:35:56,560] I ThreadPoolExecutor-0_0 - embed_frame_pair:2487 - [P:34 R:7] ACTION: Strengthening bit 0 (orig_ratio=1.0001, alpha_t=1.1559).
[2025-06-04 08:35:56,573] I ThreadPoolExecutor-0_1 - embed_frame_pair:2487 - [P:178 R:1] ACTION: Strengthening bit 1 (orig_ratio=0.9999, inv_a=0.8472).
[2025-06-04 08:35:56,621] I ThreadPoolExecutor-0_2 - _embed_single_pair_task:2706 - [P:323] Selected rings by GPU entropy: [1, 0]
[2025-06-04 08:35:56,632] I ThreadPoolExecutor-0_1 - embed_frame_pair:2487 - [P:178 R:3] ACTION: Strengthening bit 0 (orig_ratio=1.0005, alpha_t=1.1769).
[2025-06-04 08:35:56,690] I ThreadPoolExecutor-0_3 - _embed_single_pair_task:2706 - [P:468] Selected rings by GPU entropy: [5, 4]
[2025-06-04 08:35:56,726] I ThreadPoolExecutor-0_0 - _embed_single_pair_task:2706 - [P:35] Selected rings by GPU entropy: [2, 7]
[2025-06-04 08:35:56,768] I ThreadPoolExecutor-0_2 - embed_frame_pair:2487 - [P:323 R:1] ACTION: Strengthening bit 0 (orig_ratio=1.0002, alpha_t=1.1840).
[2025-06-04 08:35:56,796] I ThreadPoolExecutor-0_1 - _embed_single_pair_task:2706 - [P:179] Selected rings by GPU entropy: [2, 4]
[2025-06-04 08:35:56,803] I ThreadPoolExecutor-0_3 - embed_frame_pair:2487 - [P:468 R:5] ACTION: Modifying bit 1 -> 0 (tensor).
[2025-06-04 08:35:56,818] I ThreadPoolExecutor-0_2 - embed_frame_pair:2487 - [P:323 R:0] ACTION: Modifying bit 0 -> 1 (tensor).
[2025-06-04 08:35:56,874] I ThreadPoolExecutor-0_3 - embed_frame_pair:2487 - [P:468 R:4] ACTION: Strengthening bit 1 (orig_ratio=1.0000, inv_a=0.8403).
[2025-06-04 08:35:56,882] I ThreadPoolExecutor-0_0 - embed_frame_pair:2487 - [P:35 R:2] ACTION: Modifying bit 1 -> 0 (tensor).
[2025-06-04 08:35:56,929] I ThreadPoolExecutor-0_1 - embed_frame_pair:2487 - [P:179 R:2] ACTION: Strengthening bit 1 (orig_ratio=0.9996, inv_a=0.8446).
[2025-06-04 08:35:56,945] I ThreadPoolExecutor-0_0 - embed_frame_pair:2487 - [P:35 R:7] ACTION: Strengthening bit 0 (orig_ratio=1.0001, alpha_t=1.1560).
[2025-06-04 08:35:56,977] I ThreadPoolExecutor-0_2 - _embed_single_pair_task:2706 - [P:324] Selected rings by GPU entropy: [1, 4]
[2025-06-04 08:35:56,986] I ThreadPoolExecutor-0_1 - embed_frame_pair:2487 - [P:179 R:4] ACTION: Modifying bit 0 -> 1 (tensor).
[2025-06-04 08:35:57,021] I ThreadPoolExecutor-0_3 - _embed_single_pair_task:2706 - [P:469] Selected rings by GPU entropy: [4, 2]
[2025-06-04 08:35:57,111] I ThreadPoolExecutor-0_0 - _embed_single_pair_task:2706 - [P:36] Selected rings by GPU entropy: [1, 2]
[2025-06-04 08:35:57,130] I ThreadPoolExecutor-0_2 - embed_frame_pair:2487 - [P:324 R:1] ACTION: Strengthening bit 0 (orig_ratio=1.0000, alpha_t=1.1842).
[2025-06-04 08:35:57,153] I ThreadPoolExecutor-0_1 - _embed_single_pair_task:2706 - [P:180] Selected rings by GPU entropy: [2, 3]
[2025-06-04 08:35:57,163] I ThreadPoolExecutor-0_3 - embed_frame_pair:2487 - [P:469 R:4] ACTION: Strengthening bit 1 (orig_ratio=0.9999, inv_a=0.8403).
[2025-06-04 08:35:57,192] I ThreadPoolExecutor-0_2 - embed_frame_pair:2487 - [P:324 R:4] ACTION: Modifying bit 1 -> 0 (tensor).
[2025-06-04 08:35:57,232] I ThreadPoolExecutor-0_3 - embed_frame_pair:2487 - [P:469 R:2] ACTION: Strengthening bit 1 (orig_ratio=0.9996, inv_a=0.8421).
[2025-06-04 08:35:57,247] I ThreadPoolExecutor-0_0 - embed_frame_pair:2487 - [P:36 R:1] ACTION: Strengthening bit 0 (orig_ratio=1.0000, alpha_t=1.1605).
[2025-06-04 08:35:57,281] I ThreadPoolExecutor-0_1 - embed_frame_pair:2487 - [P:180 R:2] ACTION: Modifying bit 1 -> 0 (tensor).
[2025-06-04 08:35:57,302] I ThreadPoolExecutor-0_0 - embed_frame_pair:2487 - [P:36 R:2] ACTION: Strengthening bit 0 (orig_ratio=1.0000, alpha_t=1.1599).
[2025-06-04 08:35:57,354] I ThreadPoolExecutor-0_2 - _embed_single_pair_task:2706 - [P:325] Selected rings by GPU entropy: [1, 0]
[2025-06-04 08:35:57,357] I ThreadPoolExecutor-0_1 - embed_frame_pair:2487 - [P:180 R:3] ACTION: Strengthening bit 1 (orig_ratio=0.9998, inv_a=0.8496).
[2025-06-04 08:35:57,367] I ThreadPoolExecutor-0_3 - _embed_single_pair_task:2706 - [P:470] Selected rings by GPU entropy: [5, 4]
[2025-06-04 08:35:57,489] I ThreadPoolExecutor-0_0 - _embed_single_pair_task:2706 - [P:37] Selected rings by GPU entropy: [2, 0]
[2025-06-04 08:35:57,518] I ThreadPoolExecutor-0_1 - _embed_single_pair_task:2706 - [P:181] Selected rings by GPU entropy: [2, 0]
[2025-06-04 08:35:57,523] I ThreadPoolExecutor-0_3 - embed_frame_pair:2487 - [P:470 R:5] ACTION: Strengthening bit 0 (orig_ratio=1.0000, alpha_t=1.1889).
[2025-06-04 08:35:57,524] I ThreadPoolExecutor-0_2 - embed_frame_pair:2487 - [P:325 R:1] ACTION: Strengthening bit 0 (orig_ratio=1.0002, alpha_t=1.1844).
[2025-06-04 08:35:57,588] I ThreadPoolExecutor-0_3 - embed_frame_pair:2487 - [P:470 R:4] ACTION: Modifying bit 1 -> 0 (tensor).
[2025-06-04 08:35:57,589] I ThreadPoolExecutor-0_2 - embed_frame_pair:2487 - [P:325 R:0] ACTION: Strengthening bit 0 (orig_ratio=1.0021, alpha_t=1.1782).
[2025-06-04 08:35:57,615] I ThreadPoolExecutor-0_0 - embed_frame_pair:2487 - [P:37 R:2] ACTION: Modifying bit 1 -> 0 (tensor).
[2025-06-04 08:35:57,649] I ThreadPoolExecutor-0_1 - embed_frame_pair:2487 - [P:181 R:2] ACTION: Strengthening bit 1 (orig_ratio=0.9999, inv_a=0.8447).
[2025-06-04 08:35:57,668] I ThreadPoolExecutor-0_0 - embed_frame_pair:2487 - [P:37 R:0] ACTION: Strengthening bit 0 (orig_ratio=1.0006, alpha_t=1.1585).
[2025-06-04 08:35:57,685] I ThreadPoolExecutor-0_1 - embed_frame_pair:2487 - [P:181 R:0] ACTION: Modifying bit 0 -> 1 (tensor).
[2025-06-04 08:35:57,761] I ThreadPoolExecutor-0_2 - _embed_single_pair_task:2706 - [P:326] Selected rings by GPU entropy: [0, 3]
[2025-06-04 08:35:57,761] I ThreadPoolExecutor-0_3 - _embed_single_pair_task:2706 - [P:471] Selected rings by GPU entropy: [3, 4]
[2025-06-04 08:35:57,854] I ThreadPoolExecutor-0_0 - _embed_single_pair_task:2706 - [P:38] Selected rings by GPU entropy: [0, 6]
[2025-06-04 08:35:57,865] I ThreadPoolExecutor-0_1 - _embed_single_pair_task:2706 - [P:182] Selected rings by GPU entropy: [1, 0]
[2025-06-04 08:35:57,915] I ThreadPoolExecutor-0_3 - embed_frame_pair:2487 - [P:471 R:3] ACTION: Modifying bit 1 -> 0 (tensor).
[2025-06-04 08:35:57,961] I ThreadPoolExecutor-0_2 - embed_frame_pair:2487 - [P:326 R:0] ACTION: Strengthening bit 0 (orig_ratio=1.0018, alpha_t=1.1795).
[2025-06-04 08:35:57,976] I ThreadPoolExecutor-0_3 - embed_frame_pair:2487 - [P:471 R:4] ACTION: Modifying bit 0 -> 1 (tensor).
[2025-06-04 08:35:57,995] I ThreadPoolExecutor-0_0 - embed_frame_pair:2487 - [P:38 R:0] ACTION: Strengthening bit 0 (orig_ratio=1.0002, alpha_t=1.1598).
[2025-06-04 08:35:58,008] I ThreadPoolExecutor-0_1 - embed_frame_pair:2487 - [P:182 R:1] ACTION: Modifying bit 1 -> 0 (tensor).
[2025-06-04 08:35:58,009] I ThreadPoolExecutor-0_2 - embed_frame_pair:2487 - [P:326 R:3] ACTION: Strengthening bit 0 (orig_ratio=1.0003, alpha_t=1.1729).
[2025-06-04 08:35:58,046] I ThreadPoolExecutor-0_0 - embed_frame_pair:2487 - [P:38 R:6] ACTION: Modifying bit 1 -> 0 (tensor).
[2025-06-04 08:35:58,059] I ThreadPoolExecutor-0_1 - embed_frame_pair:2487 - [P:182 R:0] ACTION: Modifying bit 1 -> 0 (tensor).
[2025-06-04 08:35:58,133] I ThreadPoolExecutor-0_3 - _embed_single_pair_task:2706 - [P:472] Selected rings by GPU entropy: [2, 0]
[2025-06-04 08:35:58,149] I ThreadPoolExecutor-0_2 - _embed_single_pair_task:2706 - [P:327] Selected rings by GPU entropy: [0, 2]
[2025-06-04 08:35:58,220] I ThreadPoolExecutor-0_0 - _embed_single_pair_task:2706 - [P:39] Selected rings by GPU entropy: [7, 6]
[2025-06-04 08:35:58,278] I ThreadPoolExecutor-0_1 - _embed_single_pair_task:2706 - [P:183] Selected rings by GPU entropy: [1, 3]
[2025-06-04 08:35:58,282] I ThreadPoolExecutor-0_3 - embed_frame_pair:2487 - [P:472 R:2] ACTION: Modifying bit 0 -> 1 (tensor).
[2025-06-04 08:35:58,293] I ThreadPoolExecutor-0_2 - embed_frame_pair:2487 - [P:327 R:0] ACTION: Modifying bit 0 -> 1 (tensor).
[2025-06-04 08:35:58,335] I ThreadPoolExecutor-0_3 - embed_frame_pair:2487 - [P:472 R:0] ACTION: Strengthening bit 0 (orig_ratio=1.0002, alpha_t=1.1832).
[2025-06-04 08:35:58,348] I ThreadPoolExecutor-0_0 - embed_frame_pair:2487 - [P:39 R:7] ACTION: Strengthening bit 0 (orig_ratio=1.0003, alpha_t=1.1558).
[2025-06-04 08:35:58,351] I ThreadPoolExecutor-0_2 - embed_frame_pair:2487 - [P:327 R:2] ACTION: Strengthening bit 1 (orig_ratio=0.9989, inv_a=0.8488).
[2025-06-04 08:35:58,404] I ThreadPoolExecutor-0_1 - embed_frame_pair:2487 - [P:183 R:1] ACTION: Modifying bit 1 -> 0 (tensor).
[2025-06-04 08:35:58,406] I ThreadPoolExecutor-0_0 - embed_frame_pair:2487 - [P:39 R:6] ACTION: Strengthening bit 0 (orig_ratio=1.0002, alpha_t=1.1545).
[2025-06-04 08:35:58,459] I ThreadPoolExecutor-0_1 - embed_frame_pair:2487 - [P:183 R:3] ACTION: Strengthening bit 1 (orig_ratio=0.9995, inv_a=0.8510).
[2025-06-04 08:35:58,501] I ThreadPoolExecutor-0_3 - _embed_single_pair_task:2706 - [P:473] Selected rings by GPU entropy: [3, 5]
[2025-06-04 08:35:58,518] I ThreadPoolExecutor-0_2 - _embed_single_pair_task:2706 - [P:328] Selected rings by GPU entropy: [3, 4]
[2025-06-04 08:35:58,535] I ThreadPoolExecutor-0_0 - _embed_single_pair_task:2706 - [P:40] Selected rings by GPU entropy: [0, 6]
[2025-06-04 08:35:58,650] I ThreadPoolExecutor-0_1 - _embed_single_pair_task:2706 - [P:184] Selected rings by GPU entropy: [2, 1]
[2025-06-04 08:35:58,650] I ThreadPoolExecutor-0_3 - embed_frame_pair:2487 - [P:473 R:3] ACTION: Modifying bit 1 -> 0 (tensor).
[2025-06-04 08:35:58,673] I ThreadPoolExecutor-0_2 - embed_frame_pair:2487 - [P:328 R:3] ACTION: Strengthening bit 0 (orig_ratio=1.0004, alpha_t=1.1733).
[2025-06-04 08:35:58,695] I ThreadPoolExecutor-0_0 - embed_frame_pair:2487 - [P:40 R:0] ACTION: Strengthening bit 0 (orig_ratio=1.0015, alpha_t=1.1640).
[2025-06-04 08:35:58,704] I ThreadPoolExecutor-0_3 - embed_frame_pair:2487 - [P:473 R:5] ACTION: Strengthening bit 1 (orig_ratio=0.9999, inv_a=0.8411).
[2025-06-04 08:35:58,736] I ThreadPoolExecutor-0_2 - embed_frame_pair:2487 - [P:328 R:4] ACTION: Strengthening bit 0 (orig_ratio=1.0001, alpha_t=1.1612).
[2025-06-04 08:35:58,744] I ThreadPoolExecutor-0_0 - embed_frame_pair:2487 - [P:40 R:6] ACTION: Strengthening bit 0 (orig_ratio=1.0004, alpha_t=1.1548).
[2025-06-04 08:35:58,772] I ThreadPoolExecutor-0_1 - embed_frame_pair:2487 - [P:184 R:2] ACTION: Modifying bit 0 -> 1 (tensor).
[2025-06-04 08:35:58,825] I ThreadPoolExecutor-0_1 - embed_frame_pair:2487 - [P:184 R:1] ACTION: Strengthening bit 0 (orig_ratio=1.0000, alpha_t=1.1808).
[2025-06-04 08:35:58,835] I ThreadPoolExecutor-0_3 - _embed_single_pair_task:2706 - [P:474] Selected rings by GPU entropy: [5, 4]
[2025-06-04 08:35:58,918] I ThreadPoolExecutor-0_2 - _embed_single_pair_task:2706 - [P:329] Selected rings by GPU entropy: [1, 2]
[2025-06-04 08:35:58,930] I ThreadPoolExecutor-0_0 - _embed_single_pair_task:2706 - [P:41] Selected rings by GPU entropy: [2, 6]
[2025-06-04 08:35:58,982] I ThreadPoolExecutor-0_3 - embed_frame_pair:2487 - [P:474 R:5] ACTION: Strengthening bit 1 (orig_ratio=0.9999, inv_a=0.8411).
[2025-06-04 08:35:58,999] I ThreadPoolExecutor-0_1 - _embed_single_pair_task:2706 - [P:185] Selected rings by GPU entropy: [2, 3]
[2025-06-04 08:35:59,045] I ThreadPoolExecutor-0_3 - embed_frame_pair:2487 - [P:474 R:4] ACTION: Strengthening bit 1 (orig_ratio=0.9999, inv_a=0.8403).
[2025-06-04 08:35:59,064] I ThreadPoolExecutor-0_2 - embed_frame_pair:2487 - [P:329 R:1] ACTION: Modifying bit 0 -> 1 (tensor).
[2025-06-04 08:35:59,083] I ThreadPoolExecutor-0_0 - embed_frame_pair:2487 - [P:41 R:2] ACTION: Strengthening bit 0 (orig_ratio=1.0003, alpha_t=1.1606).
[2025-06-04 08:35:59,118] I ThreadPoolExecutor-0_2 - embed_frame_pair:2487 - [P:329 R:2] ACTION: Strengthening bit 1 (orig_ratio=0.9990, inv_a=0.8501).
[2025-06-04 08:35:59,126] I ThreadPoolExecutor-0_1 - embed_frame_pair:2487 - [P:185 R:2] ACTION: Modifying bit 1 -> 0 (tensor).
[2025-06-04 08:35:59,127] I ThreadPoolExecutor-0_0 - embed_frame_pair:2487 - [P:41 R:6] ACTION: Strengthening bit 0 (orig_ratio=1.0015, alpha_t=1.1561).
[2025-06-04 08:35:59,189] I ThreadPoolExecutor-0_1 - embed_frame_pair:2487 - [P:185 R:3] ACTION: Modifying bit 0 -> 1 (tensor).
[2025-06-04 08:35:59,194] I ThreadPoolExecutor-0_3 - _embed_single_pair_task:2706 - [P:475] Selected rings by GPU entropy: [5, 2]
[2025-06-04 08:35:59,295] I ThreadPoolExecutor-0_2 - _embed_single_pair_task:2706 - [P:330] Selected rings by GPU entropy: [0, 1]
[2025-06-04 08:35:59,297] I ThreadPoolExecutor-0_0 - _embed_single_pair_task:2706 - [P:42] Selected rings by GPU entropy: [2, 6]
[2025-06-04 08:35:59,325] I ThreadPoolExecutor-0_3 - embed_frame_pair:2487 - [P:475 R:5] ACTION: Strengthening bit 1 (orig_ratio=0.9999, inv_a=0.8411).
[2025-06-04 08:35:59,348] I ThreadPoolExecutor-0_1 - _embed_single_pair_task:2706 - [P:186] Selected rings by GPU entropy: [1, 3]
[2025-06-04 08:35:59,413] I ThreadPoolExecutor-0_3 - embed_frame_pair:2487 - [P:475 R:2] ACTION: Strengthening bit 1 (orig_ratio=0.9998, inv_a=0.8419).
[2025-06-04 08:35:59,455] I ThreadPoolExecutor-0_2 - embed_frame_pair:2487 - [P:330 R:0] ACTION: Modifying bit 0 -> 1 (tensor).
[2025-06-04 08:35:59,460] I ThreadPoolExecutor-0_0 - embed_frame_pair:2487 - [P:42 R:2] ACTION: Strengthening bit 0 (orig_ratio=1.0005, alpha_t=1.1612).
[2025-06-04 08:35:59,483] I ThreadPoolExecutor-0_1 - embed_frame_pair:2487 - [P:186 R:1] ACTION: Strengthening bit 1 (orig_ratio=0.9998, inv_a=0.8468).
[2025-06-04 08:35:59,505] I ThreadPoolExecutor-0_2 - embed_frame_pair:2487 - [P:330 R:1] ACTION: Strengthening bit 1 (orig_ratio=0.9998, inv_a=0.8441).
[2025-06-04 08:35:59,507] I ThreadPoolExecutor-0_0 - embed_frame_pair:2487 - [P:42 R:6] ACTION: Strengthening bit 0 (orig_ratio=1.0016, alpha_t=1.1578).
[2025-06-04 08:35:59,552] I ThreadPoolExecutor-0_1 - embed_frame_pair:2487 - [P:186 R:3] ACTION: Strengthening bit 1 (orig_ratio=0.9998, inv_a=0.8512).
[2025-06-04 08:35:59,576] I ThreadPoolExecutor-0_3 - _embed_single_pair_task:2706 - [P:476] Selected rings by GPU entropy: [3, 4]
[2025-06-04 08:35:59,696] I ThreadPoolExecutor-0_0 - _embed_single_pair_task:2706 - [P:43] Selected rings by GPU entropy: [0, 2]
[2025-06-04 08:35:59,699] I ThreadPoolExecutor-0_2 - _embed_single_pair_task:2706 - [P:331] Selected rings by GPU entropy: [0, 2]
[2025-06-04 08:35:59,710] I ThreadPoolExecutor-0_1 - _embed_single_pair_task:2706 - [P:187] Selected rings by GPU entropy: [1, 0]
[2025-06-04 08:35:59,714] I ThreadPoolExecutor-0_3 - embed_frame_pair:2487 - [P:476 R:3] ACTION: Strengthening bit 0 (orig_ratio=1.0001, alpha_t=1.1905).
[2025-06-04 08:35:59,746] I ThreadPoolExecutor-0_3 - embed_frame_pair:2487 - [P:476 R:4] ACTION: Modifying bit 1 -> 0 (tensor).
[2025-06-04 08:35:59,872] I ThreadPoolExecutor-0_0 - embed_frame_pair:2487 - [P:43 R:0] ACTION: Strengthening bit 0 (orig_ratio=1.0028, alpha_t=1.1707).
[2025-06-04 08:35:59,900] I ThreadPoolExecutor-0_2 - embed_frame_pair:2487 - [P:331 R:0] ACTION: Strengthening bit 0 (orig_ratio=1.0015, alpha_t=1.1858).
[2025-06-04 08:35:59,903] I ThreadPoolExecutor-0_1 - embed_frame_pair:2487 - [P:187 R:1] ACTION: Strengthening bit 1 (orig_ratio=0.9999, inv_a=0.8467).
[2025-06-04 08:35:59,911] I ThreadPoolExecutor-0_3 - _embed_single_pair_task:2706 - [P:477] Selected rings by GPU entropy: [5, 4]
[2025-06-04 08:35:59,923] I ThreadPoolExecutor-0_0 - embed_frame_pair:2487 - [P:43 R:2] ACTION: Strengthening bit 0 (orig_ratio=1.0004, alpha_t=1.1623).
[2025-06-04 08:35:59,962] I ThreadPoolExecutor-0_2 - embed_frame_pair:2487 - [P:331 R:2] ACTION: Strengthening bit 1 (orig_ratio=0.9996, inv_a=0.8512).
[2025-06-04 08:35:59,967] I ThreadPoolExecutor-0_1 - embed_frame_pair:2487 - [P:187 R:0] ACTION: Modifying bit 0 -> 1 (tensor).
[2025-06-04 08:36:00,054] I ThreadPoolExecutor-0_3 - embed_frame_pair:2487 - [P:477 R:5] ACTION: Modifying bit 1 -> 0 (tensor).
[2025-06-04 08:36:00,072] I ThreadPoolExecutor-0_0 - _embed_single_pair_task:2706 - [P:44] Selected rings by GPU entropy: [2, 6]
[2025-06-04 08:36:00,099] I ThreadPoolExecutor-0_3 - embed_frame_pair:2487 - [P:477 R:4] ACTION: Modifying bit 1 -> 0 (tensor).
[2025-06-04 08:36:00,141] I ThreadPoolExecutor-0_1 - _embed_single_pair_task:2706 - [P:188] Selected rings by GPU entropy: [1, 4]
[2025-06-04 08:36:00,195] I ThreadPoolExecutor-0_2 - _embed_single_pair_task:2706 - [P:332] Selected rings by GPU entropy: [1, 4]
[2025-06-04 08:36:00,219] I ThreadPoolExecutor-0_0 - embed_frame_pair:2487 - [P:44 R:2] ACTION: Strengthening bit 0 (orig_ratio=1.0008, alpha_t=1.1628).
[2025-06-04 08:36:00,254] I ThreadPoolExecutor-0_3 - _embed_single_pair_task:2706 - [P:478] Selected rings by GPU entropy: [2, 0]
[2025-06-04 08:36:00,290] I ThreadPoolExecutor-0_1 - embed_frame_pair:2487 - [P:188 R:1] ACTION: Modifying bit 1 -> 0 (tensor).
[2025-06-04 08:36:00,291] I ThreadPoolExecutor-0_0 - embed_frame_pair:2487 - [P:44 R:6] ACTION: Strengthening bit 0 (orig_ratio=1.0011, alpha_t=1.1618).
[2025-06-04 08:36:00,331] I ThreadPoolExecutor-0_2 - embed_frame_pair:2487 - [P:332 R:1] ACTION: Modifying bit 0 -> 1 (tensor).
[2025-06-04 08:36:00,351] I ThreadPoolExecutor-0_1 - embed_frame_pair:2487 - [P:188 R:4] ACTION: Strengthening bit 0 (orig_ratio=1.0003, alpha_t=1.1659).
[2025-06-04 08:36:00,365] I ThreadPoolExecutor-0_3 - embed_frame_pair:2487 - [P:478 R:2] ACTION: Modifying bit 1 -> 0 (tensor).
[2025-06-04 08:36:00,387] I ThreadPoolExecutor-0_2 - embed_frame_pair:2487 - [P:332 R:4] ACTION: Strengthening bit 0 (orig_ratio=1.0002, alpha_t=1.1627).
[2025-06-04 08:36:00,427] I ThreadPoolExecutor-0_3 - embed_frame_pair:2487 - [P:478 R:0] ACTION: Modifying bit 1 -> 0 (tensor).
[2025-06-04 08:36:00,431] I ThreadPoolExecutor-0_0 - _embed_single_pair_task:2706 - [P:45] Selected rings by GPU entropy: [0, 2]
[2025-06-04 08:36:00,488] I ThreadPoolExecutor-0_1 - _embed_single_pair_task:2706 - [P:189] Selected rings by GPU entropy: [2, 1]
[2025-06-04 08:36:00,513] I ThreadPoolExecutor-0_2 - _embed_single_pair_task:2706 - [P:333] Selected rings by GPU entropy: [2, 3]
[2025-06-04 08:36:00,623] I ThreadPoolExecutor-0_3 - _embed_single_pair_task:2706 - [P:479] Selected rings by GPU entropy: [3, 4]
[2025-06-04 08:36:00,653] I ThreadPoolExecutor-0_0 - embed_frame_pair:2487 - [P:45 R:0] ACTION: Strengthening bit 0 (orig_ratio=1.0015, alpha_t=1.1735).
[2025-06-04 08:36:00,658] I ThreadPoolExecutor-0_1 - embed_frame_pair:2487 - [P:189 R:2] ACTION: Modifying bit 1 -> 0 (tensor).
[2025-06-04 08:36:00,676] I ThreadPoolExecutor-0_2 - embed_frame_pair:2487 - [P:333 R:2] ACTION: Modifying bit 1 -> 0 (tensor).
[2025-06-04 08:36:00,709] I ThreadPoolExecutor-0_0 - embed_frame_pair:2487 - [P:45 R:2] ACTION: Strengthening bit 0 (orig_ratio=1.0005, alpha_t=1.1636).
[2025-06-04 08:36:00,721] I ThreadPoolExecutor-0_1 - embed_frame_pair:2487 - [P:189 R:1] ACTION: Modifying bit 1 -> 0 (tensor).
[2025-06-04 08:36:00,731] I ThreadPoolExecutor-0_2 - embed_frame_pair:2487 - [P:333 R:3] ACTION: Modifying bit 0 -> 1 (tensor).
[2025-06-04 08:36:00,736] I ThreadPoolExecutor-0_3 - embed_frame_pair:2487 - [P:479 R:3] ACTION: Strengthening bit 0 (orig_ratio=1.0001, alpha_t=1.1905).
[2025-06-04 08:36:00,798] I ThreadPoolExecutor-0_3 - embed_frame_pair:2487 - [P:479 R:4] ACTION: Modifying bit 0 -> 1 (tensor).
[2025-06-04 08:36:00,885] I ThreadPoolExecutor-0_0 - _embed_single_pair_task:2706 - [P:46] Selected rings by GPU entropy: [0, 2]
[2025-06-04 08:36:00,904] I ThreadPoolExecutor-0_2 - _embed_single_pair_task:2706 - [P:334] Selected rings by GPU entropy: [2, 4]
[2025-06-04 08:36:00,905] I ThreadPoolExecutor-0_1 - _embed_single_pair_task:2706 - [P:190] Selected rings by GPU entropy: [2, 0]
[2025-06-04 08:36:00,933] I ThreadPoolExecutor-0_3 - _embed_single_pair_task:2706 - [P:480] Selected rings by GPU entropy: [3, 2]
[2025-06-04 08:36:01,052] I ThreadPoolExecutor-0_0 - embed_frame_pair:2487 - [P:46 R:0] ACTION: Modifying bit 1 -> 0 (tensor).
[2025-06-04 08:36:01,068] I ThreadPoolExecutor-0_1 - embed_frame_pair:2487 - [P:190 R:2] ACTION: Modifying bit 1 -> 0 (tensor).
[2025-06-04 08:36:01,080] I ThreadPoolExecutor-0_2 - embed_frame_pair:2487 - [P:334 R:2] ACTION: Modifying bit 1 -> 0 (tensor).
[2025-06-04 08:36:01,082] I ThreadPoolExecutor-0_3 - embed_frame_pair:2487 - [P:480 R:3] ACTION: Modifying bit 1 -> 0 (tensor).
[2025-06-04 08:36:01,102] I ThreadPoolExecutor-0_0 - embed_frame_pair:2487 - [P:46 R:2] ACTION: Strengthening bit 0 (orig_ratio=1.0000, alpha_t=1.1643).
[2025-06-04 08:36:01,119] I ThreadPoolExecutor-0_1 - embed_frame_pair:2487 - [P:190 R:0] ACTION: Strengthening bit 0 (orig_ratio=1.0001, alpha_t=1.1705).
[2025-06-04 08:36:01,121] I ThreadPoolExecutor-0_2 - embed_frame_pair:2487 - [P:334 R:4] ACTION: Modifying bit 0 -> 1 (tensor).
[2025-06-04 08:36:01,124] I ThreadPoolExecutor-0_3 - embed_frame_pair:2487 - [P:480 R:2] ACTION: Strengthening bit 1 (orig_ratio=0.9997, inv_a=0.8419).
[2025-06-04 08:36:01,271] I ThreadPoolExecutor-0_0 - _embed_single_pair_task:2706 - [P:47] Selected rings by GPU entropy: [0, 6]
[2025-06-04 08:36:01,291] I ThreadPoolExecutor-0_1 - _embed_single_pair_task:2706 - [P:191] Selected rings by GPU entropy: [2, 7]
[2025-06-04 08:36:01,294] I ThreadPoolExecutor-0_3 - _embed_single_pair_task:2706 - [P:481] Selected rings by GPU entropy: [4, 5]
[2025-06-04 08:36:01,295] I ThreadPoolExecutor-0_2 - _embed_single_pair_task:2706 - [P:335] Selected rings by GPU entropy: [1, 3]
[2025-06-04 08:36:01,455] I ThreadPoolExecutor-0_0 - embed_frame_pair:2487 - [P:47 R:0] ACTION: Strengthening bit 0 (orig_ratio=1.0005, alpha_t=1.1744).
[2025-06-04 08:36:01,458] I ThreadPoolExecutor-0_1 - embed_frame_pair:2487 - [P:191 R:2] ACTION: Modifying bit 1 -> 0 (tensor).
[2025-06-04 08:36:01,458] I ThreadPoolExecutor-0_2 - embed_frame_pair:2487 - [P:335 R:1] ACTION: Strengthening bit 1 (orig_ratio=1.0000, inv_a=0.8446).
[2025-06-04 08:36:01,462] I ThreadPoolExecutor-0_3 - embed_frame_pair:2487 - [P:481 R:4] ACTION: Strengthening bit 1 (orig_ratio=0.9999, inv_a=0.8401).
[2025-06-04 08:36:01,495] I ThreadPoolExecutor-0_0 - embed_frame_pair:2487 - [P:47 R:6] ACTION: Strengthening bit 0 (orig_ratio=1.0003, alpha_t=1.1648).
[2025-06-04 08:36:01,497] I ThreadPoolExecutor-0_2 - embed_frame_pair:2487 - [P:335 R:3] ACTION: Modifying bit 0 -> 1 (tensor).
[2025-06-04 08:36:01,498] I ThreadPoolExecutor-0_1 - embed_frame_pair:2487 - [P:191 R:7] ACTION: Modifying bit 0 -> 1 (tensor).
[2025-06-04 08:36:01,499] I ThreadPoolExecutor-0_3 - embed_frame_pair:2487 - [P:481 R:5] ACTION: Strengthening bit 1 (orig_ratio=0.9999, inv_a=0.8411).
[2025-06-04 08:36:01,687] I ThreadPoolExecutor-0_0 - _embed_single_pair_task:2706 - [P:48] Selected rings by GPU entropy: [1, 6]
[2025-06-04 08:36:01,690] I ThreadPoolExecutor-0_2 - _embed_single_pair_task:2706 - [P:336] Selected rings by GPU entropy: [0, 3]
[2025-06-04 08:36:01,692] I ThreadPoolExecutor-0_1 - _embed_single_pair_task:2706 - [P:192] Selected rings by GPU entropy: [2, 4]
[2025-06-04 08:36:01,696] I ThreadPoolExecutor-0_3 - _embed_single_pair_task:2706 - [P:482] Selected rings by GPU entropy: [4, 5]
[2025-06-04 08:36:01,871] I ThreadPoolExecutor-0_3 - embed_frame_pair:2487 - [P:482 R:4] ACTION: Modifying bit 1 -> 0 (tensor).
[2025-06-04 08:36:01,872] I ThreadPoolExecutor-0_0 - embed_frame_pair:2487 - [P:48 R:1] ACTION: Strengthening bit 0 (orig_ratio=1.0002, alpha_t=1.1739).
[2025-06-04 08:36:01,874] I ThreadPoolExecutor-0_2 - embed_frame_pair:2487 - [P:336 R:0] ACTION: Strengthening bit 0 (orig_ratio=1.0014, alpha_t=1.1909).
[2025-06-04 08:36:01,877] I ThreadPoolExecutor-0_1 - embed_frame_pair:2487 - [P:192 R:2] ACTION: Modifying bit 1 -> 0 (tensor).
[2025-06-04 08:36:01,911] I ThreadPoolExecutor-0_3 - embed_frame_pair:2487 - [P:482 R:5] ACTION: Modifying bit 1 -> 0 (tensor).
[2025-06-04 08:36:01,915] I ThreadPoolExecutor-0_0 - embed_frame_pair:2487 - [P:48 R:6] ACTION: Strengthening bit 0 (orig_ratio=1.0003, alpha_t=1.1654).
[2025-06-04 08:36:01,919] I ThreadPoolExecutor-0_2 - embed_frame_pair:2487 - [P:336 R:3] ACTION: Strengthening bit 1 (orig_ratio=0.9999, inv_a=0.8510).
[2025-06-04 08:36:01,923] I ThreadPoolExecutor-0_1 - embed_frame_pair:2487 - [P:192 R:4] ACTION: Modifying bit 0 -> 1 (tensor).
[2025-06-04 08:36:02,095] I ThreadPoolExecutor-0_3 - _embed_single_pair_task:2706 - [P:483] Selected rings by GPU entropy: [3, 2]
[2025-06-04 08:36:02,098] I ThreadPoolExecutor-0_0 - _embed_single_pair_task:2706 - [P:49] Selected rings by GPU entropy: [2, 6]
[2025-06-04 08:36:02,100] I ThreadPoolExecutor-0_2 - _embed_single_pair_task:2706 - [P:337] Selected rings by GPU entropy: [0, 3]
[2025-06-04 08:36:02,102] I ThreadPoolExecutor-0_1 - _embed_single_pair_task:2706 - [P:193] Selected rings by GPU entropy: [2, 0]
[2025-06-04 08:36:02,274] I ThreadPoolExecutor-0_3 - embed_frame_pair:2487 - [P:483 R:3] ACTION: Modifying bit 1 -> 0 (tensor).
[2025-06-04 08:36:02,280] I ThreadPoolExecutor-0_2 - embed_frame_pair:2487 - [P:337 R:0] ACTION: Modifying bit 0 -> 1 (tensor).
[2025-06-04 08:36:02,282] I ThreadPoolExecutor-0_1 - embed_frame_pair:2487 - [P:193 R:2] ACTION: Strengthening bit 1 (orig_ratio=0.9985, inv_a=0.8482).
[2025-06-04 08:36:02,284] I ThreadPoolExecutor-0_0 - embed_frame_pair:2487 - [P:49 R:2] ACTION: Strengthening bit 0 (orig_ratio=1.0002, alpha_t=1.1653).
[2025-06-04 08:36:02,315] I ThreadPoolExecutor-0_3 - embed_frame_pair:2487 - [P:483 R:2] ACTION: Modifying bit 0 -> 1 (tensor).
[2025-06-04 08:36:02,321] I ThreadPoolExecutor-0_2 - embed_frame_pair:2487 - [P:337 R:3] ACTION: Strengthening bit 1 (orig_ratio=1.0000, inv_a=0.8512).
[2025-06-04 08:36:02,326] I ThreadPoolExecutor-0_1 - embed_frame_pair:2487 - [P:193 R:0] ACTION: Strengthening bit 1 (orig_ratio=1.0000, inv_a=0.8536).
[2025-06-04 08:36:02,328] I ThreadPoolExecutor-0_0 - embed_frame_pair:2487 - [P:49 R:6] ACTION: Strengthening bit 0 (orig_ratio=1.0007, alpha_t=1.1650).
[2025-06-04 08:36:02,480] I ThreadPoolExecutor-0_3 - _embed_single_pair_task:2706 - [P:484] Selected rings by GPU entropy: [2, 0]
[2025-06-04 08:36:02,496] I ThreadPoolExecutor-0_2 - _embed_single_pair_task:2706 - [P:338] Selected rings by GPU entropy: [1, 2]
[2025-06-04 08:36:02,498] I ThreadPoolExecutor-0_0 - _embed_single_pair_task:2706 - [P:50] Selected rings by GPU entropy: [1, 6]
[2025-06-04 08:36:02,498] I ThreadPoolExecutor-0_1 - _embed_single_pair_task:2706 - [P:194] Selected rings by GPU entropy: [1, 2]
[2025-06-04 08:36:02,657] I ThreadPoolExecutor-0_3 - embed_frame_pair:2487 - [P:484 R:2] ACTION: Modifying bit 1 -> 0 (tensor).
[2025-06-04 08:36:02,671] I ThreadPoolExecutor-0_0 - embed_frame_pair:2487 - [P:50 R:1] ACTION: Modifying bit 1 -> 0 (tensor).
[2025-06-04 08:36:02,673] I ThreadPoolExecutor-0_2 - embed_frame_pair:2487 - [P:338 R:1] ACTION: Modifying bit 0 -> 1 (tensor).
[2025-06-04 08:36:02,676] I ThreadPoolExecutor-0_1 - embed_frame_pair:2487 - [P:194 R:1] ACTION: Modifying bit 1 -> 0 (tensor).
[2025-06-04 08:36:02,713] I ThreadPoolExecutor-0_3 - embed_frame_pair:2487 - [P:484 R:0] ACTION: Modifying bit 1 -> 0 (tensor).
[2025-06-04 08:36:02,724] I ThreadPoolExecutor-0_2 - embed_frame_pair:2487 - [P:338 R:2] ACTION: Modifying bit 1 -> 0 (tensor).
[2025-06-04 08:36:02,727] I ThreadPoolExecutor-0_0 - embed_frame_pair:2487 - [P:50 R:6] ACTION: Modifying bit 1 -> 0 (tensor).
[2025-06-04 08:36:02,732] I ThreadPoolExecutor-0_1 - embed_frame_pair:2487 - [P:194 R:2] ACTION: Modifying bit 1 -> 0 (tensor).
[2025-06-04 08:36:02,906] I ThreadPoolExecutor-0_3 - _embed_single_pair_task:2706 - [P:485] Selected rings by GPU entropy: [4, 2]
[2025-06-04 08:36:02,907] I ThreadPoolExecutor-0_2 - _embed_single_pair_task:2706 - [P:339] Selected rings by GPU entropy: [0, 3]
[2025-06-04 08:36:02,909] I ThreadPoolExecutor-0_0 - _embed_single_pair_task:2706 - [P:51] Selected rings by GPU entropy: [2, 6]
[2025-06-04 08:36:02,910] I ThreadPoolExecutor-0_1 - _embed_single_pair_task:2706 - [P:195] Selected rings by GPU entropy: [3, 4]
[2025-06-04 08:36:03,088] I ThreadPoolExecutor-0_1 - embed_frame_pair:2487 - [P:195 R:3] ACTION: Strengthening bit 0 (orig_ratio=1.0003, alpha_t=1.1739).
[2025-06-04 08:36:03,089] I ThreadPoolExecutor-0_2 - embed_frame_pair:2487 - [P:339 R:0] ACTION: Modifying bit 0 -> 1 (tensor).
[2025-06-04 08:36:03,093] I ThreadPoolExecutor-0_0 - embed_frame_pair:2487 - [P:51 R:2] ACTION: Modifying bit 1 -> 0 (tensor).
[2025-06-04 08:36:03,094] I ThreadPoolExecutor-0_3 - embed_frame_pair:2487 - [P:485 R:4] ACTION: Modifying bit 1 -> 0 (tensor).
[2025-06-04 08:36:03,129] I ThreadPoolExecutor-0_2 - embed_frame_pair:2487 - [P:339 R:3] ACTION: Strengthening bit 1 (orig_ratio=0.9999, inv_a=0.8511).
[2025-06-04 08:36:03,132] I ThreadPoolExecutor-0_1 - embed_frame_pair:2487 - [P:195 R:4] ACTION: Modifying bit 0 -> 1 (tensor).
[2025-06-04 08:36:03,133] I ThreadPoolExecutor-0_3 - embed_frame_pair:2487 - [P:485 R:2] ACTION: Strengthening bit 0 (orig_ratio=1.0001, alpha_t=1.1881).
[2025-06-04 08:36:03,137] I ThreadPoolExecutor-0_0 - embed_frame_pair:2487 - [P:51 R:6] ACTION: Modifying bit 1 -> 0 (tensor).
[2025-06-04 08:36:03,299] I ThreadPoolExecutor-0_2 - _embed_single_pair_task:2706 - [P:340] Selected rings by GPU entropy: [0, 2]
[2025-06-04 08:36:03,302] I ThreadPoolExecutor-0_1 - _embed_single_pair_task:2706 - [P:196] Selected rings by GPU entropy: [1, 2]
[2025-06-04 08:36:03,305] I ThreadPoolExecutor-0_3 - _embed_single_pair_task:2706 - [P:486] Selected rings by GPU entropy: [3, 4]
[2025-06-04 08:36:03,308] I ThreadPoolExecutor-0_0 - _embed_single_pair_task:2706 - [P:52] Selected rings by GPU entropy: [1, 2]
[2025-06-04 08:36:03,481] I ThreadPoolExecutor-0_2 - embed_frame_pair:2487 - [P:340 R:0] ACTION: Strengthening bit 0 (orig_ratio=1.0016, alpha_t=1.1931).
[2025-06-04 08:36:03,481] I ThreadPoolExecutor-0_3 - embed_frame_pair:2487 - [P:486 R:3] ACTION: Strengthening bit 0 (orig_ratio=1.0001, alpha_t=1.1909).
[2025-06-04 08:36:03,482] I ThreadPoolExecutor-0_1 - embed_frame_pair:2487 - [P:196 R:1] ACTION: Modifying bit 1 -> 0 (tensor).
[2025-06-04 08:36:03,488] I ThreadPoolExecutor-0_0 - embed_frame_pair:2487 - [P:52 R:1] ACTION: Modifying bit 1 -> 0 (tensor).
[2025-06-04 08:36:03,523] I ThreadPoolExecutor-0_2 - embed_frame_pair:2487 - [P:340 R:2] ACTION: Strengthening bit 1 (orig_ratio=0.9997, inv_a=0.8537).
[2025-06-04 08:36:03,525] I ThreadPoolExecutor-0_3 - embed_frame_pair:2487 - [P:486 R:4] ACTION: Modifying bit 1 -> 0 (tensor).
[2025-06-04 08:36:03,526] I ThreadPoolExecutor-0_1 - embed_frame_pair:2487 - [P:196 R:2] ACTION: Strengthening bit 0 (orig_ratio=1.0000, alpha_t=1.1781).
[2025-06-04 08:36:03,531] I ThreadPoolExecutor-0_0 - embed_frame_pair:2487 - [P:52 R:2] ACTION: Modifying bit 1 -> 0 (tensor).
[2025-06-04 08:36:03,704] I ThreadPoolExecutor-0_2 - _embed_single_pair_task:2706 - [P:341] Selected rings by GPU entropy: [0, 1]
[2025-06-04 08:36:03,705] I ThreadPoolExecutor-0_3 - _embed_single_pair_task:2706 - [P:487] Selected rings by GPU entropy: [3, 0]
[2025-06-04 08:36:03,711] I ThreadPoolExecutor-0_0 - _embed_single_pair_task:2706 - [P:53] Selected rings by GPU entropy: [1, 2]
[2025-06-04 08:36:03,713] I ThreadPoolExecutor-0_1 - _embed_single_pair_task:2706 - [P:197] Selected rings by GPU entropy: [1, 7]
[2025-06-04 08:36:03,896] I ThreadPoolExecutor-0_2 - embed_frame_pair:2487 - [P:341 R:0] ACTION: Strengthening bit 1 (orig_ratio=0.9999, inv_a=0.8376).
[2025-06-04 08:36:03,897] I ThreadPoolExecutor-0_3 - embed_frame_pair:2487 - [P:487 R:3] ACTION: Strengthening bit 1 (orig_ratio=0.9999, inv_a=0.8397).
[2025-06-04 08:36:03,899] I ThreadPoolExecutor-0_0 - embed_frame_pair:2487 - [P:53 R:1] ACTION: Modifying bit 1 -> 0 (tensor).
[2025-06-04 08:36:03,899] I ThreadPoolExecutor-0_1 - embed_frame_pair:2487 - [P:197 R:1] ACTION: Modifying bit 1 -> 0 (tensor).
[2025-06-04 08:36:03,931] I ThreadPoolExecutor-0_2 - embed_frame_pair:2487 - [P:341 R:1] ACTION: Strengthening bit 1 (orig_ratio=0.9992, inv_a=0.8454).
[2025-06-04 08:36:03,932] I ThreadPoolExecutor-0_3 - embed_frame_pair:2487 - [P:487 R:0] ACTION: Strengthening bit 1 (orig_ratio=0.9992, inv_a=0.8441).
[2025-06-04 08:36:03,934] I ThreadPoolExecutor-0_1 - embed_frame_pair:2487 - [P:197 R:7] ACTION: Modifying bit 1 -> 0 (tensor).
[2025-06-04 08:36:03,934] I ThreadPoolExecutor-0_0 - embed_frame_pair:2487 - [P:53 R:2] ACTION: Strengthening bit 0 (orig_ratio=1.0000, alpha_t=1.1622).
[2025-06-04 08:36:04,092] I ThreadPoolExecutor-0_2 - _embed_single_pair_task:2706 - [P:342] Selected rings by GPU entropy: [3, 4]
[2025-06-04 08:36:04,100] I ThreadPoolExecutor-0_3 - _embed_single_pair_task:2706 - [P:488] Selected rings by GPU entropy: [4, 2]
[2025-06-04 08:36:04,112] I ThreadPoolExecutor-0_1 - _embed_single_pair_task:2706 - [P:198] Selected rings by GPU entropy: [1, 4]
[2025-06-04 08:36:04,119] I ThreadPoolExecutor-0_0 - _embed_single_pair_task:2706 - [P:54] Selected rings by GPU entropy: [2, 5]
[2025-06-04 08:36:04,269] I ThreadPoolExecutor-0_3 - embed_frame_pair:2487 - [P:488 R:4] ACTION: Strengthening bit 0 (orig_ratio=1.0001, alpha_t=1.1904).
[2025-06-04 08:36:04,270] I ThreadPoolExecutor-0_2 - embed_frame_pair:2487 - [P:342 R:3] ACTION: Modifying bit 1 -> 0 (tensor).
[2025-06-04 08:36:04,282] I ThreadPoolExecutor-0_1 - embed_frame_pair:2487 - [P:198 R:1] ACTION: Strengthening bit 0 (orig_ratio=1.0002, alpha_t=1.1801).
[2025-06-04 08:36:04,282] I ThreadPoolExecutor-0_0 - embed_frame_pair:2487 - [P:54 R:2] ACTION: Strengthening bit 0 (orig_ratio=1.0003, alpha_t=1.1627).
[2025-06-04 08:36:04,302] I ThreadPoolExecutor-0_2 - embed_frame_pair:2487 - [P:342 R:4] ACTION: Strengthening bit 0 (orig_ratio=1.0001, alpha_t=1.1629).
[2025-06-04 08:36:04,307] I ThreadPoolExecutor-0_3 - embed_frame_pair:2487 - [P:488 R:2] ACTION: Strengthening bit 0 (orig_ratio=1.0001, alpha_t=1.1880).
[2025-06-04 08:36:04,322] I ThreadPoolExecutor-0_1 - embed_frame_pair:2487 - [P:198 R:4] ACTION: Modifying bit 1 -> 0 (tensor).
[2025-06-04 08:36:04,333] I ThreadPoolExecutor-0_0 - embed_frame_pair:2487 - [P:54 R:5] ACTION: Strengthening bit 0 (orig_ratio=1.0001, alpha_t=1.1546).
[2025-06-04 08:36:04,434] I ThreadPoolExecutor-0_2 - _embed_single_pair_task:2706 - [P:343] Selected rings by GPU entropy: [0, 1]
[2025-06-04 08:36:04,468] I ThreadPoolExecutor-0_3 - _embed_single_pair_task:2706 - [P:489] Selected rings by GPU entropy: [0, 1]
[2025-06-04 08:36:04,488] I ThreadPoolExecutor-0_1 - _embed_single_pair_task:2706 - [P:199] Selected rings by GPU entropy: [2, 3]
[2025-06-04 08:36:04,514] I ThreadPoolExecutor-0_0 - _embed_single_pair_task:2706 - [P:55] Selected rings by GPU entropy: [1, 2]
[2025-06-04 08:36:04,597] I ThreadPoolExecutor-0_2 - embed_frame_pair:2487 - [P:343 R:0] ACTION: Strengthening bit 0 (orig_ratio=1.0002, alpha_t=1.1944).
[2025-06-04 08:36:04,620] I ThreadPoolExecutor-0_3 - embed_frame_pair:2487 - [P:489 R:0] ACTION: Strengthening bit 1 (orig_ratio=0.9997, inv_a=0.8438).
[2025-06-04 08:36:04,630] I ThreadPoolExecutor-0_1 - embed_frame_pair:2487 - [P:199 R:2] ACTION: Modifying bit 0 -> 1 (tensor).
[2025-06-04 08:36:04,638] I ThreadPoolExecutor-0_0 - embed_frame_pair:2487 - [P:55 R:1] ACTION: Modifying bit 1 -> 0 (tensor).
[2025-06-04 08:36:04,641] I ThreadPoolExecutor-0_2 - embed_frame_pair:2487 - [P:343 R:1] ACTION: Modifying bit 0 -> 1 (tensor).
[2025-06-04 08:36:04,657] I ThreadPoolExecutor-0_3 - embed_frame_pair:2487 - [P:489 R:1] ACTION: Modifying bit 0 -> 1 (tensor).
[2025-06-04 08:36:04,671] I ThreadPoolExecutor-0_1 - embed_frame_pair:2487 - [P:199 R:3] ACTION: Modifying bit 0 -> 1 (tensor).
[2025-06-04 08:36:04,690] I ThreadPoolExecutor-0_0 - embed_frame_pair:2487 - [P:55 R:2] ACTION: Modifying bit 1 -> 0 (tensor).
[2025-06-04 08:36:04,773] I ThreadPoolExecutor-0_2 - _embed_single_pair_task:2706 - [P:344] Selected rings by GPU entropy: [0, 2]
[2025-06-04 08:36:04,815] I ThreadPoolExecutor-0_3 - _embed_single_pair_task:2706 - [P:490] Selected rings by GPU entropy: [3, 0]
[2025-06-04 08:36:04,856] I ThreadPoolExecutor-0_1 - _embed_single_pair_task:2706 - [P:200] Selected rings by GPU entropy: [1, 3]
[2025-06-04 08:36:04,866] I ThreadPoolExecutor-0_0 - _embed_single_pair_task:2706 - [P:56] Selected rings by GPU entropy: [1, 2]
[2025-06-04 08:36:04,931] I ThreadPoolExecutor-0_2 - embed_frame_pair:2487 - [P:344 R:0] ACTION: Modifying bit 0 -> 1 (tensor).
[2025-06-04 08:36:04,960] I ThreadPoolExecutor-0_3 - embed_frame_pair:2487 - [P:490 R:3] ACTION: Modifying bit 0 -> 1 (tensor).
[2025-06-04 08:36:04,981] I ThreadPoolExecutor-0_2 - embed_frame_pair:2487 - [P:344 R:2] ACTION: Modifying bit 1 -> 0 (tensor).
[2025-06-04 08:36:04,995] I ThreadPoolExecutor-0_1 - embed_frame_pair:2487 - [P:200 R:1] ACTION: Modifying bit 1 -> 0 (tensor).
[2025-06-04 08:36:05,000] I ThreadPoolExecutor-0_0 - embed_frame_pair:2487 - [P:56 R:1] ACTION: Strengthening bit 0 (orig_ratio=1.0009, alpha_t=1.1695).
[2025-06-04 08:36:05,003] I ThreadPoolExecutor-0_3 - embed_frame_pair:2487 - [P:490 R:0] ACTION: Strengthening bit 1 (orig_ratio=0.9998, inv_a=0.8437).
[2025-06-04 08:36:05,039] I ThreadPoolExecutor-0_1 - embed_frame_pair:2487 - [P:200 R:3] ACTION: Modifying bit 1 -> 0 (tensor).
[2025-06-04 08:36:05,056] I ThreadPoolExecutor-0_0 - embed_frame_pair:2487 - [P:56 R:2] ACTION: Strengthening bit 0 (orig_ratio=1.0008, alpha_t=1.1632).
[2025-06-04 08:36:05,123] I ThreadPoolExecutor-0_2 - _embed_single_pair_task:2706 - [P:345] Selected rings by GPU entropy: [0, 3]
[2025-06-04 08:36:05,132] I ThreadPoolExecutor-0_3 - _embed_single_pair_task:2706 - [P:491] Selected rings by GPU entropy: [3, 1]
[2025-06-04 08:36:05,244] I ThreadPoolExecutor-0_1 - _embed_single_pair_task:2706 - [P:201] Selected rings by GPU entropy: [1, 3]
[2025-06-04 08:36:05,248] I ThreadPoolExecutor-0_0 - _embed_single_pair_task:2706 - [P:57] Selected rings by GPU entropy: [1, 3]
[2025-06-04 08:36:05,296] I ThreadPoolExecutor-0_2 - embed_frame_pair:2487 - [P:345 R:0] ACTION: Strengthening bit 0 (orig_ratio=1.0001, alpha_t=1.1949).
[2025-06-04 08:36:05,297] I ThreadPoolExecutor-0_3 - embed_frame_pair:2487 - [P:491 R:3] ACTION: Modifying bit 1 -> 0 (tensor).
[2025-06-04 08:36:05,358] I ThreadPoolExecutor-0_3 - embed_frame_pair:2487 - [P:491 R:1] ACTION: Strengthening bit 1 (orig_ratio=0.9919, inv_a=0.8439).
[2025-06-04 08:36:05,358] I ThreadPoolExecutor-0_2 - embed_frame_pair:2487 - [P:345 R:3] ACTION: Strengthening bit 1 (orig_ratio=1.0000, inv_a=0.8506).
[2025-06-04 08:36:05,374] I ThreadPoolExecutor-0_1 - embed_frame_pair:2487 - [P:201 R:1] ACTION: Strengthening bit 1 (orig_ratio=0.9996, inv_a=0.8471).
[2025-06-04 08:36:05,378] I ThreadPoolExecutor-0_0 - embed_frame_pair:2487 - [P:57 R:1] ACTION: Strengthening bit 0 (orig_ratio=1.0009, alpha_t=1.1700).
[2025-06-04 08:36:05,426] I ThreadPoolExecutor-0_1 - embed_frame_pair:2487 - [P:201 R:3] ACTION: Strengthening bit 1 (orig_ratio=1.0000, inv_a=0.8513).
[2025-06-04 08:36:05,429] I ThreadPoolExecutor-0_0 - embed_frame_pair:2487 - [P:57 R:3] ACTION: Modifying bit 1 -> 0 (tensor).
[2025-06-04 08:36:05,513] I ThreadPoolExecutor-0_3 - _embed_single_pair_task:2706 - [P:492] Selected rings by GPU entropy: [3, 2]
[2025-06-04 08:36:05,515] I ThreadPoolExecutor-0_2 - _embed_single_pair_task:2706 - [P:346] Selected rings by GPU entropy: [0, 1]
[2025-06-04 08:36:05,626] I ThreadPoolExecutor-0_1 - _embed_single_pair_task:2706 - [P:202] Selected rings by GPU entropy: [1, 3]
[2025-06-04 08:36:05,626] I ThreadPoolExecutor-0_0 - _embed_single_pair_task:2706 - [P:58] Selected rings by GPU entropy: [0, 6]
[2025-06-04 08:36:05,675] I ThreadPoolExecutor-0_3 - embed_frame_pair:2487 - [P:492 R:3] ACTION: Strengthening bit 1 (orig_ratio=0.9996, inv_a=0.8367).
[2025-06-04 08:36:05,690] I ThreadPoolExecutor-0_2 - embed_frame_pair:2487 - [P:346 R:0] ACTION: Modifying bit 0 -> 1 (tensor).
[2025-06-04 08:36:05,738] I ThreadPoolExecutor-0_3 - embed_frame_pair:2487 - [P:492 R:2] ACTION: Modifying bit 1 -> 0 (tensor).
[2025-06-04 08:36:05,745] I ThreadPoolExecutor-0_2 - embed_frame_pair:2487 - [P:346 R:1] ACTION: Modifying bit 0 -> 1 (tensor).
[2025-06-04 08:36:05,753] I ThreadPoolExecutor-0_1 - embed_frame_pair:2487 - [P:202 R:1] ACTION: Strengthening bit 1 (orig_ratio=0.9995, inv_a=0.8470).
[2025-06-04 08:36:05,754] I ThreadPoolExecutor-0_0 - embed_frame_pair:2487 - [P:58 R:0] ACTION: Strengthening bit 0 (orig_ratio=1.0004, alpha_t=1.1680).
[2025-06-04 08:36:05,806] I ThreadPoolExecutor-0_1 - embed_frame_pair:2487 - [P:202 R:3] ACTION: Modifying bit 0 -> 1 (tensor).
[2025-06-04 08:36:05,807] I ThreadPoolExecutor-0_0 - embed_frame_pair:2487 - [P:58 R:6] ACTION: Strengthening bit 0 (orig_ratio=1.0017, alpha_t=1.1611).
[2025-06-04 08:36:05,888] I ThreadPoolExecutor-0_3 - _embed_single_pair_task:2706 - [P:493] Selected rings by GPU entropy: [3, 1]
[2025-06-04 08:36:05,897] I ThreadPoolExecutor-0_2 - _embed_single_pair_task:2706 - [P:347] Selected rings by GPU entropy: [3, 4]
[2025-06-04 08:36:06,005] I ThreadPoolExecutor-0_0 - _embed_single_pair_task:2706 - [P:59] Selected rings by GPU entropy: [0, 2]
[2025-06-04 08:36:06,007] I ThreadPoolExecutor-0_1 - _embed_single_pair_task:2706 - [P:203] Selected rings by GPU entropy: [1, 3]
[2025-06-04 08:36:06,033] I ThreadPoolExecutor-0_3 - embed_frame_pair:2487 - [P:493 R:3] ACTION: Modifying bit 1 -> 0 (tensor).
[2025-06-04 08:36:06,045] I ThreadPoolExecutor-0_2 - embed_frame_pair:2487 - [P:347 R:3] ACTION: Strengthening bit 1 (orig_ratio=0.9999, inv_a=0.8506).
[2025-06-04 08:36:06,103] I ThreadPoolExecutor-0_3 - embed_frame_pair:2487 - [P:493 R:1] ACTION: Strengthening bit 1 (orig_ratio=0.9972, inv_a=0.8403).
[2025-06-04 08:36:06,115] I ThreadPoolExecutor-0_2 - embed_frame_pair:2487 - [P:347 R:4] ACTION: Strengthening bit 1 (orig_ratio=0.9999, inv_a=0.8597).
[2025-06-04 08:36:06,152] I ThreadPoolExecutor-0_0 - embed_frame_pair:2487 - [P:59 R:0] ACTION: Strengthening bit 0 (orig_ratio=1.0007, alpha_t=1.1684).
[2025-06-04 08:36:06,162] I ThreadPoolExecutor-0_1 - embed_frame_pair:2487 - [P:203 R:1] ACTION: Modifying bit 1 -> 0 (tensor).
[2025-06-04 08:36:06,186] I ThreadPoolExecutor-0_0 - embed_frame_pair:2487 - [P:59 R:2] ACTION: Strengthening bit 0 (orig_ratio=1.0015, alpha_t=1.1671).
[2025-06-04 08:36:06,192] I ThreadPoolExecutor-0_1 - embed_frame_pair:2487 - [P:203 R:3] ACTION: Modifying bit 0 -> 1 (tensor).
[2025-06-04 08:36:06,266] I ThreadPoolExecutor-0_2 - _embed_single_pair_task:2706 - [P:348] Selected rings by GPU entropy: [0, 1]
[2025-06-04 08:36:06,269] I ThreadPoolExecutor-0_3 - _embed_single_pair_task:2706 - [P:494] Selected rings by GPU entropy: [3, 2]
[2025-06-04 08:36:06,390] I ThreadPoolExecutor-0_1 - _embed_single_pair_task:2706 - [P:204] Selected rings by GPU entropy: [2, 0]
[2025-06-04 08:36:06,396] I ThreadPoolExecutor-0_0 - _embed_single_pair_task:2706 - [P:60] Selected rings by GPU entropy: [0, 2]
[2025-06-04 08:36:06,407] I ThreadPoolExecutor-0_2 - embed_frame_pair:2487 - [P:348 R:0] ACTION: Strengthening bit 0 (orig_ratio=1.0000, alpha_t=1.1957).
[2025-06-04 08:36:06,419] I ThreadPoolExecutor-0_3 - embed_frame_pair:2487 - [P:494 R:3] ACTION: Modifying bit 1 -> 0 (tensor).
[2025-06-04 08:36:06,472] I ThreadPoolExecutor-0_2 - embed_frame_pair:2487 - [P:348 R:1] ACTION: Modifying bit 1 -> 0 (tensor).
[2025-06-04 08:36:06,491] I ThreadPoolExecutor-0_3 - embed_frame_pair:2487 - [P:494 R:2] ACTION: Strengthening bit 1 (orig_ratio=0.9991, inv_a=0.8428).
[2025-06-04 08:36:06,543] I ThreadPoolExecutor-0_1 - embed_frame_pair:2487 - [P:204 R:2] ACTION: Strengthening bit 1 (orig_ratio=1.0000, inv_a=0.8487).
[2025-06-04 08:36:06,558] I ThreadPoolExecutor-0_0 - embed_frame_pair:2487 - [P:60 R:0] ACTION: Strengthening bit 0 (orig_ratio=1.0000, alpha_t=1.1688).
[2025-06-04 08:36:06,570] I ThreadPoolExecutor-0_1 - embed_frame_pair:2487 - [P:204 R:0] ACTION: Modifying bit 1 -> 0 (tensor).
[2025-06-04 08:36:06,598] I ThreadPoolExecutor-0_0 - embed_frame_pair:2487 - [P:60 R:2] ACTION: Strengthening bit 0 (orig_ratio=1.0011, alpha_t=1.1688).
[2025-06-04 08:36:06,649] I ThreadPoolExecutor-0_2 - _embed_single_pair_task:2706 - [P:349] Selected rings by GPU entropy: [0, 5]
[2025-06-04 08:36:06,654] I ThreadPoolExecutor-0_3 - _embed_single_pair_task:2706 - [P:495] Selected rings by GPU entropy: [3, 4]
[2025-06-04 08:36:06,775] I ThreadPoolExecutor-0_0 - _embed_single_pair_task:2706 - [P:61] Selected rings by GPU entropy: [1, 2]
[2025-06-04 08:36:06,779] I ThreadPoolExecutor-0_1 - _embed_single_pair_task:2706 - [P:205] Selected rings by GPU entropy: [1, 2]
[2025-06-04 08:36:06,790] I ThreadPoolExecutor-0_2 - embed_frame_pair:2487 - [P:349 R:0] ACTION: Strengthening bit 0 (orig_ratio=1.0000, alpha_t=1.1956).
[2025-06-04 08:36:06,797] I ThreadPoolExecutor-0_3 - embed_frame_pair:2487 - [P:495 R:3] ACTION: Strengthening bit 1 (orig_ratio=0.9995, inv_a=0.8376).
[2025-06-04 08:36:06,862] I ThreadPoolExecutor-0_2 - embed_frame_pair:2487 - [P:349 R:5] ACTION: Strengthening bit 0 (orig_ratio=1.0000, alpha_t=1.1579).
[2025-06-04 08:36:06,862] I ThreadPoolExecutor-0_3 - embed_frame_pair:2487 - [P:495 R:4] ACTION: Strengthening bit 1 (orig_ratio=0.9990, inv_a=0.8423).
[2025-06-04 08:36:06,931] I ThreadPoolExecutor-0_0 - embed_frame_pair:2487 - [P:61 R:1] ACTION: Modifying bit 1 -> 0 (tensor).
[2025-06-04 08:36:06,937] I ThreadPoolExecutor-0_1 - embed_frame_pair:2487 - [P:205 R:1] ACTION: Strengthening bit 0 (orig_ratio=1.0005, alpha_t=1.1806).
[2025-06-04 08:36:06,961] I ThreadPoolExecutor-0_0 - embed_frame_pair:2487 - [P:61 R:2] ACTION: Modifying bit 1 -> 0 (tensor).
[2025-06-04 08:36:06,969] I ThreadPoolExecutor-0_1 - embed_frame_pair:2487 - [P:205 R:2] ACTION: Modifying bit 0 -> 1 (tensor).
[2025-06-04 08:36:07,028] I ThreadPoolExecutor-0_3 - _embed_single_pair_task:2706 - [P:496] Selected rings by GPU entropy: [4, 1]
[2025-06-04 08:36:07,037] I ThreadPoolExecutor-0_2 - _embed_single_pair_task:2706 - [P:350] Selected rings by GPU entropy: [0, 2]
[2025-06-04 08:36:07,164] I ThreadPoolExecutor-0_0 - _embed_single_pair_task:2706 - [P:62] Selected rings by GPU entropy: [0, 2]
[2025-06-04 08:36:07,169] I ThreadPoolExecutor-0_1 - _embed_single_pair_task:2706 - [P:206] Selected rings by GPU entropy: [2, 0]
[2025-06-04 08:36:07,190] I ThreadPoolExecutor-0_3 - embed_frame_pair:2487 - [P:496 R:4] ACTION: Modifying bit 1 -> 0 (tensor).
[2025-06-04 08:36:07,193] I ThreadPoolExecutor-0_2 - embed_frame_pair:2487 - [P:350 R:0] ACTION: Strengthening bit 0 (orig_ratio=1.0003, alpha_t=1.1956).
[2025-06-04 08:36:07,249] I ThreadPoolExecutor-0_3 - embed_frame_pair:2487 - [P:496 R:1] ACTION: Strengthening bit 1 (orig_ratio=0.9983, inv_a=0.8448).
[2025-06-04 08:36:07,250] I ThreadPoolExecutor-0_2 - embed_frame_pair:2487 - [P:350 R:2] ACTION: Modifying bit 1 -> 0 (tensor).
[2025-06-04 08:36:07,289] I ThreadPoolExecutor-0_0 - embed_frame_pair:2487 - [P:62 R:0] ACTION: Modifying bit 1 -> 0 (tensor).
[2025-06-04 08:36:07,334] I ThreadPoolExecutor-0_1 - embed_frame_pair:2487 - [P:206 R:2] ACTION: Modifying bit 1 -> 0 (tensor).
[2025-06-04 08:36:07,336] I ThreadPoolExecutor-0_0 - embed_frame_pair:2487 - [P:62 R:2] ACTION: Modifying bit 1 -> 0 (tensor).
[2025-06-04 08:36:07,396] I ThreadPoolExecutor-0_1 - embed_frame_pair:2487 - [P:206 R:0] ACTION: Modifying bit 0 -> 1 (tensor).
[2025-06-04 08:36:07,404] I ThreadPoolExecutor-0_3 - _embed_single_pair_task:2706 - [P:497] Selected rings by GPU entropy: [3, 1]
[2025-06-04 08:36:07,409] I ThreadPoolExecutor-0_2 - _embed_single_pair_task:2706 - [P:351] Selected rings by GPU entropy: [1, 2]
[2025-06-04 08:36:07,524] I ThreadPoolExecutor-0_0 - _embed_single_pair_task:2706 - [P:63] Selected rings by GPU entropy: [1, 2]
[2025-06-04 08:36:07,550] I ThreadPoolExecutor-0_1 - _embed_single_pair_task:2706 - [P:207] Selected rings by GPU entropy: [1, 2]
[2025-06-04 08:36:07,560] I ThreadPoolExecutor-0_3 - embed_frame_pair:2487 - [P:497 R:3] ACTION: Strengthening bit 1 (orig_ratio=0.9998, inv_a=0.8383).
[2025-06-04 08:36:07,579] I ThreadPoolExecutor-0_2 - embed_frame_pair:2487 - [P:351 R:1] ACTION: Modifying bit 1 -> 0 (tensor).
[2025-06-04 08:36:07,630] I ThreadPoolExecutor-0_3 - embed_frame_pair:2487 - [P:497 R:1] ACTION: Strengthening bit 1 (orig_ratio=0.9985, inv_a=0.8449).
[2025-06-04 08:36:07,639] I ThreadPoolExecutor-0_2 - embed_frame_pair:2487 - [P:351 R:2] ACTION: Modifying bit 0 -> 1 (tensor).
[2025-06-04 08:36:07,649] I ThreadPoolExecutor-0_0 - embed_frame_pair:2487 - [P:63 R:1] ACTION: Modifying bit 1 -> 0 (tensor).
[2025-06-04 08:36:07,678] I ThreadPoolExecutor-0_1 - embed_frame_pair:2487 - [P:207 R:1] ACTION: Modifying bit 0 -> 1 (tensor).
[2025-06-04 08:36:07,698] I ThreadPoolExecutor-0_0 - embed_frame_pair:2487 - [P:63 R:2] ACTION: Modifying bit 1 -> 0 (tensor).
[2025-06-04 08:36:07,720] I ThreadPoolExecutor-0_1 - embed_frame_pair:2487 - [P:207 R:2] ACTION: Strengthening bit 1 (orig_ratio=0.9998, inv_a=0.8486).
[2025-06-04 08:36:07,787] I ThreadPoolExecutor-0_3 - _embed_single_pair_task:2706 - [P:498] Selected rings by GPU entropy: [4, 1]
[2025-06-04 08:36:07,793] I ThreadPoolExecutor-0_2 - _embed_single_pair_task:2706 - [P:352] Selected rings by GPU entropy: [0, 4]
[2025-06-04 08:36:07,829] I ThreadPoolExecutor-0_0 - _embed_single_pair_task:2706 - [P:64] Selected rings by GPU entropy: [1, 0]
[2025-06-04 08:36:07,920] I ThreadPoolExecutor-0_1 - _embed_single_pair_task:2706 - [P:208] Selected rings by GPU entropy: [1, 2]
[2025-06-04 08:36:07,957] I ThreadPoolExecutor-0_3 - embed_frame_pair:2487 - [P:498 R:4] ACTION: Strengthening bit 1 (orig_ratio=0.9996, inv_a=0.8443).
[2025-06-04 08:36:07,984] I ThreadPoolExecutor-0_2 - embed_frame_pair:2487 - [P:352 R:0] ACTION: Strengthening bit 0 (orig_ratio=1.0003, alpha_t=1.1958).
[2025-06-04 08:36:07,988] I ThreadPoolExecutor-0_0 - embed_frame_pair:2487 - [P:64 R:1] ACTION: Modifying bit 1 -> 0 (tensor).
[2025-06-04 08:36:08,007] I ThreadPoolExecutor-0_3 - embed_frame_pair:2487 - [P:498 R:1] ACTION: Modifying bit 1 -> 0 (tensor).
[2025-06-04 08:36:08,036] I ThreadPoolExecutor-0_2 - embed_frame_pair:2487 - [P:352 R:4] ACTION: Modifying bit 0 -> 1 (tensor).
[2025-06-04 08:36:08,041] I ThreadPoolExecutor-0_0 - embed_frame_pair:2487 - [P:64 R:0] ACTION: Modifying bit 1 -> 0 (tensor).
[2025-06-04 08:36:08,045] I ThreadPoolExecutor-0_1 - embed_frame_pair:2487 - [P:208 R:1] ACTION: Strengthening bit 0 (orig_ratio=1.0005, alpha_t=1.1813).
[2025-06-04 08:36:08,100] I ThreadPoolExecutor-0_1 - embed_frame_pair:2487 - [P:208 R:2] ACTION: Modifying bit 0 -> 1 (tensor).
[2025-06-04 08:36:08,149] I ThreadPoolExecutor-0_3 - _embed_single_pair_task:2706 - [P:499] Selected rings by GPU entropy: [2, 4]
[2025-06-04 08:36:08,193] I ThreadPoolExecutor-0_2 - _embed_single_pair_task:2706 - [P:353] Selected rings by GPU entropy: [1, 3]
[2025-06-04 08:36:08,200] I ThreadPoolExecutor-0_0 - _embed_single_pair_task:2706 - [P:65] Selected rings by GPU entropy: [2, 6]
[2025-06-04 08:36:08,302] I ThreadPoolExecutor-0_3 - embed_frame_pair:2487 - [P:499 R:2] ACTION: Strengthening bit 1 (orig_ratio=0.9999, inv_a=0.8428).
[2025-06-04 08:36:08,314] I ThreadPoolExecutor-0_1 - _embed_single_pair_task:2706 - [P:209] Selected rings by GPU entropy: [2, 3]
[2025-06-04 08:36:08,336] I ThreadPoolExecutor-0_2 - embed_frame_pair:2487 - [P:353 R:1] ACTION: Modifying bit 0 -> 1 (tensor).
[2025-06-04 08:36:08,347] I ThreadPoolExecutor-0_0 - embed_frame_pair:2487 - [P:65 R:2] ACTION: Modifying bit 1 -> 0 (tensor).
[2025-06-04 08:36:08,353] I ThreadPoolExecutor-0_3 - embed_frame_pair:2487 - [P:499 R:4] ACTION: Strengthening bit 1 (orig_ratio=0.9996, inv_a=0.8451).
[2025-06-04 08:36:08,401] I ThreadPoolExecutor-0_2 - embed_frame_pair:2487 - [P:353 R:3] ACTION: Modifying bit 0 -> 1 (tensor).
[2025-06-04 08:36:08,411] I ThreadPoolExecutor-0_0 - embed_frame_pair:2487 - [P:65 R:6] ACTION: Modifying bit 1 -> 0 (tensor).
[2025-06-04 08:36:08,440] I ThreadPoolExecutor-0_1 - embed_frame_pair:2487 - [P:209 R:2] ACTION: Strengthening bit 1 (orig_ratio=0.9999, inv_a=0.8484).
[2025-06-04 08:36:08,498] I ThreadPoolExecutor-0_1 - embed_frame_pair:2487 - [P:209 R:3] ACTION: Strengthening bit 1 (orig_ratio=0.9998, inv_a=0.8508).
[2025-06-04 08:36:08,515] I ThreadPoolExecutor-0_3 - _embed_single_pair_task:2706 - [P:500] Selected rings by GPU entropy: [3, 4]
[2025-06-04 08:36:08,569] I ThreadPoolExecutor-0_2 - _embed_single_pair_task:2706 - [P:354] Selected rings by GPU entropy: [3, 5]
[2025-06-04 08:36:08,580] I ThreadPoolExecutor-0_0 - _embed_single_pair_task:2706 - [P:66] Selected rings by GPU entropy: [0, 2]
[2025-06-04 08:36:08,663] I ThreadPoolExecutor-0_3 - embed_frame_pair:2487 - [P:500 R:3] ACTION: Modifying bit 1 -> 0 (tensor).
[2025-06-04 08:36:08,693] I ThreadPoolExecutor-0_1 - _embed_single_pair_task:2706 - [P:210] Selected rings by GPU entropy: [1, 3]
[2025-06-04 08:36:08,714] I ThreadPoolExecutor-0_2 - embed_frame_pair:2487 - [P:354 R:3] ACTION: Modifying bit 1 -> 0 (tensor).
[2025-06-04 08:36:08,719] I ThreadPoolExecutor-0_3 - embed_frame_pair:2487 - [P:500 R:4] ACTION: Strengthening bit 1 (orig_ratio=0.9999, inv_a=0.8455).
[2025-06-04 08:36:08,729] I ThreadPoolExecutor-0_0 - embed_frame_pair:2487 - [P:66 R:0] ACTION: Modifying bit 1 -> 0 (tensor).
[2025-06-04 08:36:08,780] I ThreadPoolExecutor-0_2 - embed_frame_pair:2487 - [P:354 R:5] ACTION: Modifying bit 1 -> 0 (tensor).
[2025-06-04 08:36:08,792] I ThreadPoolExecutor-0_0 - embed_frame_pair:2487 - [P:66 R:2] ACTION: Modifying bit 1 -> 0 (tensor).
[2025-06-04 08:36:08,824] I ThreadPoolExecutor-0_1 - embed_frame_pair:2487 - [P:210 R:1] ACTION: Strengthening bit 1 (orig_ratio=0.9995, inv_a=0.8464).
[2025-06-04 08:36:08,869] I ThreadPoolExecutor-0_3 - _embed_single_pair_task:2706 - [P:501] Selected rings by GPU entropy: [3, 1]
[2025-06-04 08:36:08,877] I ThreadPoolExecutor-0_1 - embed_frame_pair:2487 - [P:210 R:3] ACTION: Modifying bit 1 -> 0 (tensor).
[2025-06-04 08:36:08,954] I ThreadPoolExecutor-0_2 - _embed_single_pair_task:2706 - [P:355] Selected rings by GPU entropy: [3, 2]
[2025-06-04 08:36:08,961] I ThreadPoolExecutor-0_0 - _embed_single_pair_task:2706 - [P:67] Selected rings by GPU entropy: [1, 2]
[2025-06-04 08:36:09,009] I ThreadPoolExecutor-0_3 - embed_frame_pair:2487 - [P:501 R:3] ACTION: Modifying bit 0 -> 1 (tensor).
[2025-06-04 08:36:09,080] I ThreadPoolExecutor-0_1 - _embed_single_pair_task:2706 - [P:211] Selected rings by GPU entropy: [1, 2]
[2025-06-04 08:36:09,086] I ThreadPoolExecutor-0_3 - embed_frame_pair:2487 - [P:501 R:1] ACTION: Strengthening bit 1 (orig_ratio=0.9991, inv_a=0.8499).
[2025-06-04 08:36:09,112] I ThreadPoolExecutor-0_0 - embed_frame_pair:2487 - [P:67 R:1] ACTION: Modifying bit 1 -> 0 (tensor).
[2025-06-04 08:36:09,119] I ThreadPoolExecutor-0_2 - embed_frame_pair:2487 - [P:355 R:3] ACTION: Strengthening bit 0 (orig_ratio=1.0001, alpha_t=1.1559).
[2025-06-04 08:36:09,174] I ThreadPoolExecutor-0_0 - embed_frame_pair:2487 - [P:67 R:2] ACTION: Modifying bit 1 -> 0 (tensor).
[2025-06-04 08:36:09,177] I ThreadPoolExecutor-0_2 - embed_frame_pair:2487 - [P:355 R:2] ACTION: Modifying bit 0 -> 1 (tensor).
[2025-06-04 08:36:09,221] I ThreadPoolExecutor-0_1 - embed_frame_pair:2487 - [P:211 R:1] ACTION: Strengthening bit 1 (orig_ratio=0.9987, inv_a=0.8465).
[2025-06-04 08:36:09,244] I ThreadPoolExecutor-0_3 - _embed_single_pair_task:2706 - [P:502] Selected rings by GPU entropy: [3, 1]
[2025-06-04 08:36:09,265] I ThreadPoolExecutor-0_1 - embed_frame_pair:2487 - [P:211 R:2] ACTION: Modifying bit 0 -> 1 (tensor).
[2025-06-04 08:36:09,363] I ThreadPoolExecutor-0_2 - _embed_single_pair_task:2706 - [P:356] Selected rings by GPU entropy: [2, 4]
[2025-06-04 08:36:09,364] I ThreadPoolExecutor-0_0 - _embed_single_pair_task:2706 - [P:68] Selected rings by GPU entropy: [2, 3]
[2025-06-04 08:36:09,399] I ThreadPoolExecutor-0_3 - embed_frame_pair:2487 - [P:502 R:3] ACTION: Modifying bit 1 -> 0 (tensor).
[2025-06-04 08:36:09,475] I ThreadPoolExecutor-0_1 - _embed_single_pair_task:2706 - [P:212] Selected rings by GPU entropy: [1, 2]
[2025-06-04 08:36:09,478] I ThreadPoolExecutor-0_3 - embed_frame_pair:2487 - [P:502 R:1] ACTION: Modifying bit 1 -> 0 (tensor).
[2025-06-04 08:36:09,509] I ThreadPoolExecutor-0_0 - embed_frame_pair:2487 - [P:68 R:2] ACTION: Modifying bit 1 -> 0 (tensor).
[2025-06-04 08:36:09,512] I ThreadPoolExecutor-0_2 - embed_frame_pair:2487 - [P:356 R:2] ACTION: Strengthening bit 0 (orig_ratio=1.0003, alpha_t=1.1498).
[2025-06-04 08:36:09,566] I ThreadPoolExecutor-0_2 - embed_frame_pair:2487 - [P:356 R:4] ACTION: Modifying bit 1 -> 0 (tensor).
[2025-06-04 08:36:09,567] I ThreadPoolExecutor-0_0 - embed_frame_pair:2487 - [P:68 R:3] ACTION: Strengthening bit 0 (orig_ratio=1.0000, alpha_t=1.1516).
[2025-06-04 08:36:09,614] I ThreadPoolExecutor-0_1 - embed_frame_pair:2487 - [P:212 R:1] ACTION: Modifying bit 1 -> 0 (tensor).
[2025-06-04 08:36:09,625] I ThreadPoolExecutor-0_3 - _embed_single_pair_task:2706 - [P:503] Selected rings by GPU entropy: [3, 5]
[2025-06-04 08:36:09,673] I ThreadPoolExecutor-0_1 - embed_frame_pair:2487 - [P:212 R:2] ACTION: Modifying bit 0 -> 1 (tensor).
[2025-06-04 08:36:09,740] I ThreadPoolExecutor-0_2 - _embed_single_pair_task:2706 - [P:357] Selected rings by GPU entropy: [4, 5]
[2025-06-04 08:36:09,746] I ThreadPoolExecutor-0_0 - _embed_single_pair_task:2706 - [P:69] Selected rings by GPU entropy: [1, 2]
[2025-06-04 08:36:09,787] I ThreadPoolExecutor-0_3 - embed_frame_pair:2487 - [P:503 R:3] ACTION: Modifying bit 1 -> 0 (tensor).
[2025-06-04 08:36:09,862] I ThreadPoolExecutor-0_1 - _embed_single_pair_task:2706 - [P:213] Selected rings by GPU entropy: [2, 3]
[2025-06-04 08:36:09,865] I ThreadPoolExecutor-0_3 - embed_frame_pair:2487 - [P:503 R:5] ACTION: Strengthening bit 1 (orig_ratio=0.9999, inv_a=0.8527).
[2025-06-04 08:36:09,893] I ThreadPoolExecutor-0_0 - embed_frame_pair:2487 - [P:69 R:1] ACTION: Modifying bit 1 -> 0 (tensor).
[2025-06-04 08:36:09,896] I ThreadPoolExecutor-0_2 - embed_frame_pair:2487 - [P:357 R:4] ACTION: Modifying bit 1 -> 0 (tensor).
[2025-06-04 08:36:09,953] I ThreadPoolExecutor-0_0 - embed_frame_pair:2487 - [P:69 R:2] ACTION: Modifying bit 1 -> 0 (tensor).
[2025-06-04 08:36:09,953] I ThreadPoolExecutor-0_2 - embed_frame_pair:2487 - [P:357 R:5] ACTION: Modifying bit 1 -> 0 (tensor).
[2025-06-04 08:36:10,003] I ThreadPoolExecutor-0_1 - embed_frame_pair:2487 - [P:213 R:2] ACTION: Strengthening bit 1 (orig_ratio=0.9999, inv_a=0.8479).
[2025-06-04 08:36:10,026] I ThreadPoolExecutor-0_3 - _embed_single_pair_task:2706 - [P:504] Selected rings by GPU entropy: [2, 5]
[2025-06-04 08:36:10,070] I ThreadPoolExecutor-0_1 - embed_frame_pair:2487 - [P:213 R:3] ACTION: Strengthening bit 1 (orig_ratio=0.9997, inv_a=0.8506).
[2025-06-04 08:36:10,143] I ThreadPoolExecutor-0_2 - _embed_single_pair_task:2706 - [P:358] Selected rings by GPU entropy: [3, 2]
[2025-06-04 08:36:10,145] I ThreadPoolExecutor-0_0 - _embed_single_pair_task:2706 - [P:70] Selected rings by GPU entropy: [1, 2]
[2025-06-04 08:36:10,200] I ThreadPoolExecutor-0_3 - embed_frame_pair:2487 - [P:504 R:2] ACTION: Strengthening bit 1 (orig_ratio=0.9997, inv_a=0.8423).
[2025-06-04 08:36:10,268] I ThreadPoolExecutor-0_1 - _embed_single_pair_task:2706 - [P:214] Selected rings by GPU entropy: [1, 3]
[2025-06-04 08:36:10,273] I ThreadPoolExecutor-0_3 - embed_frame_pair:2487 - [P:504 R:5] ACTION: Strengthening bit 0 (orig_ratio=1.0001, alpha_t=1.1723).
[2025-06-04 08:36:10,297] I ThreadPoolExecutor-0_0 - embed_frame_pair:2487 - [P:70 R:1] ACTION: Modifying bit 1 -> 0 (tensor).
[2025-06-04 08:36:10,298] I ThreadPoolExecutor-0_2 - embed_frame_pair:2487 - [P:358 R:3] ACTION: Modifying bit 1 -> 0 (tensor).
[2025-06-04 08:36:10,367] I ThreadPoolExecutor-0_2 - embed_frame_pair:2487 - [P:358 R:2] ACTION: Modifying bit 1 -> 0 (tensor).
[2025-06-04 08:36:10,373] I ThreadPoolExecutor-0_0 - embed_frame_pair:2487 - [P:70 R:2] ACTION: Modifying bit 1 -> 0 (tensor).
[2025-06-04 08:36:10,408] I ThreadPoolExecutor-0_1 - embed_frame_pair:2487 - [P:214 R:1] ACTION: Modifying bit 1 -> 0 (tensor).
[2025-06-04 08:36:10,435] I ThreadPoolExecutor-0_3 - _embed_single_pair_task:2706 - [P:505] Selected rings by GPU entropy: [2, 4]
[2025-06-04 08:36:10,451] I ThreadPoolExecutor-0_1 - embed_frame_pair:2487 - [P:214 R:3] ACTION: Modifying bit 1 -> 0 (tensor).
[2025-06-04 08:36:10,536] I ThreadPoolExecutor-0_2 - _embed_single_pair_task:2706 - [P:359] Selected rings by GPU entropy: [4, 5]
[2025-06-04 08:36:10,544] I ThreadPoolExecutor-0_0 - _embed_single_pair_task:2706 - [P:71] Selected rings by GPU entropy: [0, 2]
[2025-06-04 08:36:10,615] I ThreadPoolExecutor-0_3 - embed_frame_pair:2487 - [P:505 R:2] ACTION: Strengthening bit 0 (orig_ratio=1.0005, alpha_t=1.1871).
[2025-06-04 08:36:10,653] I ThreadPoolExecutor-0_1 - _embed_single_pair_task:2706 - [P:215] Selected rings by GPU entropy: [2, 4]
[2025-06-04 08:36:10,673] I ThreadPoolExecutor-0_3 - embed_frame_pair:2487 - [P:505 R:4] ACTION: Modifying bit 0 -> 1 (tensor).
[2025-06-04 08:36:10,684] I ThreadPoolExecutor-0_2 - embed_frame_pair:2487 - [P:359 R:4] ACTION: Modifying bit 0 -> 1 (tensor).
[2025-06-04 08:36:10,696] I ThreadPoolExecutor-0_0 - embed_frame_pair:2487 - [P:71 R:0] ACTION: Strengthening bit 0 (orig_ratio=1.0000, alpha_t=1.1661).
[2025-06-04 08:36:10,741] I ThreadPoolExecutor-0_2 - embed_frame_pair:2487 - [P:359 R:5] ACTION: Modifying bit 0 -> 1 (tensor).
[2025-06-04 08:36:10,747] I ThreadPoolExecutor-0_0 - embed_frame_pair:2487 - [P:71 R:2] ACTION: Modifying bit 1 -> 0 (tensor).
[2025-06-04 08:36:10,773] I ThreadPoolExecutor-0_1 - embed_frame_pair:2487 - [P:215 R:2] ACTION: Modifying bit 1 -> 0 (tensor).
[2025-06-04 08:36:10,818] I ThreadPoolExecutor-0_3 - _embed_single_pair_task:2706 - [P:506] Selected rings by GPU entropy: [3, 4]
[2025-06-04 08:36:10,827] I ThreadPoolExecutor-0_1 - embed_frame_pair:2487 - [P:215 R:4] ACTION: Strengthening bit 1 (orig_ratio=1.0000, inv_a=0.8435).
[2025-06-04 08:36:10,913] I ThreadPoolExecutor-0_2 - _embed_single_pair_task:2706 - [P:360] Selected rings by GPU entropy: [2, 4]
[2025-06-04 08:36:10,924] I ThreadPoolExecutor-0_0 - _embed_single_pair_task:2706 - [P:72] Selected rings by GPU entropy: [0, 5]
[2025-06-04 08:36:10,985] I ThreadPoolExecutor-0_3 - embed_frame_pair:2487 - [P:506 R:3] ACTION: Strengthening bit 1 (orig_ratio=0.9993, inv_a=0.8400).
[2025-06-04 08:36:11,029] I ThreadPoolExecutor-0_1 - _embed_single_pair_task:2706 - [P:216] Selected rings by GPU entropy: [6, 3]
[2025-06-04 08:36:11,040] I ThreadPoolExecutor-0_3 - embed_frame_pair:2487 - [P:506 R:4] ACTION: Strengthening bit 1 (orig_ratio=0.9994, inv_a=0.8455).
[2025-06-04 08:36:11,054] I ThreadPoolExecutor-0_2 - embed_frame_pair:2487 - [P:360 R:2] ACTION: Modifying bit 1 -> 0 (tensor).
[2025-06-04 08:36:11,063] I ThreadPoolExecutor-0_0 - embed_frame_pair:2487 - [P:72 R:0] ACTION: Modifying bit 1 -> 0 (tensor).
[2025-06-04 08:36:11,122] I ThreadPoolExecutor-0_2 - embed_frame_pair:2487 - [P:360 R:4] ACTION: Modifying bit 1 -> 0 (tensor).
[2025-06-04 08:36:11,132] I ThreadPoolExecutor-0_0 - embed_frame_pair:2487 - [P:72 R:5] ACTION: Modifying bit 1 -> 0 (tensor).
[2025-06-04 08:36:11,182] I ThreadPoolExecutor-0_1 - embed_frame_pair:2487 - [P:216 R:6] ACTION: Strengthening bit 1 (orig_ratio=0.9993, inv_a=0.8358).
[2025-06-04 08:36:11,205] I ThreadPoolExecutor-0_3 - _embed_single_pair_task:2706 - [P:507] Selected rings by GPU entropy: [3, 2]
[2025-06-04 08:36:11,243] I ThreadPoolExecutor-0_1 - embed_frame_pair:2487 - [P:216 R:3] ACTION: Modifying bit 1 -> 0 (tensor).
[2025-06-04 08:36:11,317] I ThreadPoolExecutor-0_2 - _embed_single_pair_task:2706 - [P:361] Selected rings by GPU entropy: [3, 2]
[2025-06-04 08:36:11,321] I ThreadPoolExecutor-0_0 - _embed_single_pair_task:2706 - [P:73] Selected rings by GPU entropy: [0, 2]
[2025-06-04 08:36:11,384] I ThreadPoolExecutor-0_3 - embed_frame_pair:2487 - [P:507 R:3] ACTION: Strengthening bit 1 (orig_ratio=0.9993, inv_a=0.8398).
[2025-06-04 08:36:11,433] I ThreadPoolExecutor-0_1 - _embed_single_pair_task:2706 - [P:217] Selected rings by GPU entropy: [5, 4]
[2025-06-04 08:36:11,442] I ThreadPoolExecutor-0_3 - embed_frame_pair:2487 - [P:507 R:2] ACTION: Strengthening bit 1 (orig_ratio=0.9985, inv_a=0.8415).
[2025-06-04 08:36:11,466] I ThreadPoolExecutor-0_2 - embed_frame_pair:2487 - [P:361 R:3] ACTION: Strengthening bit 1 (orig_ratio=0.9999, inv_a=0.8663).
[2025-06-04 08:36:11,470] I ThreadPoolExecutor-0_0 - embed_frame_pair:2487 - [P:73 R:0] ACTION: Modifying bit 1 -> 0 (tensor).
[2025-06-04 08:36:11,527] I ThreadPoolExecutor-0_2 - embed_frame_pair:2487 - [P:361 R:2] ACTION: Strengthening bit 1 (orig_ratio=0.9998, inv_a=0.8700).
[2025-06-04 08:36:11,528] I ThreadPoolExecutor-0_0 - embed_frame_pair:2487 - [P:73 R:2] ACTION: Strengthening bit 0 (orig_ratio=1.0000, alpha_t=1.1618).
[2025-06-04 08:36:11,564] I ThreadPoolExecutor-0_1 - embed_frame_pair:2487 - [P:217 R:5] ACTION: Modifying bit 1 -> 0 (tensor).
[2025-06-04 08:36:11,595] I ThreadPoolExecutor-0_3 - _embed_single_pair_task:2706 - [P:508] Selected rings by GPU entropy: [2, 4]
[2025-06-04 08:36:11,621] I ThreadPoolExecutor-0_1 - embed_frame_pair:2487 - [P:217 R:4] ACTION: Strengthening bit 1 (orig_ratio=1.0000, inv_a=0.8435).
[2025-06-04 08:36:11,709] I ThreadPoolExecutor-0_0 - _embed_single_pair_task:2706 - [P:74] Selected rings by GPU entropy: [1, 2]
[2025-06-04 08:36:11,709] I ThreadPoolExecutor-0_2 - _embed_single_pair_task:2706 - [P:362] Selected rings by GPU entropy: [2, 5]
[2025-06-04 08:36:11,761] I ThreadPoolExecutor-0_3 - embed_frame_pair:2487 - [P:508 R:2] ACTION: Strengthening bit 0 (orig_ratio=1.0001, alpha_t=1.1876).
[2025-06-04 08:36:11,822] I ThreadPoolExecutor-0_1 - _embed_single_pair_task:2706 - [P:218] Selected rings by GPU entropy: [5, 3]
[2025-06-04 08:36:11,831] I ThreadPoolExecutor-0_3 - embed_frame_pair:2487 - [P:508 R:4] ACTION: Strengthening bit 0 (orig_ratio=1.0016, alpha_t=1.1819).
[2025-06-04 08:36:11,859] I ThreadPoolExecutor-0_0 - embed_frame_pair:2487 - [P:74 R:1] ACTION: Modifying bit 1 -> 0 (tensor).
[2025-06-04 08:36:11,875] I ThreadPoolExecutor-0_2 - embed_frame_pair:2487 - [P:362 R:2] ACTION: Strengthening bit 1 (orig_ratio=0.9999, inv_a=0.8697).
[2025-06-04 08:36:11,913] I ThreadPoolExecutor-0_0 - embed_frame_pair:2487 - [P:74 R:2] ACTION: Modifying bit 1 -> 0 (tensor).
[2025-06-04 08:36:11,931] I ThreadPoolExecutor-0_2 - embed_frame_pair:2487 - [P:362 R:5] ACTION: Modifying bit 0 -> 1 (tensor).
[2025-06-04 08:36:11,939] I ThreadPoolExecutor-0_1 - embed_frame_pair:2487 - [P:218 R:5] ACTION: Modifying bit 0 -> 1 (tensor).
[2025-06-04 08:36:12,002] I ThreadPoolExecutor-0_3 - _embed_single_pair_task:2706 - [P:509] Selected rings by GPU entropy: [3, 5]
[2025-06-04 08:36:12,006] I ThreadPoolExecutor-0_1 - embed_frame_pair:2487 - [P:218 R:3] ACTION: Strengthening bit 1 (orig_ratio=1.0000, inv_a=0.8415).
[2025-06-04 08:36:12,077] I ThreadPoolExecutor-0_0 - _embed_single_pair_task:2706 - [P:75] Selected rings by GPU entropy: [5, 3]
[2025-06-04 08:36:12,093] I ThreadPoolExecutor-0_2 - _embed_single_pair_task:2706 - [P:363] Selected rings by GPU entropy: [3, 6]
[2025-06-04 08:36:12,150] I ThreadPoolExecutor-0_3 - embed_frame_pair:2487 - [P:509 R:3] ACTION: Strengthening bit 0 (orig_ratio=1.0013, alpha_t=1.1894).
[2025-06-04 08:36:12,205] I ThreadPoolExecutor-0_1 - _embed_single_pair_task:2706 - [P:219] Selected rings by GPU entropy: [3, 2]
[2025-06-04 08:36:12,217] I ThreadPoolExecutor-0_3 - embed_frame_pair:2487 - [P:509 R:5] ACTION: Strengthening bit 0 (orig_ratio=1.0005, alpha_t=1.1731).
[2025-06-04 08:36:12,244] I ThreadPoolExecutor-0_0 - embed_frame_pair:2487 - [P:75 R:5] ACTION: Strengthening bit 0 (orig_ratio=1.0000, alpha_t=1.1542).
[2025-06-04 08:36:12,254] I ThreadPoolExecutor-0_2 - embed_frame_pair:2487 - [P:363 R:3] ACTION: Strengthening bit 0 (orig_ratio=1.0002, alpha_t=1.1545).
[2025-06-04 08:36:12,309] I ThreadPoolExecutor-0_0 - embed_frame_pair:2487 - [P:75 R:3] ACTION: Modifying bit 1 -> 0 (tensor).
[2025-06-04 08:36:12,319] I ThreadPoolExecutor-0_2 - embed_frame_pair:2487 - [P:363 R:6] ACTION: Modifying bit 0 -> 1 (tensor).
[2025-06-04 08:36:12,343] I ThreadPoolExecutor-0_1 - embed_frame_pair:2487 - [P:219 R:3] ACTION: Modifying bit 0 -> 1 (tensor).
[2025-06-04 08:36:12,385] I ThreadPoolExecutor-0_3 - _embed_single_pair_task:2706 - [P:510] Selected rings by GPU entropy: [2, 4]
[2025-06-04 08:36:12,398] I ThreadPoolExecutor-0_1 - embed_frame_pair:2487 - [P:219 R:2] ACTION: Modifying bit 0 -> 1 (tensor).
[2025-06-04 08:36:12,502] I ThreadPoolExecutor-0_0 - _embed_single_pair_task:2706 - [P:76] Selected rings by GPU entropy: [0, 5]
[2025-06-04 08:36:12,503] I ThreadPoolExecutor-0_2 - _embed_single_pair_task:2706 - [P:364] Selected rings by GPU entropy: [2, 4]
[2025-06-04 08:36:12,555] I ThreadPoolExecutor-0_3 - embed_frame_pair:2487 - [P:510 R:2] ACTION: Modifying bit 1 -> 0 (tensor).
[2025-06-04 08:36:12,594] I ThreadPoolExecutor-0_1 - _embed_single_pair_task:2706 - [P:220] Selected rings by GPU entropy: [6, 5]
[2025-06-04 08:36:12,622] I ThreadPoolExecutor-0_3 - embed_frame_pair:2487 - [P:510 R:4] ACTION: Modifying bit 1 -> 0 (tensor).
[2025-06-04 08:36:12,650] I ThreadPoolExecutor-0_2 - embed_frame_pair:2487 - [P:364 R:2] ACTION: Modifying bit 0 -> 1 (tensor).
[2025-06-04 08:36:12,652] I ThreadPoolExecutor-0_0 - embed_frame_pair:2487 - [P:76 R:0] ACTION: Modifying bit 1 -> 0 (tensor).
[2025-06-04 08:36:12,705] I ThreadPoolExecutor-0_2 - embed_frame_pair:2487 - [P:364 R:4] ACTION: Strengthening bit 0 (orig_ratio=1.0001, alpha_t=1.1456).
[2025-06-04 08:36:12,707] I ThreadPoolExecutor-0_1 - embed_frame_pair:2487 - [P:220 R:6] ACTION: Strengthening bit 0 (orig_ratio=1.0001, alpha_t=1.1965).
[2025-06-04 08:36:12,708] I ThreadPoolExecutor-0_0 - embed_frame_pair:2487 - [P:76 R:5] ACTION: Strengthening bit 0 (orig_ratio=1.0000, alpha_t=1.1540).
[2025-06-04 08:36:12,776] I ThreadPoolExecutor-0_3 - _embed_single_pair_task:2706 - [P:511] Selected rings by GPU entropy: [2, 4]
[2025-06-04 08:36:12,777] I ThreadPoolExecutor-0_1 - embed_frame_pair:2487 - [P:220 R:5] ACTION: Modifying bit 1 -> 0 (tensor).
[2025-06-04 08:36:12,890] I ThreadPoolExecutor-0_2 - _embed_single_pair_task:2706 - [P:365] Selected rings by GPU entropy: [4, 5]
[2025-06-04 08:36:12,898] I ThreadPoolExecutor-0_0 - _embed_single_pair_task:2706 - [P:77] Selected rings by GPU entropy: [0, 5]
[2025-06-04 08:36:12,943] I ThreadPoolExecutor-0_3 - embed_frame_pair:2487 - [P:511 R:2] ACTION: Modifying bit 1 -> 0 (tensor).
[2025-06-04 08:36:12,944] I ThreadPoolExecutor-0_1 - _embed_single_pair_task:2706 - [P:221] Selected rings by GPU entropy: [6, 2]
[2025-06-04 08:36:13,023] I ThreadPoolExecutor-0_3 - embed_frame_pair:2487 - [P:511 R:4] ACTION: Strengthening bit 1 (orig_ratio=0.9989, inv_a=0.8448).
[2025-06-04 08:36:13,039] I ThreadPoolExecutor-0_2 - embed_frame_pair:2487 - [P:365 R:4] ACTION: Strengthening bit 0 (orig_ratio=1.0001, alpha_t=1.1450).
[2025-06-04 08:36:13,047] I ThreadPoolExecutor-0_0 - embed_frame_pair:2487 - [P:77 R:0] ACTION: Modifying bit 1 -> 0 (tensor).
[2025-06-04 08:36:13,076] I ThreadPoolExecutor-0_1 - embed_frame_pair:2487 - [P:221 R:6] ACTION: Modifying bit 1 -> 0 (tensor).
[2025-06-04 08:36:13,085] I ThreadPoolExecutor-0_2 - embed_frame_pair:2487 - [P:365 R:5] ACTION: Strengthening bit 1 (orig_ratio=0.9999, inv_a=0.8736).
[2025-06-04 08:36:13,095] I ThreadPoolExecutor-0_0 - embed_frame_pair:2487 - [P:77 R:5] ACTION: Strengthening bit 0 (orig_ratio=1.0000, alpha_t=1.1538).
[2025-06-04 08:36:13,141] I ThreadPoolExecutor-0_1 - embed_frame_pair:2487 - [P:221 R:2] ACTION: Modifying bit 1 -> 0 (tensor).
[2025-06-04 08:36:13,159] I ThreadPoolExecutor-0_3 - _embed_single_pair_task:2706 - [P:512] Selected rings by GPU entropy: [3, 6]
[2025-06-04 08:36:13,247] I ThreadPoolExecutor-0_2 - _embed_single_pair_task:2706 - [P:366] Selected rings by GPU entropy: [3, 5]
[2025-06-04 08:36:13,270] I ThreadPoolExecutor-0_0 - _embed_single_pair_task:2706 - [P:78] Selected rings by GPU entropy: [1, 7]
[2025-06-04 08:36:13,296] I ThreadPoolExecutor-0_1 - _embed_single_pair_task:2706 - [P:222] Selected rings by GPU entropy: [6, 4]
[2025-06-04 08:36:13,320] I ThreadPoolExecutor-0_3 - embed_frame_pair:2487 - [P:512 R:3] ACTION: Strengthening bit 0 (orig_ratio=1.0004, alpha_t=1.1887).
[2025-06-04 08:36:13,396] I ThreadPoolExecutor-0_2 - embed_frame_pair:2487 - [P:366 R:3] ACTION: Strengthening bit 0 (orig_ratio=1.0010, alpha_t=1.1554).
[2025-06-04 08:36:13,401] I ThreadPoolExecutor-0_3 - embed_frame_pair:2487 - [P:512 R:6] ACTION: Strengthening bit 1 (orig_ratio=0.9997, inv_a=0.8550).
[2025-06-04 08:36:13,409] I ThreadPoolExecutor-0_0 - embed_frame_pair:2487 - [P:78 R:1] ACTION: Modifying bit 1 -> 0 (tensor).
[2025-06-04 08:36:13,432] I ThreadPoolExecutor-0_1 - embed_frame_pair:2487 - [P:222 R:6] ACTION: Modifying bit 1 -> 0 (tensor).
[2025-06-04 08:36:13,442] I ThreadPoolExecutor-0_2 - embed_frame_pair:2487 - [P:366 R:5] ACTION: Strengthening bit 1 (orig_ratio=0.9997, inv_a=0.8746).
[2025-06-04 08:36:13,457] I ThreadPoolExecutor-0_0 - embed_frame_pair:2487 - [P:78 R:7] ACTION: Strengthening bit 0 (orig_ratio=1.0002, alpha_t=1.1856).
[2025-06-04 08:36:13,482] I ThreadPoolExecutor-0_1 - embed_frame_pair:2487 - [P:222 R:4] ACTION: Strengthening bit 0 (orig_ratio=1.0000, alpha_t=1.1853).
[2025-06-04 08:36:13,552] I ThreadPoolExecutor-0_3 - _embed_single_pair_task:2706 - [P:513] Selected rings by GPU entropy: [2, 4]
[2025-06-04 08:36:13,574] I ThreadPoolExecutor-0_2 - _embed_single_pair_task:2706 - [P:367] Selected rings by GPU entropy: [3, 4]
[2025-06-04 08:36:13,617] I ThreadPoolExecutor-0_0 - _embed_single_pair_task:2706 - [P:79] Selected rings by GPU entropy: [6, 4]
[2025-06-04 08:36:13,673] I ThreadPoolExecutor-0_1 - _embed_single_pair_task:2706 - [P:223] Selected rings by GPU entropy: [6, 5]
[2025-06-04 08:36:13,710] I ThreadPoolExecutor-0_3 - embed_frame_pair:2487 - [P:513 R:2] ACTION: Modifying bit 0 -> 1 (tensor).
[2025-06-04 08:36:13,736] I ThreadPoolExecutor-0_2 - embed_frame_pair:2487 - [P:367 R:3] ACTION: Modifying bit 0 -> 1 (tensor).
[2025-06-04 08:36:13,764] I ThreadPoolExecutor-0_0 - embed_frame_pair:2487 - [P:79 R:6] ACTION: Strengthening bit 0 (orig_ratio=1.0001, alpha_t=1.1829).
[2025-06-04 08:36:13,768] I ThreadPoolExecutor-0_3 - embed_frame_pair:2487 - [P:513 R:4] ACTION: Modifying bit 0 -> 1 (tensor).
[2025-06-04 08:36:13,788] I ThreadPoolExecutor-0_2 - embed_frame_pair:2487 - [P:367 R:4] ACTION: Strengthening bit 1 (orig_ratio=0.9997, inv_a=0.8739).
[2025-06-04 08:36:13,803] I ThreadPoolExecutor-0_1 - embed_frame_pair:2487 - [P:223 R:6] ACTION: Strengthening bit 0 (orig_ratio=1.0000, alpha_t=1.1967).
[2025-06-04 08:36:13,825] I ThreadPoolExecutor-0_0 - embed_frame_pair:2487 - [P:79 R:4] ACTION: Strengthening bit 0 (orig_ratio=1.0039, alpha_t=1.1827).
[2025-06-04 08:36:13,864] I ThreadPoolExecutor-0_1 - embed_frame_pair:2487 - [P:223 R:5] ACTION: Strengthening bit 1 (orig_ratio=0.9999, inv_a=0.8386).
[2025-06-04 08:36:13,922] I ThreadPoolExecutor-0_3 - _embed_single_pair_task:2706 - [P:514] Selected rings by GPU entropy: [3, 2]
[2025-06-04 08:36:13,956] I ThreadPoolExecutor-0_2 - _embed_single_pair_task:2706 - [P:368] Selected rings by GPU entropy: [3, 2]
[2025-06-04 08:36:14,001] I ThreadPoolExecutor-0_0 - _embed_single_pair_task:2706 - [P:80] Selected rings by GPU entropy: [4, 2]
[2025-06-04 08:36:14,052] I ThreadPoolExecutor-0_1 - _embed_single_pair_task:2706 - [P:224] Selected rings by GPU entropy: [5, 2]
[2025-06-04 08:36:14,073] I ThreadPoolExecutor-0_3 - embed_frame_pair:2487 - [P:514 R:3] ACTION: Modifying bit 1 -> 0 (tensor).
[2025-06-04 08:36:14,117] I ThreadPoolExecutor-0_2 - embed_frame_pair:2487 - [P:368 R:3] ACTION: Strengthening bit 0 (orig_ratio=1.0002, alpha_t=1.1576).
[2025-06-04 08:36:14,145] I ThreadPoolExecutor-0_3 - embed_frame_pair:2487 - [P:514 R:2] ACTION: Strengthening bit 0 (orig_ratio=1.0003, alpha_t=1.1864).
[2025-06-04 08:36:14,152] I ThreadPoolExecutor-0_0 - embed_frame_pair:2487 - [P:80 R:4] ACTION: Modifying bit 1 -> 0 (tensor).
[2025-06-04 08:36:14,172] I ThreadPoolExecutor-0_2 - embed_frame_pair:2487 - [P:368 R:2] ACTION: Modifying bit 0 -> 1 (tensor).
[2025-06-04 08:36:14,182] I ThreadPoolExecutor-0_1 - embed_frame_pair:2487 - [P:224 R:5] ACTION: Modifying bit 1 -> 0 (tensor).
[2025-06-04 08:36:14,208] I ThreadPoolExecutor-0_0 - embed_frame_pair:2487 - [P:80 R:2] ACTION: Modifying bit 1 -> 0 (tensor).
[2025-06-04 08:36:14,230] I ThreadPoolExecutor-0_1 - embed_frame_pair:2487 - [P:224 R:2] ACTION: Strengthening bit 1 (orig_ratio=0.9999, inv_a=0.8430).
[2025-06-04 08:36:14,310] I ThreadPoolExecutor-0_3 - _embed_single_pair_task:2706 - [P:515] Selected rings by GPU entropy: [2, 4]
[2025-06-04 08:36:14,312] I ThreadPoolExecutor-0_2 - _embed_single_pair_task:2706 - [P:369] Selected rings by GPU entropy: [3, 2]
[2025-06-04 08:36:14,409] I ThreadPoolExecutor-0_0 - _embed_single_pair_task:2706 - [P:81] Selected rings by GPU entropy: [7, 4]
[2025-06-04 08:36:14,426] I ThreadPoolExecutor-0_1 - _embed_single_pair_task:2706 - [P:225] Selected rings by GPU entropy: [2, 4]
[2025-06-04 08:36:14,476] I ThreadPoolExecutor-0_3 - embed_frame_pair:2487 - [P:515 R:2] ACTION: Strengthening bit 0 (orig_ratio=1.0002, alpha_t=1.1870).
[2025-06-04 08:36:14,476] I ThreadPoolExecutor-0_2 - embed_frame_pair:2487 - [P:369 R:3] ACTION: Modifying bit 0 -> 1 (tensor).
[2025-06-04 08:36:14,531] I ThreadPoolExecutor-0_2 - embed_frame_pair:2487 - [P:369 R:2] ACTION: Strengthening bit 1 (orig_ratio=1.0000, inv_a=0.8662).
[2025-06-04 08:36:14,533] I ThreadPoolExecutor-0_3 - embed_frame_pair:2487 - [P:515 R:4] ACTION: Strengthening bit 1 (orig_ratio=0.9997, inv_a=0.8458).
[2025-06-04 08:36:14,544] I ThreadPoolExecutor-0_0 - embed_frame_pair:2487 - [P:81 R:7] ACTION: Strengthening bit 0 (orig_ratio=1.0060, alpha_t=1.1879).
[2025-06-04 08:36:14,549] I ThreadPoolExecutor-0_1 - embed_frame_pair:2487 - [P:225 R:2] ACTION: Strengthening bit 1 (orig_ratio=1.0000, inv_a=0.8430).
[2025-06-04 08:36:14,601] I ThreadPoolExecutor-0_0 - embed_frame_pair:2487 - [P:81 R:4] ACTION: Modifying bit 1 -> 0 (tensor).
[2025-06-04 08:36:14,602] I ThreadPoolExecutor-0_1 - embed_frame_pair:2487 - [P:225 R:4] ACTION: Modifying bit 0 -> 1 (tensor).
[2025-06-04 08:36:14,681] I ThreadPoolExecutor-0_2 - _embed_single_pair_task:2706 - [P:370] Selected rings by GPU entropy: [2, 5]
[2025-06-04 08:36:14,683] I ThreadPoolExecutor-0_3 - _embed_single_pair_task:2706 - [P:516] Selected rings by GPU entropy: [3, 2]
[2025-06-04 08:36:14,805] I ThreadPoolExecutor-0_1 - _embed_single_pair_task:2706 - [P:226] Selected rings by GPU entropy: [6, 4]
[2025-06-04 08:36:14,806] I ThreadPoolExecutor-0_0 - _embed_single_pair_task:2706 - [P:82] Selected rings by GPU entropy: [6, 3]
[2025-06-04 08:36:14,831] I ThreadPoolExecutor-0_2 - embed_frame_pair:2487 - [P:370 R:2] ACTION: Modifying bit 0 -> 1 (tensor).
[2025-06-04 08:36:14,838] I ThreadPoolExecutor-0_3 - embed_frame_pair:2487 - [P:516 R:3] ACTION: Strengthening bit 0 (orig_ratio=1.0000, alpha_t=1.1893).
[2025-06-04 08:36:14,896] I ThreadPoolExecutor-0_2 - embed_frame_pair:2487 - [P:370 R:5] ACTION: Strengthening bit 0 (orig_ratio=1.0000, alpha_t=1.1406).
[2025-06-04 08:36:14,913] I ThreadPoolExecutor-0_3 - embed_frame_pair:2487 - [P:516 R:2] ACTION: Strengthening bit 0 (orig_ratio=1.0004, alpha_t=1.1871).
[2025-06-04 08:36:14,958] I ThreadPoolExecutor-0_0 - embed_frame_pair:2487 - [P:82 R:6] ACTION: Strengthening bit 0 (orig_ratio=1.0022, alpha_t=1.1868).
[2025-06-04 08:36:14,962] I ThreadPoolExecutor-0_1 - embed_frame_pair:2487 - [P:226 R:6] ACTION: Modifying bit 1 -> 0 (tensor).
[2025-06-04 08:36:14,996] I ThreadPoolExecutor-0_0 - embed_frame_pair:2487 - [P:82 R:3] ACTION: Modifying bit 1 -> 0 (tensor).
[2025-06-04 08:36:15,003] I ThreadPoolExecutor-0_1 - embed_frame_pair:2487 - [P:226 R:4] ACTION: Modifying bit 1 -> 0 (tensor).
[2025-06-04 08:36:15,052] I ThreadPoolExecutor-0_2 - _embed_single_pair_task:2706 - [P:371] Selected rings by GPU entropy: [2, 3]
[2025-06-04 08:36:15,064] I ThreadPoolExecutor-0_3 - _embed_single_pair_task:2706 - [P:517] Selected rings by GPU entropy: [2, 4]
[2025-06-04 08:36:15,183] I ThreadPoolExecutor-0_0 - _embed_single_pair_task:2706 - [P:83] Selected rings by GPU entropy: [6, 4]
[2025-06-04 08:36:15,185] I ThreadPoolExecutor-0_1 - _embed_single_pair_task:2706 - [P:227] Selected rings by GPU entropy: [3, 2]
[2025-06-04 08:36:15,203] I ThreadPoolExecutor-0_2 - embed_frame_pair:2487 - [P:371 R:2] ACTION: Modifying bit 0 -> 1 (tensor).
[2025-06-04 08:36:15,213] I ThreadPoolExecutor-0_3 - embed_frame_pair:2487 - [P:517 R:2] ACTION: Strengthening bit 0 (orig_ratio=1.0006, alpha_t=1.1874).
[2025-06-04 08:36:15,299] I ThreadPoolExecutor-0_2 - embed_frame_pair:2487 - [P:371 R:3] ACTION: Strengthening bit 1 (orig_ratio=0.9997, inv_a=0.8659).
[2025-06-04 08:36:15,300] I ThreadPoolExecutor-0_3 - embed_frame_pair:2487 - [P:517 R:4] ACTION: Strengthening bit 0 (orig_ratio=1.0000, alpha_t=1.1823).
[2025-06-04 08:36:15,331] I ThreadPoolExecutor-0_1 - embed_frame_pair:2487 - [P:227 R:3] ACTION: Modifying bit 1 -> 0 (tensor).
[2025-06-04 08:36:15,332] I ThreadPoolExecutor-0_0 - embed_frame_pair:2487 - [P:83 R:6] ACTION: Strengthening bit 0 (orig_ratio=1.0030, alpha_t=1.1887).
[2025-06-04 08:36:15,390] I ThreadPoolExecutor-0_1 - embed_frame_pair:2487 - [P:227 R:2] ACTION: Strengthening bit 1 (orig_ratio=1.0000, inv_a=0.8431).
[2025-06-04 08:36:15,392] I ThreadPoolExecutor-0_0 - embed_frame_pair:2487 - [P:83 R:4] ACTION: Modifying bit 1 -> 0 (tensor).
[2025-06-04 08:36:15,461] I ThreadPoolExecutor-0_2 - _embed_single_pair_task:2706 - [P:372] Selected rings by GPU entropy: [2, 5]
[2025-06-04 08:36:15,471] I ThreadPoolExecutor-0_3 - _embed_single_pair_task:2706 - [P:518] Selected rings by GPU entropy: [2, 5]
[2025-06-04 08:36:15,594] I ThreadPoolExecutor-0_1 - _embed_single_pair_task:2706 - [P:228] Selected rings by GPU entropy: [4, 7]
[2025-06-04 08:36:15,596] I ThreadPoolExecutor-0_0 - _embed_single_pair_task:2706 - [P:84] Selected rings by GPU entropy: [7, 5]
[2025-06-04 08:36:15,623] I ThreadPoolExecutor-0_2 - embed_frame_pair:2487 - [P:372 R:2] ACTION: Strengthening bit 0 (orig_ratio=1.0004, alpha_t=1.1561).
[2025-06-04 08:36:15,625] I ThreadPoolExecutor-0_3 - embed_frame_pair:2487 - [P:518 R:2] ACTION: Strengthening bit 0 (orig_ratio=1.0002, alpha_t=1.1877).
[2025-06-04 08:36:15,693] I ThreadPoolExecutor-0_2 - embed_frame_pair:2487 - [P:372 R:5] ACTION: Modifying bit 0 -> 1 (tensor).
[2025-06-04 08:36:15,693] I ThreadPoolExecutor-0_3 - embed_frame_pair:2487 - [P:518 R:5] ACTION: Modifying bit 1 -> 0 (tensor).
[2025-06-04 08:36:15,728] I ThreadPoolExecutor-0_1 - embed_frame_pair:2487 - [P:228 R:4] ACTION: Strengthening bit 0 (orig_ratio=1.0000, alpha_t=1.1851).
[2025-06-04 08:36:15,757] I ThreadPoolExecutor-0_0 - embed_frame_pair:2487 - [P:84 R:7] ACTION: Modifying bit 1 -> 0 (tensor).
[2025-06-04 08:36:15,775] I ThreadPoolExecutor-0_1 - embed_frame_pair:2487 - [P:228 R:7] ACTION: Strengthening bit 0 (orig_ratio=1.0001, alpha_t=1.1855).
[2025-06-04 08:36:15,794] I ThreadPoolExecutor-0_0 - embed_frame_pair:2487 - [P:84 R:5] ACTION: Modifying bit 1 -> 0 (tensor).
[2025-06-04 08:36:15,852] I ThreadPoolExecutor-0_2 - _embed_single_pair_task:2706 - [P:373] Selected rings by GPU entropy: [5, 4]
[2025-06-04 08:36:15,855] I ThreadPoolExecutor-0_3 - _embed_single_pair_task:2706 - [P:519] Selected rings by GPU entropy: [2, 4]
[2025-06-04 08:36:15,981] I ThreadPoolExecutor-0_1 - _embed_single_pair_task:2706 - [P:229] Selected rings by GPU entropy: [5, 3]
[2025-06-04 08:36:15,986] I ThreadPoolExecutor-0_0 - _embed_single_pair_task:2706 - [P:85] Selected rings by GPU entropy: [6, 5]
[2025-06-04 08:36:16,023] I ThreadPoolExecutor-0_2 - embed_frame_pair:2487 - [P:373 R:5] ACTION: Modifying bit 0 -> 1 (tensor).
[2025-06-04 08:36:16,036] I ThreadPoolExecutor-0_3 - embed_frame_pair:2487 - [P:519 R:2] ACTION: Modifying bit 0 -> 1 (tensor).
[2025-06-04 08:36:16,095] I ThreadPoolExecutor-0_2 - embed_frame_pair:2487 - [P:373 R:4] ACTION: Modifying bit 0 -> 1 (tensor).
[2025-06-04 08:36:16,103] I ThreadPoolExecutor-0_3 - embed_frame_pair:2487 - [P:519 R:4] ACTION: Modifying bit 0 -> 1 (tensor).
[2025-06-04 08:36:16,122] I ThreadPoolExecutor-0_0 - embed_frame_pair:2487 - [P:85 R:6] ACTION: Strengthening bit 0 (orig_ratio=1.0060, alpha_t=1.1940).
[2025-06-04 08:36:16,122] I ThreadPoolExecutor-0_1 - embed_frame_pair:2487 - [P:229 R:5] ACTION: Modifying bit 1 -> 0 (tensor).
[2025-06-04 08:36:16,173] I ThreadPoolExecutor-0_0 - embed_frame_pair:2487 - [P:85 R:5] ACTION: Modifying bit 1 -> 0 (tensor).
[2025-06-04 08:36:16,176] I ThreadPoolExecutor-0_1 - embed_frame_pair:2487 - [P:229 R:3] ACTION: Strengthening bit 0 (orig_ratio=1.0000, alpha_t=1.1879).
[2025-06-04 08:36:16,250] I ThreadPoolExecutor-0_2 - _embed_single_pair_task:2706 - [P:374] Selected rings by GPU entropy: [2, 5]
[2025-06-04 08:36:16,254] I ThreadPoolExecutor-0_3 - _embed_single_pair_task:2706 - [P:520] Selected rings by GPU entropy: [3, 5]
[2025-06-04 08:36:16,388] I ThreadPoolExecutor-0_0 - _embed_single_pair_task:2706 - [P:86] Selected rings by GPU entropy: [6, 2]
[2025-06-04 08:36:16,391] I ThreadPoolExecutor-0_1 - _embed_single_pair_task:2706 - [P:230] Selected rings by GPU entropy: [3, 4]
[2025-06-04 08:36:16,435] I ThreadPoolExecutor-0_2 - embed_frame_pair:2487 - [P:374 R:2] ACTION: Modifying bit 1 -> 0 (tensor).
[2025-06-04 08:36:16,435] I ThreadPoolExecutor-0_3 - embed_frame_pair:2487 - [P:520 R:3] ACTION: Modifying bit 1 -> 0 (tensor).
[2025-06-04 08:36:16,510] I ThreadPoolExecutor-0_3 - embed_frame_pair:2487 - [P:520 R:5] ACTION: Strengthening bit 0 (orig_ratio=1.0002, alpha_t=1.1741).
[2025-06-04 08:36:16,510] I ThreadPoolExecutor-0_2 - embed_frame_pair:2487 - [P:374 R:5] ACTION: Modifying bit 1 -> 0 (tensor).
[2025-06-04 08:36:16,535] I ThreadPoolExecutor-0_1 - embed_frame_pair:2487 - [P:230 R:3] ACTION: Modifying bit 1 -> 0 (tensor).
[2025-06-04 08:36:16,536] I ThreadPoolExecutor-0_0 - embed_frame_pair:2487 - [P:86 R:6] ACTION: Modifying bit 1 -> 0 (tensor).
[2025-06-04 08:36:16,606] I ThreadPoolExecutor-0_1 - embed_frame_pair:2487 - [P:230 R:4] ACTION: Strengthening bit 0 (orig_ratio=1.0000, alpha_t=1.1851).
[2025-06-04 08:36:16,607] I ThreadPoolExecutor-0_0 - embed_frame_pair:2487 - [P:86 R:2] ACTION: Modifying bit 1 -> 0 (tensor).
[2025-06-04 08:36:16,685] I ThreadPoolExecutor-0_3 - _embed_single_pair_task:2706 - [P:521] Selected rings by GPU entropy: [4, 1]
[2025-06-04 08:36:16,687] I ThreadPoolExecutor-0_2 - _embed_single_pair_task:2706 - [P:375] Selected rings by GPU entropy: [6, 4]
[2025-06-04 08:36:16,815] I ThreadPoolExecutor-0_1 - _embed_single_pair_task:2706 - [P:231] Selected rings by GPU entropy: [6, 3]
[2025-06-04 08:36:16,816] I ThreadPoolExecutor-0_0 - _embed_single_pair_task:2706 - [P:87] Selected rings by GPU entropy: [6, 1]
[2025-06-04 08:36:16,846] I ThreadPoolExecutor-0_2 - embed_frame_pair:2487 - [P:375 R:6] ACTION: Modifying bit 1 -> 0 (tensor).
[2025-06-04 08:36:16,849] I ThreadPoolExecutor-0_3 - embed_frame_pair:2487 - [P:521 R:4] ACTION: Strengthening bit 1 (orig_ratio=0.9997, inv_a=0.8461).
[2025-06-04 08:36:16,917] I ThreadPoolExecutor-0_2 - embed_frame_pair:2487 - [P:375 R:4] ACTION: Strengthening bit 1 (orig_ratio=0.9999, inv_a=0.8787).
[2025-06-04 08:36:16,919] I ThreadPoolExecutor-0_3 - embed_frame_pair:2487 - [P:521 R:1] ACTION: Modifying bit 0 -> 1 (tensor).
[2025-06-04 08:36:16,943] I ThreadPoolExecutor-0_1 - embed_frame_pair:2487 - [P:231 R:6] ACTION: Strengthening bit 1 (orig_ratio=0.9999, inv_a=0.8358).
[2025-06-04 08:36:16,980] I ThreadPoolExecutor-0_0 - embed_frame_pair:2487 - [P:87 R:6] ACTION: Modifying bit 1 -> 0 (tensor).
[2025-06-04 08:36:16,996] I ThreadPoolExecutor-0_1 - embed_frame_pair:2487 - [P:231 R:3] ACTION: Modifying bit 0 -> 1 (tensor).
[2025-06-04 08:36:17,035] I ThreadPoolExecutor-0_0 - embed_frame_pair:2487 - [P:87 R:1] ACTION: Modifying bit 1 -> 0 (tensor).
[2025-06-04 08:36:17,074] I ThreadPoolExecutor-0_3 - _embed_single_pair_task:2706 - [P:522] Selected rings by GPU entropy: [3, 1]
[2025-06-04 08:36:17,076] I ThreadPoolExecutor-0_2 - _embed_single_pair_task:2706 - [P:376] Selected rings by GPU entropy: [2, 1]
[2025-06-04 08:36:17,194] I ThreadPoolExecutor-0_1 - _embed_single_pair_task:2706 - [P:232] Selected rings by GPU entropy: [2, 7]
[2025-06-04 08:36:17,203] I ThreadPoolExecutor-0_0 - _embed_single_pair_task:2706 - [P:88] Selected rings by GPU entropy: [7, 2]
[2025-06-04 08:36:17,253] I ThreadPoolExecutor-0_3 - embed_frame_pair:2487 - [P:522 R:3] ACTION: Modifying bit 0 -> 1 (tensor).
[2025-06-04 08:36:17,259] I ThreadPoolExecutor-0_2 - embed_frame_pair:2487 - [P:376 R:2] ACTION: Strengthening bit 1 (orig_ratio=0.9995, inv_a=0.8684).
[2025-06-04 08:36:17,312] I ThreadPoolExecutor-0_3 - embed_frame_pair:2487 - [P:522 R:1] ACTION: Modifying bit 0 -> 1 (tensor).
[2025-06-04 08:36:17,313] I ThreadPoolExecutor-0_2 - embed_frame_pair:2487 - [P:376 R:1] ACTION: Strengthening bit 0 (orig_ratio=1.0004, alpha_t=1.1438).
[2025-06-04 08:36:17,327] I ThreadPoolExecutor-0_1 - embed_frame_pair:2487 - [P:232 R:2] ACTION: Strengthening bit 0 (orig_ratio=1.0001, alpha_t=1.1861).
[2025-06-04 08:36:17,329] I ThreadPoolExecutor-0_0 - embed_frame_pair:2487 - [P:88 R:7] ACTION: Modifying bit 1 -> 0 (tensor).
[2025-06-04 08:36:17,376] I ThreadPoolExecutor-0_1 - embed_frame_pair:2487 - [P:232 R:7] ACTION: Strengthening bit 0 (orig_ratio=1.0000, alpha_t=1.1856).
[2025-06-04 08:36:17,377] I ThreadPoolExecutor-0_0 - embed_frame_pair:2487 - [P:88 R:2] ACTION: Modifying bit 1 -> 0 (tensor).
[2025-06-04 08:36:17,459] I ThreadPoolExecutor-0_3 - _embed_single_pair_task:2706 - [P:523] Selected rings by GPU entropy: [4, 1]
[2025-06-04 08:36:17,461] I ThreadPoolExecutor-0_2 - _embed_single_pair_task:2706 - [P:377] Selected rings by GPU entropy: [5, 6]
[2025-06-04 08:36:17,593] I ThreadPoolExecutor-0_1 - _embed_single_pair_task:2706 - [P:233] Selected rings by GPU entropy: [5, 3]
[2025-06-04 08:36:17,598] I ThreadPoolExecutor-0_0 - _embed_single_pair_task:2706 - [P:89] Selected rings by GPU entropy: [6, 7]
[2025-06-04 08:36:17,643] I ThreadPoolExecutor-0_2 - embed_frame_pair:2487 - [P:377 R:5] ACTION: Modifying bit 1 -> 0 (tensor).
[2025-06-04 08:36:17,649] I ThreadPoolExecutor-0_3 - embed_frame_pair:2487 - [P:523 R:4] ACTION: Strengthening bit 0 (orig_ratio=1.0000, alpha_t=1.1817).
[2025-06-04 08:36:17,708] I ThreadPoolExecutor-0_3 - embed_frame_pair:2487 - [P:523 R:1] ACTION: Modifying bit 0 -> 1 (tensor).
[2025-06-04 08:36:17,710] I ThreadPoolExecutor-0_2 - embed_frame_pair:2487 - [P:377 R:6] ACTION: Strengthening bit 1 (orig_ratio=1.0000, inv_a=0.8761).
[2025-06-04 08:36:17,726] I ThreadPoolExecutor-0_0 - embed_frame_pair:2487 - [P:89 R:6] ACTION: Modifying bit 1 -> 0 (tensor).
[2025-06-04 08:36:17,729] I ThreadPoolExecutor-0_1 - embed_frame_pair:2487 - [P:233 R:5] ACTION: Strengthening bit 1 (orig_ratio=0.9999, inv_a=0.8386).
[2025-06-04 08:36:17,780] I ThreadPoolExecutor-0_1 - embed_frame_pair:2487 - [P:233 R:3] ACTION: Strengthening bit 1 (orig_ratio=1.0000, inv_a=0.8419).
[2025-06-04 08:36:17,781] I ThreadPoolExecutor-0_0 - embed_frame_pair:2487 - [P:89 R:7] ACTION: Strengthening bit 0 (orig_ratio=1.0001, alpha_t=1.1880).
[2025-06-04 08:36:17,861] I ThreadPoolExecutor-0_3 - _embed_single_pair_task:2706 - [P:524] Selected rings by GPU entropy: [2, 1]
[2025-06-04 08:36:17,865] I ThreadPoolExecutor-0_2 - _embed_single_pair_task:2706 - [P:378] Selected rings by GPU entropy: [3, 2]
[2025-06-04 08:36:17,990] I ThreadPoolExecutor-0_1 - _embed_single_pair_task:2706 - [P:234] Selected rings by GPU entropy: [6, 7]
[2025-06-04 08:36:17,992] I ThreadPoolExecutor-0_0 - _embed_single_pair_task:2706 - [P:90] Selected rings by GPU entropy: [6, 5]
[2025-06-04 08:36:18,024] I ThreadPoolExecutor-0_3 - embed_frame_pair:2487 - [P:524 R:2] ACTION: Strengthening bit 1 (orig_ratio=0.9998, inv_a=0.8420).
[2025-06-04 08:36:18,026] I ThreadPoolExecutor-0_2 - embed_frame_pair:2487 - [P:378 R:3] ACTION: Strengthening bit 1 (orig_ratio=0.9997, inv_a=0.8680).
[2025-06-04 08:36:18,094] I ThreadPoolExecutor-0_2 - embed_frame_pair:2487 - [P:378 R:2] ACTION: Strengthening bit 1 (orig_ratio=0.9998, inv_a=0.8700).
[2025-06-04 08:36:18,103] I ThreadPoolExecutor-0_3 - embed_frame_pair:2487 - [P:524 R:1] ACTION: Strengthening bit 0 (orig_ratio=1.0002, alpha_t=1.1788).
[2025-06-04 08:36:18,117] I ThreadPoolExecutor-0_1 - embed_frame_pair:2487 - [P:234 R:6] ACTION: Strengthening bit 1 (orig_ratio=1.0000, inv_a=0.8358).
[2025-06-04 08:36:18,145] I ThreadPoolExecutor-0_0 - embed_frame_pair:2487 - [P:90 R:6] ACTION: Modifying bit 1 -> 0 (tensor).
[2025-06-04 08:36:18,167] I ThreadPoolExecutor-0_1 - embed_frame_pair:2487 - [P:234 R:7] ACTION: Strengthening bit 1 (orig_ratio=0.9999, inv_a=0.8436).
[2025-06-04 08:36:18,187] I ThreadPoolExecutor-0_0 - embed_frame_pair:2487 - [P:90 R:5] ACTION: Modifying bit 1 -> 0 (tensor).
[2025-06-04 08:36:18,246] I ThreadPoolExecutor-0_2 - _embed_single_pair_task:2706 - [P:379] Selected rings by GPU entropy: [3, 5]
[2025-06-04 08:36:18,252] I ThreadPoolExecutor-0_3 - _embed_single_pair_task:2706 - [P:525] Selected rings by GPU entropy: [3, 2]
[2025-06-04 08:36:18,377] I ThreadPoolExecutor-0_0 - _embed_single_pair_task:2706 - [P:91] Selected rings by GPU entropy: [6, 5]
[2025-06-04 08:36:18,379] I ThreadPoolExecutor-0_1 - _embed_single_pair_task:2706 - [P:235] Selected rings by GPU entropy: [6, 5]
[2025-06-04 08:36:18,397] I ThreadPoolExecutor-0_3 - embed_frame_pair:2487 - [P:525 R:3] ACTION: Modifying bit 1 -> 0 (tensor).
[2025-06-04 08:36:18,401] I ThreadPoolExecutor-0_2 - embed_frame_pair:2487 - [P:379 R:3] ACTION: Strengthening bit 1 (orig_ratio=0.9998, inv_a=0.8686).
[2025-06-04 08:36:18,461] I ThreadPoolExecutor-0_3 - embed_frame_pair:2487 - [P:525 R:2] ACTION: Strengthening bit 1 (orig_ratio=1.0000, inv_a=0.8422).
[2025-06-04 08:36:18,476] I ThreadPoolExecutor-0_2 - embed_frame_pair:2487 - [P:379 R:5] ACTION: Modifying bit 0 -> 1 (tensor).
[2025-06-04 08:36:18,522] I ThreadPoolExecutor-0_0 - embed_frame_pair:2487 - [P:91 R:6] ACTION: Strengthening bit 0 (orig_ratio=1.0533, alpha_t=1.1831).
[2025-06-04 08:36:18,540] I ThreadPoolExecutor-0_1 - embed_frame_pair:2487 - [P:235 R:6] ACTION: Modifying bit 1 -> 0 (tensor).
[2025-06-04 08:36:18,566] I ThreadPoolExecutor-0_0 - embed_frame_pair:2487 - [P:91 R:5] ACTION: Strengthening bit 0 (orig_ratio=1.0352, alpha_t=1.1844).
[2025-06-04 08:36:18,607] I ThreadPoolExecutor-0_1 - embed_frame_pair:2487 - [P:235 R:5] ACTION: Modifying bit 0 -> 1 (tensor).
[2025-06-04 08:36:18,618] I ThreadPoolExecutor-0_3 - _embed_single_pair_task:2706 - [P:526] Selected rings by GPU entropy: [3, 2]
[2025-06-04 08:36:18,629] I ThreadPoolExecutor-0_2 - _embed_single_pair_task:2706 - [P:380] Selected rings by GPU entropy: [2, 1]
[2025-06-04 08:36:18,749] I ThreadPoolExecutor-0_0 - _embed_single_pair_task:2706 - [P:92] Selected rings by GPU entropy: [4, 6]
[2025-06-04 08:36:18,780] I ThreadPoolExecutor-0_1 - _embed_single_pair_task:2706 - [P:236] Selected rings by GPU entropy: [6, 4]
[2025-06-04 08:36:18,796] I ThreadPoolExecutor-0_2 - embed_frame_pair:2487 - [P:380 R:2] ACTION: Modifying bit 1 -> 0 (tensor).
[2025-06-04 08:36:18,797] I ThreadPoolExecutor-0_3 - embed_frame_pair:2487 - [P:526 R:3] ACTION: Strengthening bit 0 (orig_ratio=1.0000, alpha_t=1.1895).
[2025-06-04 08:36:18,862] I ThreadPoolExecutor-0_2 - embed_frame_pair:2487 - [P:380 R:1] ACTION: Modifying bit 1 -> 0 (tensor).
[2025-06-04 08:36:18,877] I ThreadPoolExecutor-0_3 - embed_frame_pair:2487 - [P:526 R:2] ACTION: Strengthening bit 1 (orig_ratio=0.9998, inv_a=0.8422).
[2025-06-04 08:36:18,888] I ThreadPoolExecutor-0_0 - embed_frame_pair:2487 - [P:92 R:4] ACTION: Strengthening bit 0 (orig_ratio=1.0001, alpha_t=1.1844).
[2025-06-04 08:36:18,918] I ThreadPoolExecutor-0_1 - embed_frame_pair:2487 - [P:236 R:6] ACTION: Strengthening bit 1 (orig_ratio=0.9998, inv_a=0.8359).
[2025-06-04 08:36:18,948] I ThreadPoolExecutor-0_0 - embed_frame_pair:2487 - [P:92 R:6] ACTION: Strengthening bit 0 (orig_ratio=1.0001, alpha_t=1.1739).
[2025-06-04 08:36:18,984] I ThreadPoolExecutor-0_1 - embed_frame_pair:2487 - [P:236 R:4] ACTION: Modifying bit 1 -> 0 (tensor).
[2025-06-04 08:36:19,020] I ThreadPoolExecutor-0_2 - _embed_single_pair_task:2706 - [P:381] Selected rings by GPU entropy: [2, 1]
[2025-06-04 08:36:19,035] I ThreadPoolExecutor-0_3 - _embed_single_pair_task:2706 - [P:527] Selected rings by GPU entropy: [3, 5]
[2025-06-04 08:36:19,153] I ThreadPoolExecutor-0_0 - _embed_single_pair_task:2706 - [P:93] Selected rings by GPU entropy: [3, 6]
[2025-06-04 08:36:19,159] I ThreadPoolExecutor-0_1 - _embed_single_pair_task:2706 - [P:237] Selected rings by GPU entropy: [5, 3]
[2025-06-04 08:36:19,198] I ThreadPoolExecutor-0_2 - embed_frame_pair:2487 - [P:381 R:2] ACTION: Modifying bit 1 -> 0 (tensor).
[2025-06-04 08:36:19,207] I ThreadPoolExecutor-0_3 - embed_frame_pair:2487 - [P:527 R:3] ACTION: Strengthening bit 1 (orig_ratio=0.9443, inv_a=0.8407).
[2025-06-04 08:36:19,266] I ThreadPoolExecutor-0_2 - embed_frame_pair:2487 - [P:381 R:1] ACTION: Strengthening bit 0 (orig_ratio=1.0005, alpha_t=1.1449).
[2025-06-04 08:36:19,270] I ThreadPoolExecutor-0_3 - embed_frame_pair:2487 - [P:527 R:5] ACTION: Strengthening bit 1 (orig_ratio=0.9648, inv_a=0.8518).
[2025-06-04 08:36:19,288] I ThreadPoolExecutor-0_0 - embed_frame_pair:2487 - [P:93 R:3] ACTION: Strengthening bit 0 (orig_ratio=1.0049, alpha_t=1.1843).
[2025-06-04 08:36:19,296] I ThreadPoolExecutor-0_1 - embed_frame_pair:2487 - [P:237 R:5] ACTION: Modifying bit 1 -> 0 (tensor).
[2025-06-04 08:36:19,344] I ThreadPoolExecutor-0_0 - embed_frame_pair:2487 - [P:93 R:6] ACTION: Modifying bit 0 -> 1 (tensor).
[2025-06-04 08:36:19,346] I ThreadPoolExecutor-0_1 - embed_frame_pair:2487 - [P:237 R:3] ACTION: Strengthening bit 1 (orig_ratio=1.0000, inv_a=0.8421).
[2025-06-04 08:36:19,430] I ThreadPoolExecutor-0_2 - _embed_single_pair_task:2706 - [P:382] Selected rings by GPU entropy: [3, 2]
[2025-06-04 08:36:19,434] I ThreadPoolExecutor-0_3 - _embed_single_pair_task:2706 - [P:528] Selected rings by GPU entropy: [2, 4]
[2025-06-04 08:36:19,558] I ThreadPoolExecutor-0_0 - _embed_single_pair_task:2706 - [P:94] Selected rings by GPU entropy: [3, 5]
[2025-06-04 08:36:19,561] I ThreadPoolExecutor-0_1 - _embed_single_pair_task:2706 - [P:238] Selected rings by GPU entropy: [6, 3]
[2025-06-04 08:36:19,595] I ThreadPoolExecutor-0_3 - embed_frame_pair:2487 - [P:528 R:2] ACTION: Modifying bit 1 -> 0 (tensor).
[2025-06-04 08:36:19,595] I ThreadPoolExecutor-0_2 - embed_frame_pair:2487 - [P:382 R:3] ACTION: Modifying bit 1 -> 0 (tensor).
[2025-06-04 08:36:19,675] I ThreadPoolExecutor-0_2 - embed_frame_pair:2487 - [P:382 R:2] ACTION: Modifying bit 1 -> 0 (tensor).
[2025-06-04 08:36:19,680] I ThreadPoolExecutor-0_3 - embed_frame_pair:2487 - [P:528 R:4] ACTION: Strengthening bit 1 (orig_ratio=0.9999, inv_a=0.8412).
[2025-06-04 08:36:19,707] I ThreadPoolExecutor-0_0 - embed_frame_pair:2487 - [P:94 R:3] ACTION: Modifying bit 0 -> 1 (tensor).
[2025-06-04 08:36:19,708] I ThreadPoolExecutor-0_1 - embed_frame_pair:2487 - [P:238 R:6] ACTION: Modifying bit 1 -> 0 (tensor).
[2025-06-04 08:36:19,763] I ThreadPoolExecutor-0_1 - embed_frame_pair:2487 - [P:238 R:3] ACTION: Modifying bit 0 -> 1 (tensor).
[2025-06-04 08:36:19,764] I ThreadPoolExecutor-0_0 - embed_frame_pair:2487 - [P:94 R:5] ACTION: Modifying bit 1 -> 0 (tensor).
[2025-06-04 08:36:19,846] I ThreadPoolExecutor-0_2 - _embed_single_pair_task:2706 - [P:383] Selected rings by GPU entropy: [3, 6]
[2025-06-04 08:36:19,855] I ThreadPoolExecutor-0_3 - _embed_single_pair_task:2706 - [P:529] Selected rings by GPU entropy: [1, 2]
[2025-06-04 08:36:19,982] I ThreadPoolExecutor-0_1 - _embed_single_pair_task:2706 - [P:239] Selected rings by GPU entropy: [3, 2]
[2025-06-04 08:36:19,983] I ThreadPoolExecutor-0_0 - _embed_single_pair_task:2706 - [P:95] Selected rings by GPU entropy: [4, 5]
[2025-06-04 08:36:20,013] I ThreadPoolExecutor-0_2 - embed_frame_pair:2487 - [P:383 R:3] ACTION: Modifying bit 1 -> 0 (tensor).
[2025-06-04 08:36:20,021] I ThreadPoolExecutor-0_3 - embed_frame_pair:2487 - [P:529 R:1] ACTION: Strengthening bit 1 (orig_ratio=0.9998, inv_a=0.8312).
[2025-06-04 08:36:20,089] I ThreadPoolExecutor-0_2 - embed_frame_pair:2487 - [P:383 R:6] ACTION: Strengthening bit 1 (orig_ratio=0.9998, inv_a=0.8793).
[2025-06-04 08:36:20,098] I ThreadPoolExecutor-0_3 - embed_frame_pair:2487 - [P:529 R:2] ACTION: Strengthening bit 1 (orig_ratio=0.9998, inv_a=0.8359).
[2025-06-04 08:36:20,116] I ThreadPoolExecutor-0_1 - embed_frame_pair:2487 - [P:239 R:3] ACTION: Strengthening bit 1 (orig_ratio=1.0000, inv_a=0.8422).
[2025-06-04 08:36:20,147] I ThreadPoolExecutor-0_0 - embed_frame_pair:2487 - [P:95 R:4] ACTION: Strengthening bit 1 (orig_ratio=1.0000, inv_a=0.8453).
[2025-06-04 08:36:20,171] I ThreadPoolExecutor-0_1 - embed_frame_pair:2487 - [P:239 R:2] ACTION: Strengthening bit 1 (orig_ratio=1.0000, inv_a=0.8432).
[2025-06-04 08:36:20,192] I ThreadPoolExecutor-0_0 - embed_frame_pair:2487 - [P:95 R:5] ACTION: Modifying bit 1 -> 0 (tensor).
[2025-06-04 08:36:20,241] I ThreadPoolExecutor-0_2 - _embed_single_pair_task:2706 - [P:384] Selected rings by GPU entropy: [3, 1]
[2025-06-04 08:36:20,249] I ThreadPoolExecutor-0_3 - _embed_single_pair_task:2706 - [P:530] Selected rings by GPU entropy: [2, 3]
[2025-06-04 08:36:20,374] I ThreadPoolExecutor-0_1 - _embed_single_pair_task:2706 - [P:240] Selected rings by GPU entropy: [6, 5]
[2025-06-04 08:36:20,381] I ThreadPoolExecutor-0_0 - _embed_single_pair_task:2706 - [P:96] Selected rings by GPU entropy: [4, 2]
[2025-06-04 08:36:20,413] I ThreadPoolExecutor-0_2 - embed_frame_pair:2487 - [P:384 R:3] ACTION: Modifying bit 1 -> 0 (tensor).
[2025-06-04 08:36:20,435] I ThreadPoolExecutor-0_3 - embed_frame_pair:2487 - [P:530 R:2] ACTION: Strengthening bit 1 (orig_ratio=0.9998, inv_a=0.8359).
[2025-06-04 08:36:20,485] I ThreadPoolExecutor-0_2 - embed_frame_pair:2487 - [P:384 R:1] ACTION: Modifying bit 0 -> 1 (tensor).
[2025-06-04 08:36:20,496] I ThreadPoolExecutor-0_3 - embed_frame_pair:2487 - [P:530 R:3] ACTION: Modifying bit 1 -> 0 (tensor).
[2025-06-04 08:36:20,509] I ThreadPoolExecutor-0_1 - embed_frame_pair:2487 - [P:240 R:6] ACTION: Modifying bit 1 -> 0 (tensor).
[2025-06-04 08:36:20,519] I ThreadPoolExecutor-0_0 - embed_frame_pair:2487 - [P:96 R:4] ACTION: Strengthening bit 0 (orig_ratio=1.0001, alpha_t=1.1832).
[2025-06-04 08:36:20,559] I ThreadPoolExecutor-0_1 - embed_frame_pair:2487 - [P:240 R:5] ACTION: Strengthening bit 1 (orig_ratio=0.9999, inv_a=0.8385).
[2025-06-04 08:36:20,571] I ThreadPoolExecutor-0_0 - embed_frame_pair:2487 - [P:96 R:2] ACTION: Modifying bit 0 -> 1 (tensor).
[2025-06-04 08:36:20,632] I ThreadPoolExecutor-0_2 - _embed_single_pair_task:2706 - [P:385] Selected rings by GPU entropy: [1, 5]
[2025-06-04 08:36:20,645] I ThreadPoolExecutor-0_3 - _embed_single_pair_task:2706 - [P:531] Selected rings by GPU entropy: [1, 3]
[2025-06-04 08:36:20,767] I ThreadPoolExecutor-0_1 - _embed_single_pair_task:2706 - [P:241] Selected rings by GPU entropy: [6, 2]
[2025-06-04 08:36:20,769] I ThreadPoolExecutor-0_0 - _embed_single_pair_task:2706 - [P:97] Selected rings by GPU entropy: [4, 1]
[2025-06-04 08:36:20,794] I ThreadPoolExecutor-0_2 - embed_frame_pair:2487 - [P:385 R:1] ACTION: Strengthening bit 1 (orig_ratio=0.9985, inv_a=0.8763).
[2025-06-04 08:36:20,802] I ThreadPoolExecutor-0_3 - embed_frame_pair:2487 - [P:531 R:1] ACTION: Strengthening bit 1 (orig_ratio=1.0000, inv_a=0.8313).
[2025-06-04 08:36:20,846] I ThreadPoolExecutor-0_2 - embed_frame_pair:2487 - [P:385 R:5] ACTION: Strengthening bit 1 (orig_ratio=0.9999, inv_a=0.8788).
[2025-06-04 08:36:20,851] I ThreadPoolExecutor-0_3 - embed_frame_pair:2487 - [P:531 R:3] ACTION: Strengthening bit 1 (orig_ratio=0.9999, inv_a=0.8400).
[2025-06-04 08:36:20,893] I ThreadPoolExecutor-0_1 - embed_frame_pair:2487 - [P:241 R:6] ACTION: Strengthening bit 1 (orig_ratio=0.9998, inv_a=0.8360).
[2025-06-04 08:36:20,950] I ThreadPoolExecutor-0_1 - embed_frame_pair:2487 - [P:241 R:2] ACTION: Strengthening bit 1 (orig_ratio=1.0000, inv_a=0.8433).
[2025-06-04 08:36:20,967] I ThreadPoolExecutor-0_0 - embed_frame_pair:2487 - [P:97 R:4] ACTION: Modifying bit 0 -> 1 (tensor).
[2025-06-04 08:36:21,007] I ThreadPoolExecutor-0_2 - _embed_single_pair_task:2706 - [P:386] Selected rings by GPU entropy: [3, 1]
[2025-06-04 08:36:21,014] I ThreadPoolExecutor-0_3 - _embed_single_pair_task:2706 - [P:532] Selected rings by GPU entropy: [2, 3]
[2025-06-04 08:36:21,025] I ThreadPoolExecutor-0_0 - embed_frame_pair:2487 - [P:97 R:1] ACTION: Modifying bit 0 -> 1 (tensor).
[2025-06-04 08:36:21,140] I ThreadPoolExecutor-0_1 - _embed_single_pair_task:2706 - [P:242] Selected rings by GPU entropy: [4, 7]
[2025-06-04 08:36:21,161] I ThreadPoolExecutor-0_2 - embed_frame_pair:2487 - [P:386 R:3] ACTION: Modifying bit 1 -> 0 (tensor).
[2025-06-04 08:36:21,180] I ThreadPoolExecutor-0_3 - embed_frame_pair:2487 - [P:532 R:2] ACTION: Strengthening bit 0 (orig_ratio=1.0000, alpha_t=1.1961).
[2025-06-04 08:36:21,209] I ThreadPoolExecutor-0_0 - _embed_single_pair_task:2706 - [P:98] Selected rings by GPU entropy: [2, 1]
[2025-06-04 08:36:21,223] I ThreadPoolExecutor-0_2 - embed_frame_pair:2487 - [P:386 R:1] ACTION: Modifying bit 1 -> 0 (tensor).
[2025-06-04 08:36:21,229] I ThreadPoolExecutor-0_3 - embed_frame_pair:2487 - [P:532 R:3] ACTION: Modifying bit 0 -> 1 (tensor).
[2025-06-04 08:36:21,272] I ThreadPoolExecutor-0_1 - embed_frame_pair:2487 - [P:242 R:4] ACTION: Strengthening bit 1 (orig_ratio=0.9999, inv_a=0.8440).
[2025-06-04 08:36:21,324] I ThreadPoolExecutor-0_1 - embed_frame_pair:2487 - [P:242 R:7] ACTION: Modifying bit 1 -> 0 (tensor).
[2025-06-04 08:36:21,351] I ThreadPoolExecutor-0_0 - embed_frame_pair:2487 - [P:98 R:2] ACTION: Strengthening bit 0 (orig_ratio=1.0004, alpha_t=1.1834).
[2025-06-04 08:36:21,389] I ThreadPoolExecutor-0_2 - _embed_single_pair_task:2706 - [P:387] Selected rings by GPU entropy: [2, 1]
[2025-06-04 08:36:21,399] I ThreadPoolExecutor-0_3 - _embed_single_pair_task:2706 - [P:533] Selected rings by GPU entropy: [2, 4]
[2025-06-04 08:36:21,399] I ThreadPoolExecutor-0_0 - embed_frame_pair:2487 - [P:98 R:1] ACTION: Modifying bit 0 -> 1 (tensor).
[2025-06-04 08:36:21,538] I ThreadPoolExecutor-0_2 - embed_frame_pair:2487 - [P:387 R:2] ACTION: Modifying bit 1 -> 0 (tensor).
[2025-06-04 08:36:21,542] I ThreadPoolExecutor-0_1 - _embed_single_pair_task:2706 - [P:243] Selected rings by GPU entropy: [6, 3]
[2025-06-04 08:36:21,547] I ThreadPoolExecutor-0_3 - embed_frame_pair:2487 - [P:533 R:2] ACTION: Strengthening bit 1 (orig_ratio=0.9999, inv_a=0.8361).
[2025-06-04 08:36:21,554] I ThreadPoolExecutor-0_0 - _embed_single_pair_task:2706 - [P:99] Selected rings by GPU entropy: [3, 4]
[2025-06-04 08:36:21,607] I ThreadPoolExecutor-0_2 - embed_frame_pair:2487 - [P:387 R:1] ACTION: Strengthening bit 1 (orig_ratio=0.9990, inv_a=0.8779).
[2025-06-04 08:36:21,620] I ThreadPoolExecutor-0_3 - embed_frame_pair:2487 - [P:533 R:4] ACTION: Strengthening bit 1 (orig_ratio=0.9999, inv_a=0.8409).
[2025-06-04 08:36:21,702] I ThreadPoolExecutor-0_1 - embed_frame_pair:2487 - [P:243 R:6] ACTION: Strengthening bit 1 (orig_ratio=0.9999, inv_a=0.8362).
[2025-06-04 08:36:21,704] I ThreadPoolExecutor-0_0 - embed_frame_pair:2487 - [P:99 R:3] ACTION: Modifying bit 1 -> 0 (tensor).
[2025-06-04 08:36:21,751] I ThreadPoolExecutor-0_1 - embed_frame_pair:2487 - [P:243 R:3] ACTION: Modifying bit 0 -> 1 (tensor).
[2025-06-04 08:36:21,765] I ThreadPoolExecutor-0_0 - embed_frame_pair:2487 - [P:99 R:4] ACTION: Strengthening bit 1 (orig_ratio=0.9988, inv_a=0.8450).
[2025-06-04 08:36:21,801] I ThreadPoolExecutor-0_2 - _embed_single_pair_task:2706 - [P:388] Selected rings by GPU entropy: [7, 1]
[2025-06-04 08:36:21,812] I ThreadPoolExecutor-0_3 - _embed_single_pair_task:2706 - [P:534] Selected rings by GPU entropy: [2, 3]
[2025-06-04 08:36:21,939] I ThreadPoolExecutor-0_2 - embed_frame_pair:2487 - [P:388 R:7] ACTION: Modifying bit 1 -> 0 (tensor).
[2025-06-04 08:36:21,944] I ThreadPoolExecutor-0_1 - _embed_single_pair_task:2706 - [P:244] Selected rings by GPU entropy: [6, 5]
[2025-06-04 08:36:21,949] I ThreadPoolExecutor-0_0 - _embed_single_pair_task:2706 - [P:100] Selected rings by GPU entropy: [4, 2]
[2025-06-04 08:36:21,977] I ThreadPoolExecutor-0_3 - embed_frame_pair:2487 - [P:534 R:2] ACTION: Modifying bit 1 -> 0 (tensor).
[2025-06-04 08:36:21,986] I ThreadPoolExecutor-0_2 - embed_frame_pair:2487 - [P:388 R:1] ACTION: Strengthening bit 0 (orig_ratio=1.0000, alpha_t=1.1353).
[2025-06-04 08:36:22,035] I ThreadPoolExecutor-0_3 - embed_frame_pair:2487 - [P:534 R:3] ACTION: Modifying bit 1 -> 0 (tensor).
[2025-06-04 08:36:22,086] I ThreadPoolExecutor-0_1 - embed_frame_pair:2487 - [P:244 R:6] ACTION: Strengthening bit 0 (orig_ratio=1.0000, alpha_t=1.1959).
[2025-06-04 08:36:22,149] I ThreadPoolExecutor-0_2 - _embed_single_pair_task:2706 - [P:389] Selected rings by GPU entropy: [2, 3]
[2025-06-04 08:36:22,155] I ThreadPoolExecutor-0_1 - embed_frame_pair:2487 - [P:244 R:5] ACTION: Modifying bit 0 -> 1 (tensor).
[2025-06-04 08:36:22,160] I ThreadPoolExecutor-0_0 - embed_frame_pair:2487 - [P:100 R:4] ACTION: Modifying bit 1 -> 0 (tensor).
[2025-06-04 08:36:22,210] I ThreadPoolExecutor-0_3 - _embed_single_pair_task:2706 - [P:535] Selected rings by GPU entropy: [1, 2]
[2025-06-04 08:36:22,217] I ThreadPoolExecutor-0_0 - embed_frame_pair:2487 - [P:100 R:2] ACTION: Strengthening bit 1 (orig_ratio=0.9992, inv_a=0.8472).
[2025-06-04 08:36:22,342] I ThreadPoolExecutor-0_2 - embed_frame_pair:2487 - [P:389 R:2] ACTION: Strengthening bit 0 (orig_ratio=1.0000, alpha_t=1.1399).
[2025-06-04 08:36:22,348] I ThreadPoolExecutor-0_1 - _embed_single_pair_task:2706 - [P:245] Selected rings by GPU entropy: [3, 7]
[2025-06-04 08:36:22,378] I ThreadPoolExecutor-0_0 - _embed_single_pair_task:2706 - [P:101] Selected rings by GPU entropy: [7, 6]
[2025-06-04 08:36:22,385] I ThreadPoolExecutor-0_3 - embed_frame_pair:2487 - [P:535 R:1] ACTION: Strengthening bit 0 (orig_ratio=1.0001, alpha_t=1.2027).
[2025-06-04 08:36:22,393] I ThreadPoolExecutor-0_2 - embed_frame_pair:2487 - [P:389 R:3] ACTION: Strengthening bit 0 (orig_ratio=1.0000, alpha_t=1.1395).
[2025-06-04 08:36:22,477] I ThreadPoolExecutor-0_3 - embed_frame_pair:2487 - [P:535 R:2] ACTION: Modifying bit 0 -> 1 (tensor).
[2025-06-04 08:36:22,499] I ThreadPoolExecutor-0_1 - embed_frame_pair:2487 - [P:245 R:3] ACTION: Modifying bit 0 -> 1 (tensor).
[2025-06-04 08:36:22,525] I ThreadPoolExecutor-0_0 - embed_frame_pair:2487 - [P:101 R:7] ACTION: Strengthening bit 0 (orig_ratio=1.0006, alpha_t=1.1722).
[2025-06-04 08:36:22,538] I ThreadPoolExecutor-0_1 - embed_frame_pair:2487 - [P:245 R:7] ACTION: Modifying bit 0 -> 1 (tensor).
[2025-06-04 08:36:22,583] I ThreadPoolExecutor-0_2 - _embed_single_pair_task:2706 - [P:390] Selected rings by GPU entropy: [2, 7]
[2025-06-04 08:36:22,592] I ThreadPoolExecutor-0_0 - embed_frame_pair:2487 - [P:101 R:6] ACTION: Modifying bit 0 -> 1 (tensor).
[2025-06-04 08:36:22,650] I ThreadPoolExecutor-0_3 - _embed_single_pair_task:2706 - [P:536] Selected rings by GPU entropy: [1, 5]
[2025-06-04 08:36:22,686] I ThreadPoolExecutor-0_1 - _embed_single_pair_task:2706 - [P:246] Selected rings by GPU entropy: [3, 2]
[2025-06-04 08:36:22,723] I ThreadPoolExecutor-0_2 - embed_frame_pair:2487 - [P:390 R:2] ACTION: Modifying bit 1 -> 0 (tensor).
[2025-06-04 08:36:22,779] I ThreadPoolExecutor-0_0 - _embed_single_pair_task:2706 - [P:102] Selected rings by GPU entropy: [7, 5]
[2025-06-04 08:36:22,792] I ThreadPoolExecutor-0_2 - embed_frame_pair:2487 - [P:390 R:7] ACTION: Modifying bit 1 -> 0 (tensor).
[2025-06-04 08:36:22,806] I ThreadPoolExecutor-0_3 - embed_frame_pair:2487 - [P:536 R:1] ACTION: Modifying bit 0 -> 1 (tensor).
[2025-06-04 08:36:22,847] I ThreadPoolExecutor-0_1 - embed_frame_pair:2487 - [P:246 R:3] ACTION: Modifying bit 1 -> 0 (tensor).
[2025-06-04 08:36:22,881] I ThreadPoolExecutor-0_3 - embed_frame_pair:2487 - [P:536 R:5] ACTION: Modifying bit 1 -> 0 (tensor).
[2025-06-04 08:36:22,897] I ThreadPoolExecutor-0_1 - embed_frame_pair:2487 - [P:246 R:2] ACTION: Modifying bit 1 -> 0 (tensor).
[2025-06-04 08:36:22,912] I ThreadPoolExecutor-0_0 - embed_frame_pair:2487 - [P:102 R:7] ACTION: Strengthening bit 1 (orig_ratio=0.9994, inv_a=0.8566).
[2025-06-04 08:36:22,970] I ThreadPoolExecutor-0_0 - embed_frame_pair:2487 - [P:102 R:5] ACTION: Strengthening bit 0 (orig_ratio=1.0050, alpha_t=1.1649).
[2025-06-04 08:36:22,980] I ThreadPoolExecutor-0_2 - _embed_single_pair_task:2706 - [P:391] Selected rings by GPU entropy: [2, 3]
[2025-06-04 08:36:23,036] I ThreadPoolExecutor-0_3 - _embed_single_pair_task:2706 - [P:537] Selected rings by GPU entropy: [2, 4]
[2025-06-04 08:36:23,045] I ThreadPoolExecutor-0_1 - _embed_single_pair_task:2706 - [P:247] Selected rings by GPU entropy: [6, 3]
[2025-06-04 08:36:23,159] I ThreadPoolExecutor-0_0 - _embed_single_pair_task:2706 - [P:103] Selected rings by GPU entropy: [0, 1]
[2025-06-04 08:36:23,195] I ThreadPoolExecutor-0_2 - embed_frame_pair:2487 - [P:391 R:2] ACTION: Strengthening bit 1 (orig_ratio=1.0000, inv_a=0.8773).
[2025-06-04 08:36:23,198] I ThreadPoolExecutor-0_3 - embed_frame_pair:2487 - [P:537 R:2] ACTION: Strengthening bit 0 (orig_ratio=1.0000, alpha_t=1.1959).
[2025-06-04 08:36:23,256] I ThreadPoolExecutor-0_1 - embed_frame_pair:2487 - [P:247 R:6] ACTION: Modifying bit 1 -> 0 (tensor).
[2025-06-04 08:36:23,258] I ThreadPoolExecutor-0_3 - embed_frame_pair:2487 - [P:537 R:4] ACTION: Modifying bit 0 -> 1 (tensor).
[2025-06-04 08:36:23,261] I ThreadPoolExecutor-0_2 - embed_frame_pair:2487 - [P:391 R:3] ACTION: Strengthening bit 1 (orig_ratio=1.0000, inv_a=0.8781).
[2025-06-04 08:36:23,296] I ThreadPoolExecutor-0_0 - embed_frame_pair:2487 - [P:103 R:0] ACTION: Modifying bit 0 -> 1 (tensor).
[2025-06-04 08:36:23,323] I ThreadPoolExecutor-0_1 - embed_frame_pair:2487 - [P:247 R:3] ACTION: Strengthening bit 1 (orig_ratio=1.0000, inv_a=0.8426).
[2025-06-04 08:36:23,351] I ThreadPoolExecutor-0_0 - embed_frame_pair:2487 - [P:103 R:1] ACTION: Modifying bit 1 -> 0 (tensor).
[2025-06-04 08:36:23,456] I ThreadPoolExecutor-0_2 - _embed_single_pair_task:2706 - [P:392] Selected rings by GPU entropy: [2, 5]
[2025-06-04 08:36:23,463] I ThreadPoolExecutor-0_3 - _embed_single_pair_task:2706 - [P:538] Selected rings by GPU entropy: [2, 3]
[2025-06-04 08:36:23,488] I ThreadPoolExecutor-0_0 - _embed_single_pair_task:2706 - [P:104] Selected rings by GPU entropy: [0, 5]
[2025-06-04 08:36:23,565] I ThreadPoolExecutor-0_2 - embed_frame_pair:2487 - [P:392 R:2] ACTION: Strengthening bit 0 (orig_ratio=1.0000, alpha_t=1.1396).
[2025-06-04 08:36:23,628] I ThreadPoolExecutor-0_1 - _embed_single_pair_task:2706 - [P:248] Selected rings by GPU entropy: [6, 2]
[2025-06-04 08:36:23,633] I ThreadPoolExecutor-0_2 - embed_frame_pair:2487 - [P:392 R:5] ACTION: Modifying bit 1 -> 0 (tensor).
[2025-06-04 08:36:23,636] I ThreadPoolExecutor-0_0 - embed_frame_pair:2487 - [P:104 R:0] ACTION: Strengthening bit 1 (orig_ratio=0.9751, inv_a=0.8547).
[2025-06-04 08:36:23,648] I ThreadPoolExecutor-0_3 - embed_frame_pair:2487 - [P:538 R:2] ACTION: Modifying bit 0 -> 1 (tensor).
[2025-06-04 08:36:23,697] I ThreadPoolExecutor-0_0 - embed_frame_pair:2487 - [P:104 R:5] ACTION: Modifying bit 0 -> 1 (tensor).
[2025-06-04 08:36:23,725] I ThreadPoolExecutor-0_3 - embed_frame_pair:2487 - [P:538 R:3] ACTION: Modifying bit 0 -> 1 (tensor).
[2025-06-04 08:36:23,776] I ThreadPoolExecutor-0_1 - embed_frame_pair:2487 - [P:248 R:6] ACTION: Strengthening bit 1 (orig_ratio=1.0000, inv_a=0.8361).
[2025-06-04 08:36:23,788] I ThreadPoolExecutor-0_2 - _embed_single_pair_task:2706 - [P:393] Selected rings by GPU entropy: [2, 5]
[2025-06-04 08:36:23,835] I ThreadPoolExecutor-0_1 - embed_frame_pair:2487 - [P:248 R:2] ACTION: Modifying bit 1 -> 0 (tensor).
[2025-06-04 08:36:23,871] I ThreadPoolExecutor-0_0 - _embed_single_pair_task:2706 - [P:105] Selected rings by GPU entropy: [6, 1]
[2025-06-04 08:36:23,902] I ThreadPoolExecutor-0_3 - _embed_single_pair_task:2706 - [P:539] Selected rings by GPU entropy: [2, 3]
[2025-06-04 08:36:23,926] I ThreadPoolExecutor-0_2 - embed_frame_pair:2487 - [P:393 R:2] ACTION: Strengthening bit 1 (orig_ratio=1.0000, inv_a=0.8775).
[2025-06-04 08:36:24,006] I ThreadPoolExecutor-0_2 - embed_frame_pair:2487 - [P:393 R:5] ACTION: Modifying bit 0 -> 1 (tensor).
[2025-06-04 08:36:24,008] I ThreadPoolExecutor-0_1 - _embed_single_pair_task:2706 - [P:249] Selected rings by GPU entropy: [6, 2]
[2025-06-04 08:36:24,014] I ThreadPoolExecutor-0_0 - embed_frame_pair:2487 - [P:105 R:6] ACTION: Strengthening bit 1 (orig_ratio=0.9987, inv_a=0.8493).
[2025-06-04 08:36:24,047] I ThreadPoolExecutor-0_3 - embed_frame_pair:2487 - [P:539 R:2] ACTION: Modifying bit 0 -> 1 (tensor).
[2025-06-04 08:36:24,079] I ThreadPoolExecutor-0_0 - embed_frame_pair:2487 - [P:105 R:1] ACTION: Modifying bit 1 -> 0 (tensor).
[2025-06-04 08:36:24,104] I ThreadPoolExecutor-0_3 - embed_frame_pair:2487 - [P:539 R:3] ACTION: Modifying bit 0 -> 1 (tensor).
[2025-06-04 08:36:24,149] I ThreadPoolExecutor-0_1 - embed_frame_pair:2487 - [P:249 R:6] ACTION: Modifying bit 1 -> 0 (tensor).
[2025-06-04 08:36:24,166] I ThreadPoolExecutor-0_2 - _embed_single_pair_task:2706 - [P:394] Selected rings by GPU entropy: [3, 5]
[2025-06-04 08:36:24,196] I ThreadPoolExecutor-0_1 - embed_frame_pair:2487 - [P:249 R:2] ACTION: Strengthening bit 1 (orig_ratio=0.9998, inv_a=0.8435).
[2025-06-04 08:36:24,274] I ThreadPoolExecutor-0_3 - _embed_single_pair_task:2706 - [P:540] Selected rings by GPU entropy: [2, 3]
[2025-06-04 08:36:24,284] I ThreadPoolExecutor-0_0 - _embed_single_pair_task:2706 - [P:106] Selected rings by GPU entropy: [5, 6]
[2025-06-04 08:36:24,288] I ThreadPoolExecutor-0_2 - embed_frame_pair:2487 - [P:394 R:3] ACTION: Strengthening bit 1 (orig_ratio=1.0000, inv_a=0.8780).
[2025-06-04 08:36:24,333] I ThreadPoolExecutor-0_2 - embed_frame_pair:2487 - [P:394 R:5] ACTION: Strengthening bit 1 (orig_ratio=1.0000, inv_a=0.8795).
[2025-06-04 08:36:24,416] I ThreadPoolExecutor-0_1 - _embed_single_pair_task:2706 - [P:250] Selected rings by GPU entropy: [5, 3]
[2025-06-04 08:36:24,443] I ThreadPoolExecutor-0_0 - embed_frame_pair:2487 - [P:106 R:5] ACTION: Modifying bit 1 -> 0 (tensor).
[2025-06-04 08:36:24,448] I ThreadPoolExecutor-0_3 - embed_frame_pair:2487 - [P:540 R:2] ACTION: Strengthening bit 0 (orig_ratio=1.0000, alpha_t=1.1960).
[2025-06-04 08:36:24,511] I ThreadPoolExecutor-0_2 - _embed_single_pair_task:2706 - [P:395] Selected rings by GPU entropy: [3, 7]
[2025-06-04 08:36:24,513] I ThreadPoolExecutor-0_0 - embed_frame_pair:2487 - [P:106 R:6] ACTION: Modifying bit 1 -> 0 (tensor).
[2025-06-04 08:36:24,515] I ThreadPoolExecutor-0_3 - embed_frame_pair:2487 - [P:540 R:3] ACTION: Strengthening bit 0 (orig_ratio=1.0001, alpha_t=1.1903).
[2025-06-04 08:36:24,549] I ThreadPoolExecutor-0_1 - embed_frame_pair:2487 - [P:250 R:5] ACTION: Strengthening bit 1 (orig_ratio=0.9999, inv_a=0.8383).
[2025-06-04 08:36:24,624] I ThreadPoolExecutor-0_1 - embed_frame_pair:2487 - [P:250 R:3] ACTION: Strengthening bit 1 (orig_ratio=1.0000, inv_a=0.8427).
[2025-06-04 08:36:24,644] I ThreadPoolExecutor-0_2 - embed_frame_pair:2487 - [P:395 R:3] ACTION: Strengthening bit 0 (orig_ratio=1.0001, alpha_t=1.1402).
[2025-06-04 08:36:24,691] I ThreadPoolExecutor-0_2 - embed_frame_pair:2487 - [P:395 R:7] ACTION: Modifying bit 0 -> 1 (tensor).
[2025-06-04 08:36:24,694] I ThreadPoolExecutor-0_0 - _embed_single_pair_task:2706 - [P:107] Selected rings by GPU entropy: [4, 3]
[2025-06-04 08:36:24,766] I ThreadPoolExecutor-0_3 - _embed_single_pair_task:2706 - [P:541] Selected rings by GPU entropy: [2, 3]
[2025-06-04 08:36:24,830] I ThreadPoolExecutor-0_0 - embed_frame_pair:2487 - [P:107 R:4] ACTION: Modifying bit 1 -> 0 (tensor).
[2025-06-04 08:36:24,831] I ThreadPoolExecutor-0_1 - _embed_single_pair_task:2706 - [P:251] Selected rings by GPU entropy: [6, 3]
[2025-06-04 08:36:24,864] I ThreadPoolExecutor-0_2 - _embed_single_pair_task:2706 - [P:396] Selected rings by GPU entropy: [2, 5]
[2025-06-04 08:36:24,889] I ThreadPoolExecutor-0_0 - embed_frame_pair:2487 - [P:107 R:3] ACTION: Modifying bit 1 -> 0 (tensor).
[2025-06-04 08:36:24,935] I ThreadPoolExecutor-0_3 - embed_frame_pair:2487 - [P:541 R:2] ACTION: Strengthening bit 0 (orig_ratio=1.0001, alpha_t=1.1959).
[2025-06-04 08:36:24,980] I ThreadPoolExecutor-0_1 - embed_frame_pair:2487 - [P:251 R:6] ACTION: Strengthening bit 1 (orig_ratio=1.0000, inv_a=0.8360).
[2025-06-04 08:36:24,994] I ThreadPoolExecutor-0_3 - embed_frame_pair:2487 - [P:541 R:3] ACTION: Strengthening bit 0 (orig_ratio=1.0001, alpha_t=1.1902).
[2025-06-04 08:36:25,001] I ThreadPoolExecutor-0_2 - embed_frame_pair:2487 - [P:396 R:2] ACTION: Modifying bit 0 -> 1 (tensor).
[2025-06-04 08:36:25,032] I ThreadPoolExecutor-0_1 - embed_frame_pair:2487 - [P:251 R:3] ACTION: Modifying bit 0 -> 1 (tensor).
[2025-06-04 08:36:25,063] I ThreadPoolExecutor-0_2 - embed_frame_pair:2487 - [P:396 R:5] ACTION: Strengthening bit 0 (orig_ratio=1.0000, alpha_t=1.1373).
[2025-06-04 08:36:25,072] I ThreadPoolExecutor-0_0 - _embed_single_pair_task:2706 - [P:108] Selected rings by GPU entropy: [4, 6]
[2025-06-04 08:36:25,187] I ThreadPoolExecutor-0_1 - _embed_single_pair_task:2706 - [P:252] Selected rings by GPU entropy: [3, 2]
[2025-06-04 08:36:25,200] I ThreadPoolExecutor-0_3 - _embed_single_pair_task:2706 - [P:542] Selected rings by GPU entropy: [1, 3]
[2025-06-04 08:36:25,208] I ThreadPoolExecutor-0_0 - embed_frame_pair:2487 - [P:108 R:4] ACTION: Modifying bit 1 -> 0 (tensor).
[2025-06-04 08:36:25,212] I ThreadPoolExecutor-0_2 - _embed_single_pair_task:2706 - [P:397] Selected rings by GPU entropy: [5, 7]
[2025-06-04 08:36:25,300] I ThreadPoolExecutor-0_0 - embed_frame_pair:2487 - [P:108 R:6] ACTION: Modifying bit 0 -> 1 (tensor).
[2025-06-04 08:36:25,342] I ThreadPoolExecutor-0_1 - embed_frame_pair:2487 - [P:252 R:3] ACTION: Modifying bit 1 -> 0 (tensor).
[2025-06-04 08:36:25,364] I ThreadPoolExecutor-0_3 - embed_frame_pair:2487 - [P:542 R:1] ACTION: Modifying bit 1 -> 0 (tensor).
[2025-06-04 08:36:25,376] I ThreadPoolExecutor-0_2 - embed_frame_pair:2487 - [P:397 R:5] ACTION: Modifying bit 1 -> 0 (tensor).
[2025-06-04 08:36:25,387] I ThreadPoolExecutor-0_1 - embed_frame_pair:2487 - [P:252 R:2] ACTION: Modifying bit 1 -> 0 (tensor).
[2025-06-04 08:36:25,400] I ThreadPoolExecutor-0_3 - embed_frame_pair:2487 - [P:542 R:3] ACTION: Modifying bit 1 -> 0 (tensor).
[2025-06-04 08:36:25,428] I ThreadPoolExecutor-0_2 - embed_frame_pair:2487 - [P:397 R:7] ACTION: Strengthening bit 1 (orig_ratio=0.9998, inv_a=0.8800).
[2025-06-04 08:36:25,482] I ThreadPoolExecutor-0_0 - _embed_single_pair_task:2706 - [P:109] Selected rings by GPU entropy: [4, 3]
[2025-06-04 08:36:25,551] I ThreadPoolExecutor-0_1 - _embed_single_pair_task:2706 - [P:253] Selected rings by GPU entropy: [5, 3]
[2025-06-04 08:36:25,562] I ThreadPoolExecutor-0_3 - _embed_single_pair_task:2706 - [P:543] Selected rings by GPU entropy: [4, 6]
[2025-06-04 08:36:25,564] I ThreadPoolExecutor-0_2 - _embed_single_pair_task:2706 - [P:398] Selected rings by GPU entropy: [7, 5]
[2025-06-04 08:36:25,728] I ThreadPoolExecutor-0_1 - embed_frame_pair:2487 - [P:253 R:5] ACTION: Modifying bit 1 -> 0 (tensor).
[2025-06-04 08:36:25,730] I ThreadPoolExecutor-0_0 - embed_frame_pair:2487 - [P:109 R:4] ACTION: Strengthening bit 1 (orig_ratio=0.9995, inv_a=0.8574).
[2025-06-04 08:36:25,736] I ThreadPoolExecutor-0_3 - embed_frame_pair:2487 - [P:543 R:4] ACTION: Modifying bit 1 -> 0 (tensor).
[2025-06-04 08:36:25,751] I ThreadPoolExecutor-0_2 - embed_frame_pair:2487 - [P:398 R:7] ACTION: Modifying bit 1 -> 0 (tensor).
[2025-06-04 08:36:25,773] I ThreadPoolExecutor-0_1 - embed_frame_pair:2487 - [P:253 R:3] ACTION: Modifying bit 1 -> 0 (tensor).
[2025-06-04 08:36:25,778] I ThreadPoolExecutor-0_0 - embed_frame_pair:2487 - [P:109 R:3] ACTION: Strengthening bit 1 (orig_ratio=0.9982, inv_a=0.8628).
[2025-06-04 08:36:25,779] I ThreadPoolExecutor-0_3 - embed_frame_pair:2487 - [P:543 R:6] ACTION: Modifying bit 0 -> 1 (tensor).
[2025-06-04 08:36:25,797] I ThreadPoolExecutor-0_2 - embed_frame_pair:2487 - [P:398 R:5] ACTION: Modifying bit 0 -> 1 (tensor).
[2025-06-04 08:36:25,969] I ThreadPoolExecutor-0_1 - _embed_single_pair_task:2706 - [P:254] Selected rings by GPU entropy: [5, 3]
[2025-06-04 08:36:25,976] I ThreadPoolExecutor-0_3 - _embed_single_pair_task:2706 - [P:544] Selected rings by GPU entropy: [1, 2]
[2025-06-04 08:36:26,078] I ThreadPoolExecutor-0_2 - _embed_single_pair_task:2706 - [P:399] Selected rings by GPU entropy: [2, 7]
[2025-06-04 08:36:26,079] I ThreadPoolExecutor-0_0 - _embed_single_pair_task:2706 - [P:110] Selected rings by GPU entropy: [5, 4]
[2025-06-04 08:36:26,112] I ThreadPoolExecutor-0_1 - embed_frame_pair:2487 - [P:254 R:5] ACTION: Modifying bit 1 -> 0 (tensor).
[2025-06-04 08:36:26,136] I ThreadPoolExecutor-0_3 - embed_frame_pair:2487 - [P:544 R:1] ACTION: Strengthening bit 0 (orig_ratio=1.0000, alpha_t=1.2022).
[2025-06-04 08:36:26,168] I ThreadPoolExecutor-0_1 - embed_frame_pair:2487 - [P:254 R:3] ACTION: Strengthening bit 0 (orig_ratio=1.0000, alpha_t=1.1865).
[2025-06-04 08:36:26,203] I ThreadPoolExecutor-0_3 - embed_frame_pair:2487 - [P:544 R:2] ACTION: Strengthening bit 1 (orig_ratio=1.0000, inv_a=0.8362).
[2025-06-04 08:36:26,209] I ThreadPoolExecutor-0_2 - embed_frame_pair:2487 - [P:399 R:2] ACTION: Modifying bit 0 -> 1 (tensor).
[2025-06-04 08:36:26,273] I ThreadPoolExecutor-0_0 - embed_frame_pair:2487 - [P:110 R:5] ACTION: Modifying bit 0 -> 1 (tensor).
[2025-06-04 08:36:26,276] I ThreadPoolExecutor-0_2 - embed_frame_pair:2487 - [P:399 R:7] ACTION: Strengthening bit 1 (orig_ratio=1.0000, inv_a=0.8768).
[2025-06-04 08:36:26,320] I ThreadPoolExecutor-0_1 - _embed_single_pair_task:2706 - [P:255] Selected rings by GPU entropy: [6, 5]
[2025-06-04 08:36:26,333] I ThreadPoolExecutor-0_0 - embed_frame_pair:2487 - [P:110 R:4] ACTION: Modifying bit 1 -> 0 (tensor).
[2025-06-04 08:36:26,363] I ThreadPoolExecutor-0_3 - _embed_single_pair_task:2706 - [P:545] Selected rings by GPU entropy: [1, 4]
[2025-06-04 08:36:26,436] I ThreadPoolExecutor-0_2 - _embed_single_pair_task:2706 - [P:400] Selected rings by GPU entropy: [1, 4]
[2025-06-04 08:36:26,478] I ThreadPoolExecutor-0_1 - embed_frame_pair:2487 - [P:255 R:6] ACTION: Strengthening bit 0 (orig_ratio=1.0001, alpha_t=1.1960).
[2025-06-04 08:36:26,504] I ThreadPoolExecutor-0_0 - _embed_single_pair_task:2706 - [P:111] Selected rings by GPU entropy: [6, 5]
[2025-06-04 08:36:26,512] I ThreadPoolExecutor-0_3 - embed_frame_pair:2487 - [P:545 R:1] ACTION: Modifying bit 0 -> 1 (tensor).
[2025-06-04 08:36:26,530] I ThreadPoolExecutor-0_1 - embed_frame_pair:2487 - [P:255 R:5] ACTION: Strengthening bit 1 (orig_ratio=0.9998, inv_a=0.8382).
[2025-06-04 08:36:26,574] I ThreadPoolExecutor-0_2 - embed_frame_pair:2487 - [P:400 R:1] ACTION: Modifying bit 1 -> 0 (tensor).
[2025-06-04 08:36:26,589] I ThreadPoolExecutor-0_3 - embed_frame_pair:2487 - [P:545 R:4] ACTION: Strengthening bit 1 (orig_ratio=0.9998, inv_a=0.8410).
[2025-06-04 08:36:26,627] I ThreadPoolExecutor-0_2 - embed_frame_pair:2487 - [P:400 R:4] ACTION: Strengthening bit 1 (orig_ratio=0.9999, inv_a=0.8805).
[2025-06-04 08:36:26,637] I ThreadPoolExecutor-0_0 - embed_frame_pair:2487 - [P:111 R:6] ACTION: Strengthening bit 1 (orig_ratio=0.9817, inv_a=0.8523).
[2025-06-04 08:36:26,699] I ThreadPoolExecutor-0_0 - embed_frame_pair:2487 - [P:111 R:5] ACTION: Strengthening bit 1 (orig_ratio=0.9852, inv_a=0.8529).
[2025-06-04 08:36:26,708] I ThreadPoolExecutor-0_1 - _embed_single_pair_task:2706 - [P:256] Selected rings by GPU entropy: [2, 7]
[2025-06-04 08:36:26,724] I ThreadPoolExecutor-0_3 - _embed_single_pair_task:2706 - [P:546] Selected rings by GPU entropy: [3, 4]
[2025-06-04 08:36:26,763] I ThreadPoolExecutor-0_2 - _embed_single_pair_task:2706 - [P:401] Selected rings by GPU entropy: [3, 2]
[2025-06-04 08:36:26,859] I ThreadPoolExecutor-0_3 - embed_frame_pair:2487 - [P:546 R:3] ACTION: Modifying bit 1 -> 0 (tensor).
[2025-06-04 08:36:26,878] I ThreadPoolExecutor-0_0 - _embed_single_pair_task:2706 - [P:112] Selected rings by GPU entropy: [0, 5]
[2025-06-04 08:36:26,918] I ThreadPoolExecutor-0_3 - embed_frame_pair:2487 - [P:546 R:4] ACTION: Modifying bit 1 -> 0 (tensor).
[2025-06-04 08:36:26,927] I ThreadPoolExecutor-0_1 - embed_frame_pair:2487 - [P:256 R:2] ACTION: Modifying bit 1 -> 0 (tensor).
[2025-06-04 08:36:26,931] I ThreadPoolExecutor-0_2 - embed_frame_pair:2487 - [P:401 R:3] ACTION: Strengthening bit 1 (orig_ratio=0.9999, inv_a=0.8740).
[2025-06-04 08:36:27,002] I ThreadPoolExecutor-0_2 - embed_frame_pair:2487 - [P:401 R:2] ACTION: Modifying bit 0 -> 1 (tensor).
[2025-06-04 08:36:27,005] I ThreadPoolExecutor-0_1 - embed_frame_pair:2487 - [P:256 R:7] ACTION: Strengthening bit 1 (orig_ratio=0.9999, inv_a=0.8426).
[2025-06-04 08:36:27,029] I ThreadPoolExecutor-0_0 - embed_frame_pair:2487 - [P:112 R:0] ACTION: Strengthening bit 1 (orig_ratio=0.9995, inv_a=0.8423).
[2025-06-04 08:36:27,095] I ThreadPoolExecutor-0_0 - embed_frame_pair:2487 - [P:112 R:5] ACTION: Modifying bit 1 -> 0 (tensor).
[2025-06-04 08:36:27,100] I ThreadPoolExecutor-0_3 - _embed_single_pair_task:2706 - [P:547] Selected rings by GPU entropy: [2, 4]
[2025-06-04 08:36:27,161] I ThreadPoolExecutor-0_2 - _embed_single_pair_task:2706 - [P:402] Selected rings by GPU entropy: [7, 2]
[2025-06-04 08:36:27,166] I ThreadPoolExecutor-0_1 - _embed_single_pair_task:2706 - [P:257] Selected rings by GPU entropy: [3, 2]
[2025-06-04 08:36:27,279] I ThreadPoolExecutor-0_0 - _embed_single_pair_task:2706 - [P:113] Selected rings by GPU entropy: [3, 2]
[2025-06-04 08:36:27,311] I ThreadPoolExecutor-0_2 - embed_frame_pair:2487 - [P:402 R:7] ACTION: Modifying bit 0 -> 1 (tensor).
[2025-06-04 08:36:27,315] I ThreadPoolExecutor-0_3 - embed_frame_pair:2487 - [P:547 R:2] ACTION: Strengthening bit 0 (orig_ratio=1.0001, alpha_t=1.1959).
[2025-06-04 08:36:27,375] I ThreadPoolExecutor-0_1 - embed_frame_pair:2487 - [P:257 R:3] ACTION: Strengthening bit 1 (orig_ratio=1.0000, inv_a=0.8430).
[2025-06-04 08:36:27,377] I ThreadPoolExecutor-0_2 - embed_frame_pair:2487 - [P:402 R:2] ACTION: Modifying bit 1 -> 0 (tensor).
[2025-06-04 08:36:27,377] I ThreadPoolExecutor-0_3 - embed_frame_pair:2487 - [P:547 R:4] ACTION: Strengthening bit 1 (orig_ratio=0.9999, inv_a=0.8413).
[2025-06-04 08:36:27,409] I ThreadPoolExecutor-0_0 - embed_frame_pair:2487 - [P:113 R:3] ACTION: Strengthening bit 0 (orig_ratio=1.0001, alpha_t=1.1799).
[2025-06-04 08:36:27,448] I ThreadPoolExecutor-0_1 - embed_frame_pair:2487 - [P:257 R:2] ACTION: Modifying bit 0 -> 1 (tensor).
[2025-06-04 08:36:27,466] I ThreadPoolExecutor-0_0 - embed_frame_pair:2487 - [P:113 R:2] ACTION: Strengthening bit 0 (orig_ratio=1.0008, alpha_t=1.1748).
[2025-06-04 08:36:27,568] I ThreadPoolExecutor-0_2 - _embed_single_pair_task:2706 - [P:403] Selected rings by GPU entropy: [3, 2]
[2025-06-04 08:36:27,571] I ThreadPoolExecutor-0_3 - _embed_single_pair_task:2706 - [P:548] Selected rings by GPU entropy: [1, 3]
[2025-06-04 08:36:27,581] I ThreadPoolExecutor-0_1 - _embed_single_pair_task:2706 - [P:258] Selected rings by GPU entropy: [6, 5]
[2025-06-04 08:36:27,714] I ThreadPoolExecutor-0_0 - _embed_single_pair_task:2706 - [P:114] Selected rings by GPU entropy: [0, 1]
[2025-06-04 08:36:27,716] I ThreadPoolExecutor-0_2 - embed_frame_pair:2487 - [P:403 R:3] ACTION: Modifying bit 0 -> 1 (tensor).
[2025-06-04 08:36:27,730] I ThreadPoolExecutor-0_1 - embed_frame_pair:2487 - [P:258 R:6] ACTION: Modifying bit 1 -> 0 (tensor).
[2025-06-04 08:36:27,762] I ThreadPoolExecutor-0_3 - embed_frame_pair:2487 - [P:548 R:1] ACTION: Strengthening bit 0 (orig_ratio=1.0012, alpha_t=1.2025).
[2025-06-04 08:36:27,763] I ThreadPoolExecutor-0_2 - embed_frame_pair:2487 - [P:403 R:2] ACTION: Modifying bit 0 -> 1 (tensor).
[2025-06-04 08:36:27,793] I ThreadPoolExecutor-0_1 - embed_frame_pair:2487 - [P:258 R:5] ACTION: Modifying bit 1 -> 0 (tensor).
[2025-06-04 08:36:27,844] I ThreadPoolExecutor-0_3 - embed_frame_pair:2487 - [P:548 R:3] ACTION: Strengthening bit 0 (orig_ratio=1.0008, alpha_t=1.1902).
[2025-06-04 08:36:27,863] I ThreadPoolExecutor-0_0 - embed_frame_pair:2487 - [P:114 R:0] ACTION: Strengthening bit 1 (orig_ratio=0.9927, inv_a=0.8408).
[2025-06-04 08:36:27,923] I ThreadPoolExecutor-0_2 - _embed_single_pair_task:2706 - [P:404] Selected rings by GPU entropy: [3, 2]
[2025-06-04 08:36:27,925] I ThreadPoolExecutor-0_0 - embed_frame_pair:2487 - [P:114 R:1] ACTION: Strengthening bit 0 (orig_ratio=1.0007, alpha_t=1.1766).
[2025-06-04 08:36:27,987] I ThreadPoolExecutor-0_1 - _embed_single_pair_task:2706 - [P:259] Selected rings by GPU entropy: [3, 2]
[2025-06-04 08:36:28,001] I ThreadPoolExecutor-0_3 - _embed_single_pair_task:2706 - [P:549] Selected rings by GPU entropy: [1, 2]
[2025-06-04 08:36:28,099] I ThreadPoolExecutor-0_0 - _embed_single_pair_task:2706 - [P:115] Selected rings by GPU entropy: [0, 3]
[2025-06-04 08:36:28,150] I ThreadPoolExecutor-0_1 - embed_frame_pair:2487 - [P:259 R:3] ACTION: Modifying bit 1 -> 0 (tensor).
[2025-06-04 08:36:28,152] I ThreadPoolExecutor-0_2 - embed_frame_pair:2487 - [P:404 R:3] ACTION: Strengthening bit 0 (orig_ratio=1.0000, alpha_t=1.1489).
[2025-06-04 08:36:28,213] I ThreadPoolExecutor-0_2 - embed_frame_pair:2487 - [P:404 R:2] ACTION: Strengthening bit 1 (orig_ratio=0.9999, inv_a=0.8734).
[2025-06-04 08:36:28,215] I ThreadPoolExecutor-0_1 - embed_frame_pair:2487 - [P:259 R:2] ACTION: Strengthening bit 1 (orig_ratio=0.9999, inv_a=0.8437).
[2025-06-04 08:36:28,217] I ThreadPoolExecutor-0_3 - embed_frame_pair:2487 - [P:549 R:1] ACTION: Strengthening bit 0 (orig_ratio=1.0001, alpha_t=1.2032).
[2025-06-04 08:36:28,231] I ThreadPoolExecutor-0_0 - embed_frame_pair:2487 - [P:115 R:0] ACTION: Modifying bit 1 -> 0 (tensor).
[2025-06-04 08:36:28,268] I ThreadPoolExecutor-0_3 - embed_frame_pair:2487 - [P:549 R:2] ACTION: Strengthening bit 0 (orig_ratio=1.0001, alpha_t=1.1962).
[2025-06-04 08:36:28,285] I ThreadPoolExecutor-0_0 - embed_frame_pair:2487 - [P:115 R:3] ACTION: Strengthening bit 1 (orig_ratio=0.9973, inv_a=0.8471).
[2025-06-04 08:36:28,400] I ThreadPoolExecutor-0_2 - _embed_single_pair_task:2706 - [P:405] Selected rings by GPU entropy: [7, 6]
[2025-06-04 08:36:28,417] I ThreadPoolExecutor-0_1 - _embed_single_pair_task:2706 - [P:260] Selected rings by GPU entropy: [7, 4]
[2025-06-04 08:36:28,432] I ThreadPoolExecutor-0_3 - _embed_single_pair_task:2706 - [P:550] Selected rings by GPU entropy: [1, 2]
[2025-06-04 08:36:28,555] I ThreadPoolExecutor-0_0 - _embed_single_pair_task:2706 - [P:116] Selected rings by GPU entropy: [0, 1]
[2025-06-04 08:36:28,558] I ThreadPoolExecutor-0_2 - embed_frame_pair:2487 - [P:405 R:7] ACTION: Strengthening bit 1 (orig_ratio=0.9998, inv_a=0.8667).
[2025-06-04 08:36:28,572] I ThreadPoolExecutor-0_1 - embed_frame_pair:2487 - [P:260 R:7] ACTION: Modifying bit 1 -> 0 (tensor).
[2025-06-04 08:36:28,584] I ThreadPoolExecutor-0_3 - embed_frame_pair:2487 - [P:550 R:1] ACTION: Strengthening bit 0 (orig_ratio=1.0001, alpha_t=1.2031).
[2025-06-04 08:36:28,613] I ThreadPoolExecutor-0_2 - embed_frame_pair:2487 - [P:405 R:6] ACTION: Modifying bit 0 -> 1 (tensor).
[2025-06-04 08:36:28,631] I ThreadPoolExecutor-0_1 - embed_frame_pair:2487 - [P:260 R:4] ACTION: Strengthening bit 0 (orig_ratio=1.0000, alpha_t=1.1840).
[2025-06-04 08:36:28,648] I ThreadPoolExecutor-0_3 - embed_frame_pair:2487 - [P:550 R:2] ACTION: Strengthening bit 0 (orig_ratio=1.0001, alpha_t=1.1962).
[2025-06-04 08:36:28,705] I ThreadPoolExecutor-0_0 - embed_frame_pair:2487 - [P:116 R:0] ACTION: Strengthening bit 0 (orig_ratio=1.0012, alpha_t=1.1912).
[2025-06-04 08:36:28,730] I ThreadPoolExecutor-0_0 - embed_frame_pair:2487 - [P:116 R:1] ACTION: Strengthening bit 0 (orig_ratio=1.0008, alpha_t=1.1769).
[2025-06-04 08:36:28,791] I ThreadPoolExecutor-0_2 - _embed_single_pair_task:2706 - [P:406] Selected rings by GPU entropy: [3, 2]
[2025-06-04 08:36:28,815] I ThreadPoolExecutor-0_1 - _embed_single_pair_task:2706 - [P:261] Selected rings by GPU entropy: [5, 3]
[2025-06-04 08:36:28,841] I ThreadPoolExecutor-0_3 - _embed_single_pair_task:2706 - [P:551] Selected rings by GPU entropy: [1, 3]
[2025-06-04 08:36:28,939] I ThreadPoolExecutor-0_2 - embed_frame_pair:2487 - [P:406 R:3] ACTION: Modifying bit 1 -> 0 (tensor).
[2025-06-04 08:36:28,966] I ThreadPoolExecutor-0_0 - _embed_single_pair_task:2706 - [P:117] Selected rings by GPU entropy: [2, 5]
[2025-06-04 08:36:28,971] I ThreadPoolExecutor-0_1 - embed_frame_pair:2487 - [P:261 R:5] ACTION: Strengthening bit 0 (orig_ratio=1.0002, alpha_t=1.1933).
[2025-06-04 08:36:28,980] I ThreadPoolExecutor-0_2 - embed_frame_pair:2487 - [P:406 R:2] ACTION: Modifying bit 1 -> 0 (tensor).
[2025-06-04 08:36:28,980] I ThreadPoolExecutor-0_3 - embed_frame_pair:2487 - [P:551 R:1] ACTION: Modifying bit 0 -> 1 (tensor).
[2025-06-04 08:36:29,039] I ThreadPoolExecutor-0_1 - embed_frame_pair:2487 - [P:261 R:3] ACTION: Strengthening bit 0 (orig_ratio=1.0002, alpha_t=1.1860).
[2025-06-04 08:36:29,049] I ThreadPoolExecutor-0_3 - embed_frame_pair:2487 - [P:551 R:3] ACTION: Modifying bit 0 -> 1 (tensor).
[2025-06-04 08:36:29,165] I ThreadPoolExecutor-0_0 - embed_frame_pair:2487 - [P:117 R:2] ACTION: Strengthening bit 1 (orig_ratio=0.9990, inv_a=0.8533).
[2025-06-04 08:36:29,167] I ThreadPoolExecutor-0_2 - _embed_single_pair_task:2706 - [P:407] Selected rings by GPU entropy: [7, 0]
[2025-06-04 08:36:29,217] I ThreadPoolExecutor-0_0 - embed_frame_pair:2487 - [P:117 R:5] ACTION: Strengthening bit 1 (orig_ratio=0.9948, inv_a=0.8543).
[2025-06-04 08:36:29,224] I ThreadPoolExecutor-0_1 - _embed_single_pair_task:2706 - [P:262] Selected rings by GPU entropy: [6, 2]
[2025-06-04 08:36:29,232] I ThreadPoolExecutor-0_3 - _embed_single_pair_task:2706 - [P:552] Selected rings by GPU entropy: [1, 3]
[2025-06-04 08:36:29,386] I ThreadPoolExecutor-0_0 - _embed_single_pair_task:2706 - [P:118] Selected rings by GPU entropy: [0, 1]
[2025-06-04 08:36:29,396] I ThreadPoolExecutor-0_1 - embed_frame_pair:2487 - [P:262 R:6] ACTION: Strengthening bit 0 (orig_ratio=1.0002, alpha_t=1.1956).
[2025-06-04 08:36:29,399] I ThreadPoolExecutor-0_2 - embed_frame_pair:2487 - [P:407 R:7] ACTION: Modifying bit 1 -> 0 (tensor).
[2025-06-04 08:36:29,432] I ThreadPoolExecutor-0_3 - embed_frame_pair:2487 - [P:552 R:1] ACTION: Strengthening bit 0 (orig_ratio=1.0001, alpha_t=1.2031).
[2025-06-04 08:36:29,452] I ThreadPoolExecutor-0_1 - embed_frame_pair:2487 - [P:262 R:2] ACTION: Strengthening bit 0 (orig_ratio=1.0001, alpha_t=1.1851).
[2025-06-04 08:36:29,454] I ThreadPoolExecutor-0_2 - embed_frame_pair:2487 - [P:407 R:0] ACTION: Modifying bit 0 -> 1 (tensor).
[2025-06-04 08:36:29,511] I ThreadPoolExecutor-0_3 - embed_frame_pair:2487 - [P:552 R:3] ACTION: Strengthening bit 0 (orig_ratio=1.0001, alpha_t=1.1908).
[2025-06-04 08:36:29,543] I ThreadPoolExecutor-0_0 - embed_frame_pair:2487 - [P:118 R:0] ACTION: Modifying bit 1 -> 0 (tensor).
[2025-06-04 08:36:29,580] I ThreadPoolExecutor-0_0 - embed_frame_pair:2487 - [P:118 R:1] ACTION: Strengthening bit 1 (orig_ratio=0.9957, inv_a=0.8484).
[2025-06-04 08:36:29,642] I ThreadPoolExecutor-0_2 - _embed_single_pair_task:2706 - [P:408] Selected rings by GPU entropy: [3, 2]
[2025-06-04 08:36:29,648] I ThreadPoolExecutor-0_1 - _embed_single_pair_task:2706 - [P:263] Selected rings by GPU entropy: [5, 2]
[2025-06-04 08:36:29,679] I ThreadPoolExecutor-0_3 - _embed_single_pair_task:2706 - [P:553] Selected rings by GPU entropy: [1, 5]
[2025-06-04 08:36:29,799] I ThreadPoolExecutor-0_2 - embed_frame_pair:2487 - [P:408 R:3] ACTION: Modifying bit 0 -> 1 (tensor).
[2025-06-04 08:36:29,811] I ThreadPoolExecutor-0_0 - _embed_single_pair_task:2706 - [P:119] Selected rings by GPU entropy: [3, 2]
[2025-06-04 08:36:29,815] I ThreadPoolExecutor-0_1 - embed_frame_pair:2487 - [P:263 R:5] ACTION: Strengthening bit 1 (orig_ratio=0.9997, inv_a=0.8382).
[2025-06-04 08:36:29,823] I ThreadPoolExecutor-0_3 - embed_frame_pair:2487 - [P:553 R:1] ACTION: Modifying bit 0 -> 1 (tensor).
[2025-06-04 08:36:29,851] I ThreadPoolExecutor-0_2 - embed_frame_pair:2487 - [P:408 R:2] ACTION: Strengthening bit 0 (orig_ratio=1.0001, alpha_t=1.1471).
[2025-06-04 08:36:29,875] I ThreadPoolExecutor-0_1 - embed_frame_pair:2487 - [P:263 R:2] ACTION: Strengthening bit 1 (orig_ratio=0.9999, inv_a=0.8438).
[2025-06-04 08:36:29,887] I ThreadPoolExecutor-0_3 - embed_frame_pair:2487 - [P:553 R:5] ACTION: Modifying bit 0 -> 1 (tensor).
[2025-06-04 08:36:29,973] I ThreadPoolExecutor-0_0 - embed_frame_pair:2487 - [P:119 R:3] ACTION: Strengthening bit 1 (orig_ratio=0.9983, inv_a=0.8455).
[2025-06-04 08:36:30,013] I ThreadPoolExecutor-0_2 - _embed_single_pair_task:2706 - [P:409] Selected rings by GPU entropy: [3, 5]
[2025-06-04 08:36:30,016] I ThreadPoolExecutor-0_0 - embed_frame_pair:2487 - [P:119 R:2] ACTION: Modifying bit 1 -> 0 (tensor).
[2025-06-04 08:36:30,110] I ThreadPoolExecutor-0_1 - _embed_single_pair_task:2706 - [P:264] Selected rings by GPU entropy: [2, 5]
[2025-06-04 08:36:30,140] I ThreadPoolExecutor-0_0 - _embed_single_pair_task:2706 - [P:120] Selected rings by GPU entropy: [2, 3]
[2025-06-04 08:36:30,166] I ThreadPoolExecutor-0_2 - embed_frame_pair:2487 - [P:409 R:3] ACTION: Modifying bit 1 -> 0 (tensor).
[2025-06-04 08:36:30,184] I ThreadPoolExecutor-0_3 - _embed_single_pair_task:2706 - [P:554] Selected rings by GPU entropy: [2, 3]
[2025-06-04 08:36:30,239] I ThreadPoolExecutor-0_2 - embed_frame_pair:2487 - [P:409 R:5] ACTION: Modifying bit 0 -> 1 (tensor).
[2025-06-04 08:36:30,258] I ThreadPoolExecutor-0_1 - embed_frame_pair:2487 - [P:264 R:2] ACTION: Strengthening bit 0 (orig_ratio=1.0001, alpha_t=1.2070).
[2025-06-04 08:36:30,291] I ThreadPoolExecutor-0_0 - embed_frame_pair:2487 - [P:120 R:2] ACTION: Modifying bit 0 -> 1 (tensor).
[2025-06-04 08:36:30,316] I ThreadPoolExecutor-0_1 - embed_frame_pair:2487 - [P:264 R:5] ACTION: Strengthening bit 0 (orig_ratio=1.0003, alpha_t=1.1909).
[2025-06-04 08:36:30,326] I ThreadPoolExecutor-0_3 - embed_frame_pair:2487 - [P:554 R:2] ACTION: Modifying bit 0 -> 1 (tensor).
[2025-06-04 08:36:30,351] I ThreadPoolExecutor-0_0 - embed_frame_pair:2487 - [P:120 R:3] ACTION: Strengthening bit 0 (orig_ratio=1.0049, alpha_t=1.1802).
[2025-06-04 08:36:30,383] I ThreadPoolExecutor-0_2 - _embed_single_pair_task:2706 - [P:410] Selected rings by GPU entropy: [2, 5]
[2025-06-04 08:36:30,390] I ThreadPoolExecutor-0_3 - embed_frame_pair:2487 - [P:554 R:3] ACTION: Modifying bit 0 -> 1 (tensor).
[2025-06-04 08:36:30,494] I ThreadPoolExecutor-0_1 - _embed_single_pair_task:2706 - [P:265] Selected rings by GPU entropy: [2, 4]
[2025-06-04 08:36:30,499] I ThreadPoolExecutor-0_0 - _embed_single_pair_task:2706 - [P:121] Selected rings by GPU entropy: [1, 3]
[2025-06-04 08:36:30,524] I ThreadPoolExecutor-0_2 - embed_frame_pair:2487 - [P:410 R:2] ACTION: Modifying bit 0 -> 1 (tensor).
[2025-06-04 08:36:30,557] I ThreadPoolExecutor-0_3 - _embed_single_pair_task:2706 - [P:555] Selected rings by GPU entropy: [1, 2]
[2025-06-04 08:36:30,567] I ThreadPoolExecutor-0_2 - embed_frame_pair:2487 - [P:410 R:5] ACTION: Modifying bit 0 -> 1 (tensor).
[2025-06-04 08:36:30,633] I ThreadPoolExecutor-0_0 - embed_frame_pair:2487 - [P:121 R:1] ACTION: Modifying bit 0 -> 1 (tensor).
[2025-06-04 08:36:30,691] I ThreadPoolExecutor-0_0 - embed_frame_pair:2487 - [P:121 R:3] ACTION: Modifying bit 1 -> 0 (tensor).
[2025-06-04 08:36:30,697] I ThreadPoolExecutor-0_1 - embed_frame_pair:2487 - [P:265 R:2] ACTION: Strengthening bit 1 (orig_ratio=1.0000, inv_a=0.8285).
[2025-06-04 08:36:30,698] I ThreadPoolExecutor-0_3 - embed_frame_pair:2487 - [P:555 R:1] ACTION: Strengthening bit 0 (orig_ratio=1.0001, alpha_t=1.2032).
[2025-06-04 08:36:30,749] I ThreadPoolExecutor-0_2 - _embed_single_pair_task:2706 - [P:411] Selected rings by GPU entropy: [3, 4]
[2025-06-04 08:36:30,754] I ThreadPoolExecutor-0_3 - embed_frame_pair:2487 - [P:555 R:2] ACTION: Modifying bit 0 -> 1 (tensor).
[2025-06-04 08:36:30,756] I ThreadPoolExecutor-0_1 - embed_frame_pair:2487 - [P:265 R:4] ACTION: Modifying bit 0 -> 1 (tensor).
[2025-06-04 08:36:30,861] I ThreadPoolExecutor-0_0 - _embed_single_pair_task:2706 - [P:122] Selected rings by GPU entropy: [0, 3]
[2025-06-04 08:36:30,884] I ThreadPoolExecutor-0_2 - embed_frame_pair:2487 - [P:411 R:3] ACTION: Modifying bit 0 -> 1 (tensor).
[2025-06-04 08:36:30,899] I ThreadPoolExecutor-0_3 - _embed_single_pair_task:2706 - [P:556] Selected rings by GPU entropy: [2, 3]
[2025-06-04 08:36:30,908] I ThreadPoolExecutor-0_2 - embed_frame_pair:2487 - [P:411 R:4] ACTION: Modifying bit 0 -> 1 (tensor).
[2025-06-04 08:36:31,002] I ThreadPoolExecutor-0_1 - _embed_single_pair_task:2706 - [P:266] Selected rings by GPU entropy: [4, 5]
[2025-06-04 08:36:31,052] I ThreadPoolExecutor-0_3 - embed_frame_pair:2487 - [P:556 R:2] ACTION: Strengthening bit 1 (orig_ratio=1.0000, inv_a=0.8359).
[2025-06-04 08:36:31,077] I ThreadPoolExecutor-0_2 - _embed_single_pair_task:2706 - [P:412] Selected rings by GPU entropy: [7, 2]
[2025-06-04 08:36:31,092] I ThreadPoolExecutor-0_0 - embed_frame_pair:2487 - [P:122 R:0] ACTION: Strengthening bit 1 (orig_ratio=0.9788, inv_a=0.8437).
[2025-06-04 08:36:31,098] I ThreadPoolExecutor-0_3 - embed_frame_pair:2487 - [P:556 R:3] ACTION: Strengthening bit 0 (orig_ratio=1.0001, alpha_t=1.1909).
[2025-06-04 08:36:31,135] I ThreadPoolExecutor-0_1 - embed_frame_pair:2487 - [P:266 R:4] ACTION: Modifying bit 0 -> 1 (tensor).
[2025-06-04 08:36:31,158] I ThreadPoolExecutor-0_0 - embed_frame_pair:2487 - [P:122 R:3] ACTION: Modifying bit 1 -> 0 (tensor).
[2025-06-04 08:36:31,198] I ThreadPoolExecutor-0_1 - embed_frame_pair:2487 - [P:266 R:5] ACTION: Modifying bit 0 -> 1 (tensor).
[2025-06-04 08:36:31,207] I ThreadPoolExecutor-0_2 - embed_frame_pair:2487 - [P:412 R:7] ACTION: Strengthening bit 0 (orig_ratio=1.0001, alpha_t=1.1535).
[2025-06-04 08:36:31,275] I ThreadPoolExecutor-0_2 - embed_frame_pair:2487 - [P:412 R:2] ACTION: Strengthening bit 0 (orig_ratio=1.0002, alpha_t=1.1492).
[2025-06-04 08:36:31,277] I ThreadPoolExecutor-0_3 - _embed_single_pair_task:2706 - [P:557] Selected rings by GPU entropy: [2, 4]
[2025-06-04 08:36:31,291] I ThreadPoolExecutor-0_0 - _embed_single_pair_task:2706 - [P:123] Selected rings by GPU entropy: [1, 3]
[2025-06-04 08:36:31,424] I ThreadPoolExecutor-0_2 - _embed_single_pair_task:2706 - [P:413] Selected rings by GPU entropy: [2, 6]
[2025-06-04 08:36:31,426] I ThreadPoolExecutor-0_1 - _embed_single_pair_task:2706 - [P:267] Selected rings by GPU entropy: [3, 4]
[2025-06-04 08:36:31,428] I ThreadPoolExecutor-0_3 - embed_frame_pair:2487 - [P:557 R:2] ACTION: Modifying bit 1 -> 0 (tensor).
[2025-06-04 08:36:31,433] I ThreadPoolExecutor-0_0 - embed_frame_pair:2487 - [P:123 R:1] ACTION: Strengthening bit 1 (orig_ratio=0.9989, inv_a=0.8464).
[2025-06-04 08:36:31,476] I ThreadPoolExecutor-0_3 - embed_frame_pair:2487 - [P:557 R:4] ACTION: Strengthening bit 1 (orig_ratio=1.0000, inv_a=0.8409).
[2025-06-04 08:36:31,484] I ThreadPoolExecutor-0_0 - embed_frame_pair:2487 - [P:123 R:3] ACTION: Modifying bit 0 -> 1 (tensor).
[2025-06-04 08:36:31,554] I ThreadPoolExecutor-0_2 - embed_frame_pair:2487 - [P:413 R:2] ACTION: Strengthening bit 0 (orig_ratio=1.0001, alpha_t=1.1497).
[2025-06-04 08:36:31,602] I ThreadPoolExecutor-0_1 - embed_frame_pair:2487 - [P:267 R:3] ACTION: Modifying bit 1 -> 0 (tensor).
[2025-06-04 08:36:31,603] I ThreadPoolExecutor-0_2 - embed_frame_pair:2487 - [P:413 R:6] ACTION: Strengthening bit 0 (orig_ratio=1.0002, alpha_t=1.1459).
[2025-06-04 08:36:31,648] I ThreadPoolExecutor-0_3 - _embed_single_pair_task:2706 - [P:558] Selected rings by GPU entropy: [1, 2]
[2025-06-04 08:36:31,658] I ThreadPoolExecutor-0_0 - _embed_single_pair_task:2706 - [P:124] Selected rings by GPU entropy: [1, 0]
[2025-06-04 08:36:31,665] I ThreadPoolExecutor-0_1 - embed_frame_pair:2487 - [P:267 R:4] ACTION: Modifying bit 0 -> 1 (tensor).
[2025-06-04 08:36:31,781] I ThreadPoolExecutor-0_2 - _embed_single_pair_task:2706 - [P:414] Selected rings by GPU entropy: [3, 2]
[2025-06-04 08:36:31,815] I ThreadPoolExecutor-0_3 - embed_frame_pair:2487 - [P:558 R:1] ACTION: Strengthening bit 0 (orig_ratio=1.0001, alpha_t=1.2031).
[2025-06-04 08:36:31,828] I ThreadPoolExecutor-0_0 - embed_frame_pair:2487 - [P:124 R:1] ACTION: Strengthening bit 0 (orig_ratio=1.0027, alpha_t=1.1842).
[2025-06-04 08:36:31,842] I ThreadPoolExecutor-0_1 - _embed_single_pair_task:2706 - [P:268] Selected rings by GPU entropy: [3, 4]
[2025-06-04 08:36:31,867] I ThreadPoolExecutor-0_3 - embed_frame_pair:2487 - [P:558 R:2] ACTION: Modifying bit 0 -> 1 (tensor).
[2025-06-04 08:36:31,885] I ThreadPoolExecutor-0_0 - embed_frame_pair:2487 - [P:124 R:0] ACTION: Strengthening bit 0 (orig_ratio=1.0090, alpha_t=1.1796).
[2025-06-04 08:36:31,899] I ThreadPoolExecutor-0_2 - embed_frame_pair:2487 - [P:414 R:3] ACTION: Strengthening bit 0 (orig_ratio=1.0000, alpha_t=1.1530).
[2025-06-04 08:36:31,965] I ThreadPoolExecutor-0_2 - embed_frame_pair:2487 - [P:414 R:2] ACTION: Strengthening bit 0 (orig_ratio=1.0000, alpha_t=1.1500).
[2025-06-04 08:36:31,972] I ThreadPoolExecutor-0_1 - embed_frame_pair:2487 - [P:268 R:3] ACTION: Strengthening bit 1 (orig_ratio=1.0000, inv_a=0.8260).
[2025-06-04 08:36:32,035] I ThreadPoolExecutor-0_1 - embed_frame_pair:2487 - [P:268 R:4] ACTION: Strengthening bit 0 (orig_ratio=1.0000, alpha_t=1.2059).
[2025-06-04 08:36:32,043] I ThreadPoolExecutor-0_3 - _embed_single_pair_task:2706 - [P:559] Selected rings by GPU entropy: [3, 5]
[2025-06-04 08:36:32,052] I ThreadPoolExecutor-0_0 - _embed_single_pair_task:2706 - [P:125] Selected rings by GPU entropy: [0, 5]
[2025-06-04 08:36:32,187] I ThreadPoolExecutor-0_1 - _embed_single_pair_task:2706 - [P:269] Selected rings by GPU entropy: [4, 5]
[2025-06-04 08:36:32,189] I ThreadPoolExecutor-0_2 - _embed_single_pair_task:2706 - [P:415] Selected rings by GPU entropy: [5, 7]
[2025-06-04 08:36:32,193] I ThreadPoolExecutor-0_3 - embed_frame_pair:2487 - [P:559 R:3] ACTION: Strengthening bit 1 (orig_ratio=0.9999, inv_a=0.8397).
[2025-06-04 08:36:32,195] I ThreadPoolExecutor-0_0 - embed_frame_pair:2487 - [P:125 R:0] ACTION: Strengthening bit 1 (orig_ratio=0.9922, inv_a=0.8433).
[2025-06-04 08:36:32,238] I ThreadPoolExecutor-0_3 - embed_frame_pair:2487 - [P:559 R:5] ACTION: Modifying bit 0 -> 1 (tensor).
[2025-06-04 08:36:32,238] I ThreadPoolExecutor-0_0 - embed_frame_pair:2487 - [P:125 R:5] ACTION: Modifying bit 1 -> 0 (tensor).
[2025-06-04 08:36:32,326] I ThreadPoolExecutor-0_1 - embed_frame_pair:2487 - [P:269 R:4] ACTION: Modifying bit 1 -> 0 (tensor).
[2025-06-04 08:36:32,360] I ThreadPoolExecutor-0_2 - embed_frame_pair:2487 - [P:415 R:5] ACTION: Modifying bit 1 -> 0 (tensor).
[2025-06-04 08:36:32,361] I ThreadPoolExecutor-0_1 - embed_frame_pair:2487 - [P:269 R:5] ACTION: Modifying bit 0 -> 1 (tensor).
[2025-06-04 08:36:32,408] I ThreadPoolExecutor-0_0 - _embed_single_pair_task:2706 - [P:126] Selected rings by GPU entropy: [1, 2]
[2025-06-04 08:36:32,415] I ThreadPoolExecutor-0_2 - embed_frame_pair:2487 - [P:415 R:7] ACTION: Modifying bit 0 -> 1 (tensor).
[2025-06-04 08:36:32,468] I ThreadPoolExecutor-0_3 - _embed_single_pair_task:2706 - [P:560] Selected rings by GPU entropy: [1, 4]
[2025-06-04 08:36:32,525] I ThreadPoolExecutor-0_1 - _embed_single_pair_task:2706 - [P:270] Selected rings by GPU entropy: [3, 1]
[2025-06-04 08:36:32,577] I ThreadPoolExecutor-0_0 - embed_frame_pair:2487 - [P:126 R:1] ACTION: Modifying bit 1 -> 0 (tensor).
[2025-06-04 08:36:32,585] I ThreadPoolExecutor-0_2 - _embed_single_pair_task:2706 - [P:416] Selected rings by GPU entropy: [3, 6]
[2025-06-04 08:36:32,608] I ThreadPoolExecutor-0_3 - embed_frame_pair:2487 - [P:560 R:1] ACTION: Modifying bit 1 -> 0 (tensor).
[2025-06-04 08:36:32,638] I ThreadPoolExecutor-0_0 - embed_frame_pair:2487 - [P:126 R:2] ACTION: Modifying bit 1 -> 0 (tensor).
[2025-06-04 08:36:32,656] I ThreadPoolExecutor-0_1 - embed_frame_pair:2487 - [P:270 R:3] ACTION: Modifying bit 1 -> 0 (tensor).
[2025-06-04 08:36:32,671] I ThreadPoolExecutor-0_3 - embed_frame_pair:2487 - [P:560 R:4] ACTION: Modifying bit 0 -> 1 (tensor).
[2025-06-04 08:36:32,712] I ThreadPoolExecutor-0_2 - embed_frame_pair:2487 - [P:416 R:3] ACTION: Strengthening bit 0 (orig_ratio=1.0006, alpha_t=1.1556).
[2025-06-04 08:36:32,717] I ThreadPoolExecutor-0_1 - embed_frame_pair:2487 - [P:270 R:1] ACTION: Strengthening bit 1 (orig_ratio=1.0000, inv_a=0.8492).
[2025-06-04 08:36:32,751] I ThreadPoolExecutor-0_2 - embed_frame_pair:2487 - [P:416 R:6] ACTION: Strengthening bit 1 (orig_ratio=0.9999, inv_a=0.8772).
[2025-06-04 08:36:32,839] I ThreadPoolExecutor-0_0 - _embed_single_pair_task:2706 - [P:127] Selected rings by GPU entropy: [1, 5]
[2025-06-04 08:36:32,841] I ThreadPoolExecutor-0_3 - _embed_single_pair_task:2706 - [P:561] Selected rings by GPU entropy: [1, 2]
[2025-06-04 08:36:32,849] I ThreadPoolExecutor-0_1 - _embed_single_pair_task:2706 - [P:271] Selected rings by GPU entropy: [4, 1]
[2025-06-04 08:36:32,980] I ThreadPoolExecutor-0_2 - _embed_single_pair_task:2706 - [P:417] Selected rings by GPU entropy: [2, 7]
[2025-06-04 08:36:32,990] I ThreadPoolExecutor-0_0 - embed_frame_pair:2487 - [P:127 R:1] ACTION: Strengthening bit 0 (orig_ratio=1.0005, alpha_t=1.1797).
[2025-06-04 08:36:33,012] I ThreadPoolExecutor-0_1 - embed_frame_pair:2487 - [P:271 R:4] ACTION: Strengthening bit 1 (orig_ratio=1.0000, inv_a=0.8294).
[2025-06-04 08:36:33,046] I ThreadPoolExecutor-0_3 - embed_frame_pair:2487 - [P:561 R:1] ACTION: Strengthening bit 1 (orig_ratio=1.0000, inv_a=0.8311).
[2025-06-04 08:36:33,059] I ThreadPoolExecutor-0_0 - embed_frame_pair:2487 - [P:127 R:5] ACTION: Strengthening bit 1 (orig_ratio=0.9998, inv_a=0.8500).
[2025-06-04 08:36:33,072] I ThreadPoolExecutor-0_1 - embed_frame_pair:2487 - [P:271 R:1] ACTION: Modifying bit 0 -> 1 (tensor).
[2025-06-04 08:36:33,107] I ThreadPoolExecutor-0_2 - embed_frame_pair:2487 - [P:417 R:2] ACTION: Strengthening bit 1 (orig_ratio=0.9998, inv_a=0.8678).
[2025-06-04 08:36:33,114] I ThreadPoolExecutor-0_3 - embed_frame_pair:2487 - [P:561 R:2] ACTION: Strengthening bit 1 (orig_ratio=0.9999, inv_a=0.8360).
[2025-06-04 08:36:33,169] I ThreadPoolExecutor-0_2 - embed_frame_pair:2487 - [P:417 R:7] ACTION: Strengthening bit 1 (orig_ratio=0.9999, inv_a=0.8706).
[2025-06-04 08:36:33,213] I ThreadPoolExecutor-0_0 - _embed_single_pair_task:2706 - [P:128] Selected rings by GPU entropy: [5, 3]
[2025-06-04 08:36:33,240] I ThreadPoolExecutor-0_1 - _embed_single_pair_task:2706 - [P:272] Selected rings by GPU entropy: [2, 4]
[2025-06-04 08:36:33,258] I ThreadPoolExecutor-0_3 - _embed_single_pair_task:2706 - [P:562] Selected rings by GPU entropy: [2, 4]
[2025-06-04 08:36:33,366] I ThreadPoolExecutor-0_0 - embed_frame_pair:2487 - [P:128 R:5] ACTION: Strengthening bit 0 (orig_ratio=1.0040, alpha_t=1.1754).
[2025-06-04 08:36:33,377] I ThreadPoolExecutor-0_2 - _embed_single_pair_task:2706 - [P:418] Selected rings by GPU entropy: [4, 1]
[2025-06-04 08:36:33,400] I ThreadPoolExecutor-0_1 - embed_frame_pair:2487 - [P:272 R:2] ACTION: Modifying bit 1 -> 0 (tensor).
[2025-06-04 08:36:33,413] I ThreadPoolExecutor-0_3 - embed_frame_pair:2487 - [P:562 R:2] ACTION: Strengthening bit 1 (orig_ratio=1.0000, inv_a=0.8360).
[2025-06-04 08:36:33,418] I ThreadPoolExecutor-0_0 - embed_frame_pair:2487 - [P:128 R:3] ACTION: Strengthening bit 1 (orig_ratio=0.9978, inv_a=0.8528).
[2025-06-04 08:36:33,468] I ThreadPoolExecutor-0_1 - embed_frame_pair:2487 - [P:272 R:4] ACTION: Strengthening bit 1 (orig_ratio=0.9997, inv_a=0.8295).
[2025-06-04 08:36:33,480] I ThreadPoolExecutor-0_3 - embed_frame_pair:2487 - [P:562 R:4] ACTION: Strengthening bit 0 (orig_ratio=1.0001, alpha_t=1.1892).
[2025-06-04 08:36:33,504] I ThreadPoolExecutor-0_2 - embed_frame_pair:2487 - [P:418 R:4] ACTION: Modifying bit 1 -> 0 (tensor).
[2025-06-04 08:36:33,568] I ThreadPoolExecutor-0_2 - embed_frame_pair:2487 - [P:418 R:1] ACTION: Strengthening bit 0 (orig_ratio=1.0004, alpha_t=1.1407).
[2025-06-04 08:36:33,579] I ThreadPoolExecutor-0_0 - _embed_single_pair_task:2706 - [P:129] Selected rings by GPU entropy: [0, 5]
[2025-06-04 08:36:33,634] I ThreadPoolExecutor-0_1 - _embed_single_pair_task:2706 - [P:273] Selected rings by GPU entropy: [3, 4]
[2025-06-04 08:36:33,648] I ThreadPoolExecutor-0_3 - _embed_single_pair_task:2706 - [P:563] Selected rings by GPU entropy: [3, 5]
[2025-06-04 08:36:33,735] I ThreadPoolExecutor-0_0 - embed_frame_pair:2487 - [P:129 R:0] ACTION: Strengthening bit 1 (orig_ratio=0.9894, inv_a=0.8480).
[2025-06-04 08:36:33,770] I ThreadPoolExecutor-0_2 - _embed_single_pair_task:2706 - [P:419] Selected rings by GPU entropy: [2, 7]
[2025-06-04 08:36:33,781] I ThreadPoolExecutor-0_1 - embed_frame_pair:2487 - [P:273 R:3] ACTION: Strengthening bit 1 (orig_ratio=1.0000, inv_a=0.8262).
[2025-06-04 08:36:33,795] I ThreadPoolExecutor-0_0 - embed_frame_pair:2487 - [P:129 R:5] ACTION: Modifying bit 0 -> 1 (tensor).
[2025-06-04 08:36:33,809] I ThreadPoolExecutor-0_3 - embed_frame_pair:2487 - [P:563 R:3] ACTION: Modifying bit 0 -> 1 (tensor).
[2025-06-04 08:36:33,856] I ThreadPoolExecutor-0_1 - embed_frame_pair:2487 - [P:273 R:4] ACTION: Strengthening bit 1 (orig_ratio=0.9999, inv_a=0.8295).
[2025-06-04 08:36:33,874] I ThreadPoolExecutor-0_3 - embed_frame_pair:2487 - [P:563 R:5] ACTION: Strengthening bit 1 (orig_ratio=1.0000, inv_a=0.8452).
[2025-06-04 08:36:33,911] I ThreadPoolExecutor-0_2 - embed_frame_pair:2487 - [P:419 R:2] ACTION: Strengthening bit 0 (orig_ratio=1.0001, alpha_t=1.1562).
[2025-06-04 08:36:33,953] I ThreadPoolExecutor-0_0 - _embed_single_pair_task:2706 - [P:130] Selected rings by GPU entropy: [6, 4]
[2025-06-04 08:36:33,970] I ThreadPoolExecutor-0_2 - embed_frame_pair:2487 - [P:419 R:7] ACTION: Modifying bit 0 -> 1 (tensor).
[2025-06-04 08:36:34,021] I ThreadPoolExecutor-0_1 - _embed_single_pair_task:2706 - [P:274] Selected rings by GPU entropy: [2, 3]
[2025-06-04 08:36:34,052] I ThreadPoolExecutor-0_3 - _embed_single_pair_task:2706 - [P:564] Selected rings by GPU entropy: [1, 2]
[2025-06-04 08:36:34,102] I ThreadPoolExecutor-0_0 - embed_frame_pair:2487 - [P:130 R:6] ACTION: Strengthening bit 0 (orig_ratio=1.0072, alpha_t=1.1754).
[2025-06-04 08:36:34,158] I ThreadPoolExecutor-0_1 - embed_frame_pair:2487 - [P:274 R:2] ACTION: Modifying bit 0 -> 1 (tensor).
[2025-06-04 08:36:34,171] I ThreadPoolExecutor-0_2 - _embed_single_pair_task:2706 - [P:420] Selected rings by GPU entropy: [3, 7]
[2025-06-04 08:36:34,175] I ThreadPoolExecutor-0_0 - embed_frame_pair:2487 - [P:130 R:4] ACTION: Modifying bit 1 -> 0 (tensor).
[2025-06-04 08:36:34,208] I ThreadPoolExecutor-0_3 - embed_frame_pair:2487 - [P:564 R:1] ACTION: Modifying bit 1 -> 0 (tensor).
[2025-06-04 08:36:34,216] I ThreadPoolExecutor-0_1 - embed_frame_pair:2487 - [P:274 R:3] ACTION: Strengthening bit 0 (orig_ratio=1.0000, alpha_t=1.2104).
[2025-06-04 08:36:34,282] I ThreadPoolExecutor-0_3 - embed_frame_pair:2487 - [P:564 R:2] ACTION: Modifying bit 0 -> 1 (tensor).
[2025-06-04 08:36:34,317] I ThreadPoolExecutor-0_2 - embed_frame_pair:2487 - [P:420 R:3] ACTION: Modifying bit 1 -> 0 (tensor).
[2025-06-04 08:36:34,349] I ThreadPoolExecutor-0_0 - _embed_single_pair_task:2706 - [P:131] Selected rings by GPU entropy: [5, 4]
[2025-06-04 08:36:34,363] I ThreadPoolExecutor-0_1 - _embed_single_pair_task:2706 - [P:275] Selected rings by GPU entropy: [2, 3]
[2025-06-04 08:36:34,368] I ThreadPoolExecutor-0_2 - embed_frame_pair:2487 - [P:420 R:7] ACTION: Strengthening bit 0 (orig_ratio=1.0001, alpha_t=1.1463).
[2025-06-04 08:36:34,500] I ThreadPoolExecutor-0_3 - _embed_single_pair_task:2706 - [P:565] Selected rings by GPU entropy: [2, 3]
[2025-06-04 08:36:34,501] I ThreadPoolExecutor-0_0 - embed_frame_pair:2487 - [P:131 R:5] ACTION: Strengthening bit 0 (orig_ratio=1.0124, alpha_t=1.1794).
[2025-06-04 08:36:34,512] I ThreadPoolExecutor-0_1 - embed_frame_pair:2487 - [P:275 R:2] ACTION: Modifying bit 0 -> 1 (tensor).
[2025-06-04 08:36:34,516] I ThreadPoolExecutor-0_2 - _embed_single_pair_task:2706 - [P:421] Selected rings by GPU entropy: [4, 5]
[2025-06-04 08:36:34,559] I ThreadPoolExecutor-0_0 - embed_frame_pair:2487 - [P:131 R:4] ACTION: Modifying bit 0 -> 1 (tensor).
[2025-06-04 08:36:34,584] I ThreadPoolExecutor-0_1 - embed_frame_pair:2487 - [P:275 R:3] ACTION: Modifying bit 0 -> 1 (tensor).
[2025-06-04 08:36:34,666] I ThreadPoolExecutor-0_3 - embed_frame_pair:2487 - [P:565 R:2] ACTION: Strengthening bit 1 (orig_ratio=0.9999, inv_a=0.8359).
[2025-06-04 08:36:34,668] I ThreadPoolExecutor-0_2 - embed_frame_pair:2487 - [P:421 R:4] ACTION: Strengthening bit 0 (orig_ratio=1.0002, alpha_t=1.1442).
[2025-06-04 08:36:34,703] I ThreadPoolExecutor-0_3 - embed_frame_pair:2487 - [P:565 R:3] ACTION: Strengthening bit 1 (orig_ratio=1.0000, inv_a=0.8398).
[2025-06-04 08:36:34,717] I ThreadPoolExecutor-0_2 - embed_frame_pair:2487 - [P:421 R:5] ACTION: Modifying bit 1 -> 0 (tensor).
[2025-06-04 08:36:34,750] I ThreadPoolExecutor-0_0 - _embed_single_pair_task:2706 - [P:132] Selected rings by GPU entropy: [3, 2]
[2025-06-04 08:36:34,802] I ThreadPoolExecutor-0_1 - _embed_single_pair_task:2706 - [P:276] Selected rings by GPU entropy: [3, 4]
[2025-06-04 08:36:34,865] I ThreadPoolExecutor-0_3 - _embed_single_pair_task:2706 - [P:566] Selected rings by GPU entropy: [2, 3]
[2025-06-04 08:36:34,890] I ThreadPoolExecutor-0_0 - embed_frame_pair:2487 - [P:132 R:3] ACTION: Modifying bit 1 -> 0 (tensor).
[2025-06-04 08:36:34,922] I ThreadPoolExecutor-0_2 - _embed_single_pair_task:2706 - [P:422] Selected rings by GPU entropy: [3, 2]
[2025-06-04 08:36:34,951] I ThreadPoolExecutor-0_1 - embed_frame_pair:2487 - [P:276 R:3] ACTION: Strengthening bit 0 (orig_ratio=1.0001, alpha_t=1.2101).
[2025-06-04 08:36:34,961] I ThreadPoolExecutor-0_0 - embed_frame_pair:2487 - [P:132 R:2] ACTION: Modifying bit 1 -> 0 (tensor).
[2025-06-04 08:36:35,009] I ThreadPoolExecutor-0_3 - embed_frame_pair:2487 - [P:566 R:2] ACTION: Modifying bit 1 -> 0 (tensor).
[2025-06-04 08:36:35,017] I ThreadPoolExecutor-0_1 - embed_frame_pair:2487 - [P:276 R:4] ACTION: Modifying bit 0 -> 1 (tensor).
[2025-06-04 08:36:35,058] I ThreadPoolExecutor-0_3 - embed_frame_pair:2487 - [P:566 R:3] ACTION: Modifying bit 1 -> 0 (tensor).
[2025-06-04 08:36:35,059] I ThreadPoolExecutor-0_2 - embed_frame_pair:2487 - [P:422 R:3] ACTION: Strengthening bit 0 (orig_ratio=1.0009, alpha_t=1.1598).
[2025-06-04 08:36:35,116] I ThreadPoolExecutor-0_0 - _embed_single_pair_task:2706 - [P:133] Selected rings by GPU entropy: [3, 2]
[2025-06-04 08:36:35,126] I ThreadPoolExecutor-0_2 - embed_frame_pair:2487 - [P:422 R:2] ACTION: Strengthening bit 0 (orig_ratio=1.0003, alpha_t=1.1548).
[2025-06-04 08:36:35,196] I ThreadPoolExecutor-0_1 - _embed_single_pair_task:2706 - [P:277] Selected rings by GPU entropy: [2, 4]
[2025-06-04 08:36:35,217] I ThreadPoolExecutor-0_3 - _embed_single_pair_task:2706 - [P:567] Selected rings by GPU entropy: [3, 5]
[2025-06-04 08:36:35,245] I ThreadPoolExecutor-0_0 - embed_frame_pair:2487 - [P:133 R:3] ACTION: Modifying bit 1 -> 0 (tensor).
[2025-06-04 08:36:35,323] I ThreadPoolExecutor-0_2 - _embed_single_pair_task:2706 - [P:423] Selected rings by GPU entropy: [2, 7]
[2025-06-04 08:36:35,325] I ThreadPoolExecutor-0_0 - embed_frame_pair:2487 - [P:133 R:2] ACTION: Modifying bit 1 -> 0 (tensor).
[2025-06-04 08:36:35,359] I ThreadPoolExecutor-0_1 - embed_frame_pair:2487 - [P:277 R:2] ACTION: Strengthening bit 1 (orig_ratio=0.9999, inv_a=0.8286).
[2025-06-04 08:36:35,383] I ThreadPoolExecutor-0_3 - embed_frame_pair:2487 - [P:567 R:3] ACTION: Modifying bit 1 -> 0 (tensor).
[2025-06-04 08:36:35,423] I ThreadPoolExecutor-0_1 - embed_frame_pair:2487 - [P:277 R:4] ACTION: Strengthening bit 1 (orig_ratio=0.9999, inv_a=0.8295).
[2025-06-04 08:36:35,438] I ThreadPoolExecutor-0_3 - embed_frame_pair:2487 - [P:567 R:5] ACTION: Modifying bit 0 -> 1 (tensor).
[2025-06-04 08:36:35,452] I ThreadPoolExecutor-0_2 - embed_frame_pair:2487 - [P:423 R:2] ACTION: Modifying bit 0 -> 1 (tensor).
[2025-06-04 08:36:35,483] I ThreadPoolExecutor-0_0 - _embed_single_pair_task:2706 - [P:134] Selected rings by GPU entropy: [3, 1]
[2025-06-04 08:36:35,499] I ThreadPoolExecutor-0_2 - embed_frame_pair:2487 - [P:423 R:7] ACTION: Modifying bit 0 -> 1 (tensor).
[2025-06-04 08:36:35,599] I ThreadPoolExecutor-0_1 - _embed_single_pair_task:2706 - [P:278] Selected rings by GPU entropy: [2, 4]
[2025-06-04 08:36:35,610] I ThreadPoolExecutor-0_0 - embed_frame_pair:2487 - [P:134 R:3] ACTION: Strengthening bit 0 (orig_ratio=1.0004, alpha_t=1.1852).
[2025-06-04 08:36:35,640] I ThreadPoolExecutor-0_2 - _embed_single_pair_task:2706 - [P:424] Selected rings by GPU entropy: [7, 5]
[2025-06-04 08:36:35,681] I ThreadPoolExecutor-0_3 - _embed_single_pair_task:2706 - [P:568] Selected rings by GPU entropy: [3, 5]
[2025-06-04 08:36:35,690] I ThreadPoolExecutor-0_0 - embed_frame_pair:2487 - [P:134 R:1] ACTION: Modifying bit 1 -> 0 (tensor).
[2025-06-04 08:36:35,756] I ThreadPoolExecutor-0_1 - embed_frame_pair:2487 - [P:278 R:2] ACTION: Modifying bit 1 -> 0 (tensor).
[2025-06-04 08:36:35,782] I ThreadPoolExecutor-0_2 - embed_frame_pair:2487 - [P:424 R:7] ACTION: Strengthening bit 0 (orig_ratio=1.0004, alpha_t=1.1441).
[2025-06-04 08:36:35,812] I ThreadPoolExecutor-0_1 - embed_frame_pair:2487 - [P:278 R:4] ACTION: Modifying bit 1 -> 0 (tensor).
[2025-06-04 08:36:35,820] I ThreadPoolExecutor-0_3 - embed_frame_pair:2487 - [P:568 R:3] ACTION: Strengthening bit 1 (orig_ratio=0.9999, inv_a=0.8398).
[2025-06-04 08:36:35,839] I ThreadPoolExecutor-0_2 - embed_frame_pair:2487 - [P:424 R:5] ACTION: Strengthening bit 0 (orig_ratio=1.0000, alpha_t=1.1425).
[2025-06-04 08:36:35,842] I ThreadPoolExecutor-0_0 - _embed_single_pair_task:2706 - [P:135] Selected rings by GPU entropy: [4, 0]
[2025-06-04 08:36:35,875] I ThreadPoolExecutor-0_3 - embed_frame_pair:2487 - [P:568 R:5] ACTION: Modifying bit 1 -> 0 (tensor).
[2025-06-04 08:36:35,973] I ThreadPoolExecutor-0_1 - _embed_single_pair_task:2706 - [P:279] Selected rings by GPU entropy: [2, 4]
[2025-06-04 08:36:35,981] I ThreadPoolExecutor-0_0 - embed_frame_pair:2487 - [P:135 R:4] ACTION: Strengthening bit 1 (orig_ratio=0.9995, inv_a=0.8385).
[2025-06-04 08:36:35,982] I ThreadPoolExecutor-0_2 - _embed_single_pair_task:2706 - [P:425] Selected rings by GPU entropy: [4, 7]
[2025-06-04 08:36:36,032] I ThreadPoolExecutor-0_0 - embed_frame_pair:2487 - [P:135 R:0] ACTION: Modifying bit 0 -> 1 (tensor).
[2025-06-04 08:36:36,032] I ThreadPoolExecutor-0_3 - _embed_single_pair_task:2706 - [P:569] Selected rings by GPU entropy: [2, 5]
[2025-06-04 08:36:36,102] I ThreadPoolExecutor-0_2 - embed_frame_pair:2487 - [P:425 R:4] ACTION: Modifying bit 0 -> 1 (tensor).
[2025-06-04 08:36:36,167] I ThreadPoolExecutor-0_2 - embed_frame_pair:2487 - [P:425 R:7] ACTION: Modifying bit 0 -> 1 (tensor).
[2025-06-04 08:36:36,174] I ThreadPoolExecutor-0_3 - embed_frame_pair:2487 - [P:569 R:2] ACTION: Modifying bit 1 -> 0 (tensor).
[2025-06-04 08:36:36,183] I ThreadPoolExecutor-0_0 - _embed_single_pair_task:2706 - [P:136] Selected rings by GPU entropy: [4, 1]
[2025-06-04 08:36:36,196] I ThreadPoolExecutor-0_1 - embed_frame_pair:2487 - [P:279 R:2] ACTION: Strengthening bit 0 (orig_ratio=1.0000, alpha_t=1.2069).
[2025-06-04 08:36:36,234] I ThreadPoolExecutor-0_3 - embed_frame_pair:2487 - [P:569 R:5] ACTION: Strengthening bit 1 (orig_ratio=1.0000, inv_a=0.8452).
[2025-06-04 08:36:36,255] I ThreadPoolExecutor-0_1 - embed_frame_pair:2487 - [P:279 R:4] ACTION: Modifying bit 0 -> 1 (tensor).
[2025-06-04 08:36:36,316] I ThreadPoolExecutor-0_2 - _embed_single_pair_task:2706 - [P:426] Selected rings by GPU entropy: [2, 7]
[2025-06-04 08:36:36,331] I ThreadPoolExecutor-0_0 - embed_frame_pair:2487 - [P:136 R:4] ACTION: Strengthening bit 0 (orig_ratio=1.0007, alpha_t=1.1922).
[2025-06-04 08:36:36,368] I ThreadPoolExecutor-0_0 - embed_frame_pair:2487 - [P:136 R:1] ACTION: Strengthening bit 0 (orig_ratio=1.0009, alpha_t=1.1834).
[2025-06-04 08:36:36,438] I ThreadPoolExecutor-0_3 - _embed_single_pair_task:2706 - [P:570] Selected rings by GPU entropy: [1, 2]
[2025-06-04 08:36:36,445] I ThreadPoolExecutor-0_1 - _embed_single_pair_task:2706 - [P:280] Selected rings by GPU entropy: [2, 3]
[2025-06-04 08:36:36,456] I ThreadPoolExecutor-0_2 - embed_frame_pair:2487 - [P:426 R:2] ACTION: Strengthening bit 1 (orig_ratio=0.9997, inv_a=0.8699).
[2025-06-04 08:36:36,515] I ThreadPoolExecutor-0_2 - embed_frame_pair:2487 - [P:426 R:7] ACTION: Modifying bit 0 -> 1 (tensor).
[2025-06-04 08:36:36,518] I ThreadPoolExecutor-0_0 - _embed_single_pair_task:2706 - [P:137] Selected rings by GPU entropy: [4, 1]
[2025-06-04 08:36:36,590] I ThreadPoolExecutor-0_3 - embed_frame_pair:2487 - [P:570 R:1] ACTION: Strengthening bit 1 (orig_ratio=0.9999, inv_a=0.8311).
[2025-06-04 08:36:36,650] I ThreadPoolExecutor-0_3 - embed_frame_pair:2487 - [P:570 R:2] ACTION: Strengthening bit 1 (orig_ratio=1.0000, inv_a=0.8360).
[2025-06-04 08:36:36,658] I ThreadPoolExecutor-0_1 - embed_frame_pair:2487 - [P:280 R:2] ACTION: Modifying bit 0 -> 1 (tensor).
[2025-06-04 08:36:36,663] I ThreadPoolExecutor-0_2 - _embed_single_pair_task:2706 - [P:427] Selected rings by GPU entropy: [4, 6]
[2025-06-04 08:36:36,665] I ThreadPoolExecutor-0_0 - embed_frame_pair:2487 - [P:137 R:4] ACTION: Strengthening bit 1 (orig_ratio=0.9998, inv_a=0.8384).
[2025-06-04 08:36:36,723] I ThreadPoolExecutor-0_1 - embed_frame_pair:2487 - [P:280 R:3] ACTION: Strengthening bit 0 (orig_ratio=1.0001, alpha_t=1.2100).
[2025-06-04 08:36:36,732] I ThreadPoolExecutor-0_0 - embed_frame_pair:2487 - [P:137 R:1] ACTION: Modifying bit 0 -> 1 (tensor).
[2025-06-04 08:36:36,800] I ThreadPoolExecutor-0_2 - embed_frame_pair:2487 - [P:427 R:4] ACTION: Modifying bit 1 -> 0 (tensor).
[2025-06-04 08:36:36,802] I ThreadPoolExecutor-0_3 - _embed_single_pair_task:2706 - [P:571] Selected rings by GPU entropy: [1, 2]
[2025-06-04 08:36:36,851] I ThreadPoolExecutor-0_2 - embed_frame_pair:2487 - [P:427 R:6] ACTION: Strengthening bit 1 (orig_ratio=1.0000, inv_a=0.8795).
[2025-06-04 08:36:36,916] I ThreadPoolExecutor-0_1 - _embed_single_pair_task:2706 - [P:281] Selected rings by GPU entropy: [3, 4]
[2025-06-04 08:36:36,923] I ThreadPoolExecutor-0_0 - _embed_single_pair_task:2706 - [P:138] Selected rings by GPU entropy: [3, 5]
[2025-06-04 08:36:36,961] I ThreadPoolExecutor-0_3 - embed_frame_pair:2487 - [P:571 R:1] ACTION: Strengthening bit 1 (orig_ratio=1.0000, inv_a=0.8311).
[2025-06-04 08:36:37,038] I ThreadPoolExecutor-0_2 - _embed_single_pair_task:2706 - [P:428] Selected rings by GPU entropy: [4, 5]
[2025-06-04 08:36:37,039] I ThreadPoolExecutor-0_3 - embed_frame_pair:2487 - [P:571 R:2] ACTION: Strengthening bit 1 (orig_ratio=1.0000, inv_a=0.8360).
[2025-06-04 08:36:37,073] I ThreadPoolExecutor-0_1 - embed_frame_pair:2487 - [P:281 R:3] ACTION: Strengthening bit 0 (orig_ratio=1.0000, alpha_t=1.2101).
[2025-06-04 08:36:37,089] I ThreadPoolExecutor-0_0 - embed_frame_pair:2487 - [P:138 R:3] ACTION: Strengthening bit 1 (orig_ratio=0.9997, inv_a=0.8455).
[2025-06-04 08:36:37,141] I ThreadPoolExecutor-0_1 - embed_frame_pair:2487 - [P:281 R:4] ACTION: Modifying bit 0 -> 1 (tensor).
[2025-06-04 08:36:37,150] I ThreadPoolExecutor-0_0 - embed_frame_pair:2487 - [P:138 R:5] ACTION: Strengthening bit 1 (orig_ratio=0.9983, inv_a=0.8440).
[2025-06-04 08:36:37,185] I ThreadPoolExecutor-0_2 - embed_frame_pair:2487 - [P:428 R:4] ACTION: Strengthening bit 1 (orig_ratio=0.9998, inv_a=0.8755).
[2025-06-04 08:36:37,204] I ThreadPoolExecutor-0_3 - _embed_single_pair_task:2706 - [P:572] Selected rings by GPU entropy: [2, 3]
[2025-06-04 08:36:37,230] I ThreadPoolExecutor-0_2 - embed_frame_pair:2487 - [P:428 R:5] ACTION: Modifying bit 1 -> 0 (tensor).
[2025-06-04 08:36:37,331] I ThreadPoolExecutor-0_1 - _embed_single_pair_task:2706 - [P:282] Selected rings by GPU entropy: [2, 5]
[2025-06-04 08:36:37,335] I ThreadPoolExecutor-0_0 - _embed_single_pair_task:2706 - [P:139] Selected rings by GPU entropy: [4, 1]
[2025-06-04 08:36:37,350] I ThreadPoolExecutor-0_3 - embed_frame_pair:2487 - [P:572 R:2] ACTION: Modifying bit 1 -> 0 (tensor).
[2025-06-04 08:36:37,410] I ThreadPoolExecutor-0_2 - _embed_single_pair_task:2706 - [P:429] Selected rings by GPU entropy: [3, 4]
[2025-06-04 08:36:37,412] I ThreadPoolExecutor-0_3 - embed_frame_pair:2487 - [P:572 R:3] ACTION: Modifying bit 1 -> 0 (tensor).
[2025-06-04 08:36:37,490] I ThreadPoolExecutor-0_1 - embed_frame_pair:2487 - [P:282 R:2] ACTION: Strengthening bit 1 (orig_ratio=1.0000, inv_a=0.8287).
[2025-06-04 08:36:37,548] I ThreadPoolExecutor-0_1 - embed_frame_pair:2487 - [P:282 R:5] ACTION: Modifying bit 0 -> 1 (tensor).
[2025-06-04 08:36:37,556] I ThreadPoolExecutor-0_0 - embed_frame_pair:2487 - [P:139 R:4] ACTION: Modifying bit 1 -> 0 (tensor).
[2025-06-04 08:36:37,562] I ThreadPoolExecutor-0_2 - embed_frame_pair:2487 - [P:429 R:3] ACTION: Modifying bit 1 -> 0 (tensor).
[2025-06-04 08:36:37,583] I ThreadPoolExecutor-0_3 - _embed_single_pair_task:2706 - [P:573] Selected rings by GPU entropy: [1, 4]
[2025-06-04 08:36:37,612] I ThreadPoolExecutor-0_0 - embed_frame_pair:2487 - [P:139 R:1] ACTION: Modifying bit 0 -> 1 (tensor).
[2025-06-04 08:36:37,620] I ThreadPoolExecutor-0_2 - embed_frame_pair:2487 - [P:429 R:4] ACTION: Strengthening bit 1 (orig_ratio=1.0000, inv_a=0.8760).
[2025-06-04 08:36:37,706] I ThreadPoolExecutor-0_1 - _embed_single_pair_task:2706 - [P:283] Selected rings by GPU entropy: [2, 3]
[2025-06-04 08:36:37,709] I ThreadPoolExecutor-0_3 - embed_frame_pair:2487 - [P:573 R:1] ACTION: Modifying bit 1 -> 0 (tensor).
[2025-06-04 08:36:37,764] I ThreadPoolExecutor-0_3 - embed_frame_pair:2487 - [P:573 R:4] ACTION: Strengthening bit 0 (orig_ratio=1.0000, alpha_t=1.1891).
[2025-06-04 08:36:37,808] I ThreadPoolExecutor-0_2 - _embed_single_pair_task:2706 - [P:430] Selected rings by GPU entropy: [2, 4]
[2025-06-04 08:36:37,846] I ThreadPoolExecutor-0_0 - _embed_single_pair_task:2706 - [P:140] Selected rings by GPU entropy: [4, 3]
[2025-06-04 08:36:37,847] I ThreadPoolExecutor-0_1 - embed_frame_pair:2487 - [P:283 R:2] ACTION: Modifying bit 0 -> 1 (tensor).
[2025-06-04 08:36:37,900] I ThreadPoolExecutor-0_1 - embed_frame_pair:2487 - [P:283 R:3] ACTION: Modifying bit 0 -> 1 (tensor).
[2025-06-04 08:36:37,903] I ThreadPoolExecutor-0_3 - _embed_single_pair_task:2706 - [P:574] Selected rings by GPU entropy: [1, 3]
[2025-06-04 08:36:37,914] I ThreadPoolExecutor-0_2 - embed_frame_pair:2487 - [P:430 R:2] ACTION: Strengthening bit 0 (orig_ratio=1.0001, alpha_t=1.1450).
[2025-06-04 08:36:38,011] I ThreadPoolExecutor-0_2 - embed_frame_pair:2487 - [P:430 R:4] ACTION: Strengthening bit 1 (orig_ratio=1.0000, inv_a=0.8758).
[2025-06-04 08:36:38,053] I ThreadPoolExecutor-0_0 - embed_frame_pair:2487 - [P:140 R:4] ACTION: Modifying bit 0 -> 1 (tensor).
[2025-06-04 08:36:38,055] I ThreadPoolExecutor-0_3 - embed_frame_pair:2487 - [P:574 R:1] ACTION: Modifying bit 1 -> 0 (tensor).
[2025-06-04 08:36:38,062] I ThreadPoolExecutor-0_1 - _embed_single_pair_task:2706 - [P:284] Selected rings by GPU entropy: [3, 2]
[2025-06-04 08:36:38,096] I ThreadPoolExecutor-0_0 - embed_frame_pair:2487 - [P:140 R:3] ACTION: Modifying bit 1 -> 0 (tensor).
[2025-06-04 08:36:38,096] I ThreadPoolExecutor-0_3 - embed_frame_pair:2487 - [P:574 R:3] ACTION: Strengthening bit 0 (orig_ratio=1.0000, alpha_t=1.1908).
[2025-06-04 08:36:38,192] I ThreadPoolExecutor-0_2 - _embed_single_pair_task:2706 - [P:431] Selected rings by GPU entropy: [3, 2]
[2025-06-04 08:36:38,210] I ThreadPoolExecutor-0_1 - embed_frame_pair:2487 - [P:284 R:3] ACTION: Modifying bit 1 -> 0 (tensor).
[2025-06-04 08:36:38,273] I ThreadPoolExecutor-0_1 - embed_frame_pair:2487 - [P:284 R:2] ACTION: Strengthening bit 0 (orig_ratio=1.0000, alpha_t=1.2066).
[2025-06-04 08:36:38,288] I ThreadPoolExecutor-0_0 - _embed_single_pair_task:2706 - [P:141] Selected rings by GPU entropy: [1, 3]
[2025-06-04 08:36:38,339] I ThreadPoolExecutor-0_2 - embed_frame_pair:2487 - [P:431 R:3] ACTION: Strengthening bit 1 (orig_ratio=0.9998, inv_a=0.8399).
[2025-06-04 08:36:38,340] I ThreadPoolExecutor-0_3 - _embed_single_pair_task:2706 - [P:575] Selected rings by GPU entropy: [4, 5]
[2025-06-04 08:36:38,342] W ThreadPoolExecutor-0_3 - embed_frame_pair:2272 - [P:575] Mismatch bits/rings: 1 vs 2. Using min len 1.
[2025-06-04 08:36:38,409] I ThreadPoolExecutor-0_2 - embed_frame_pair:2487 - [P:431 R:2] ACTION: Strengthening bit 1 (orig_ratio=0.9998, inv_a=0.8434).
[2025-06-04 08:36:38,434] I ThreadPoolExecutor-0_0 - embed_frame_pair:2487 - [P:141 R:1] ACTION: Modifying bit 1 -> 0 (tensor).
[2025-06-04 08:36:38,446] I ThreadPoolExecutor-0_1 - _embed_single_pair_task:2706 - [P:285] Selected rings by GPU entropy: [5, 1]
[2025-06-04 08:36:38,488] I ThreadPoolExecutor-0_3 - embed_frame_pair:2487 - [P:575 R:4] ACTION: Modifying bit 1 -> 0 (tensor).
[2025-06-04 08:36:38,505] I ThreadPoolExecutor-0_0 - embed_frame_pair:2487 - [P:141 R:3] ACTION: Strengthening bit 1 (orig_ratio=0.9984, inv_a=0.8460).
[2025-06-04 08:36:38,582] I ThreadPoolExecutor-0_1 - embed_frame_pair:2487 - [P:285 R:5] ACTION: Modifying bit 1 -> 0 (tensor).
[2025-06-04 08:36:38,600] I ThreadPoolExecutor-0_1 - embed_frame_pair:2487 - [P:285 R:1] ACTION: Modifying bit 1 -> 0 (tensor).
[2025-06-04 08:36:38,676] I ThreadPoolExecutor-0_1 - _embed_single_pair_task:2706 - [P:286] Selected rings by GPU entropy: [4, 1]
[2025-06-04 08:36:38,760] I ThreadPoolExecutor-0_1 - embed_frame_pair:2487 - [P:286 R:4] ACTION: Modifying bit 1 -> 0 (tensor).
[2025-06-04 08:36:38,762] I ThreadPoolExecutor-0_0 - _embed_single_pair_task:2706 - [P:142] Selected rings by GPU entropy: [3, 2]
[2025-06-04 08:36:38,793] I ThreadPoolExecutor-0_1 - embed_frame_pair:2487 - [P:286 R:1] ACTION: Modifying bit 1 -> 0 (tensor).
[2025-06-04 08:36:38,849] I ThreadPoolExecutor-0_0 - embed_frame_pair:2487 - [P:142 R:3] ACTION: Modifying bit 1 -> 0 (tensor).
[2025-06-04 08:36:38,879] I ThreadPoolExecutor-0_0 - embed_frame_pair:2487 - [P:142 R:2] ACTION: Strengthening bit 1 (orig_ratio=0.9984, inv_a=0.8504).
[2025-06-04 08:36:38,900] I ThreadPoolExecutor-0_1 - _embed_single_pair_task:2706 - [P:287] Selected rings by GPU entropy: [3, 4]
[2025-06-04 08:36:38,980] I ThreadPoolExecutor-0_0 - _embed_single_pair_task:2706 - [P:143] Selected rings by GPU entropy: [4, 1]
[2025-06-04 08:36:38,986] I ThreadPoolExecutor-0_1 - embed_frame_pair:2487 - [P:287 R:3] ACTION: Strengthening bit 0 (orig_ratio=1.0000, alpha_t=1.2104).
[2025-06-04 08:36:39,020] I ThreadPoolExecutor-0_1 - embed_frame_pair:2487 - [P:287 R:4] ACTION: Modifying bit 0 -> 1 (tensor).
[2025-06-04 08:36:39,069] I ThreadPoolExecutor-0_0 - embed_frame_pair:2487 - [P:143 R:4] ACTION: Modifying bit 0 -> 1 (tensor).
[2025-06-04 08:36:39,086] I ThreadPoolExecutor-0_0 - embed_frame_pair:2487 - [P:143 R:1] ACTION: Modifying bit 0 -> 1 (tensor).
[2025-06-04 08:36:39,300] I MainThread - embed_watermark_in_video:2966 - Processing 576 pairs finished in 73.39 sec.
[2025-06-04 08:36:39,300] I MainThread - embed_watermark_in_video:2967 - Result: Processed OK: 576, Errors/Skipped: 0, Frames Updated: 1152.
[2025-06-04 08:36:39,350] I MainThread - embed_watermark_in_video:2974 - Selected rings log saved: selected_rings_embed_pytorch.json
[2025-06-04 08:36:39,350] I MainThread - embed_watermark_in_video:2978 - Function embed_watermark_in_video (head processing) finished.
[2025-06-04 08:36:39,363] I MainThread - main:3257 - Встраивание ЦВЗ в 'голову' успешно завершено.
[2025-06-04 08:36:41,195] I MainThread - main:3262 - Запись обработанной 'головы' и получение параметров...
[2025-06-04 08:36:41,196] I MainThread - main:3268 - Используются опции видеокодера для головы: {'preset': 'medium', 'crf': '20', 'tune': 'zerolatency'}
[2025-06-04 08:36:41,196] I MainThread - write_head_only:1565 - Запись 'головы' в 'watermarked_ffmpeg_t9_head.mp4' (1152 кадров)...
[2025-06-04 08:36:41,196] I MainThread - write_head_only:1566 -   Видеокодер для головы: libx264, Аудио для головы: aac
[2025-06-04 08:36:41,223] I MainThread - write_head_only:1661 - Видеопоток 'головы' time_base установлен из оригинала: 1/12288
[2025-06-04 08:36:41,223] I MainThread - write_head_only:1704 - Аудио для 'головы': Перекодирование из 'opus' в 'aac', Rate=48000, Layout=stereo
[2025-06-04 08:36:41,224] I MainThread - write_head_only:1720 - Аудиопоток 'головы' time_base: 1/48000
[2025-06-04 08:36:41,361] I MainThread - write_head_only:1774 - Для 'головы' декодировано 2500 аудиокадров из оригинала.
[2025-06-04 08:36:41,361] I MainThread - write_head_only:1784 - Кодирование и мультиплексирование 1152 видеокадров для 'головы'...
[2025-06-04 08:37:07,452] I MainThread - write_head_only:1830 - Закодировано и записано 1152 видеокадров в 'голову'.
[2025-06-04 08:37:07,452] I MainThread - write_head_only:1853 - Финальная ТОЧНАЯ ВИДЕО длительность 'головы': 48.000000000s
[2025-06-04 08:37:07,452] I MainThread - write_head_only:1863 - Кодирование и мультиплексирование 2500 аудиокадров для 'головы' (до ~48.000s видеовремени)...
[2025-06-04 08:37:09,345] I MainThread - write_head_only:1900 - Закодировано и записано 2249 аудиокадров в 'голову'.
[2025-06-04 08:37:09,345] I MainThread - write_head_only:1902 - Запись 'головы' в 'watermarked_ffmpeg_t9_head.mp4' завершена.
[2025-06-04 08:37:10,109] I MainThread - main:3295 - Обработанная 'голова' записана: 'watermarked_ffmpeg_t9_head.mp4'. Точная видео длительность: 48.000000000 сек.
[2025-06-04 08:37:10,109] I MainThread - main:3300 - Запуск умной склейки (Голова + Переход + Хвост_Копия)...
[2025-06-04 08:37:10,109] I MainThread - concatenate_smart_stitch:1957 - Запуск concatenate_smart_stitch: Голова='watermarked_ffmpeg_t9_head.mp4', Выход='watermarked_ffmpeg_t9.mp4'
[2025-06-04 08:37:10,109] I MainThread - concatenate_smart_stitch:1958 -   Конец головы: 48.000000000s. Порог для переходного сегмента: 0.005s.
[2025-06-04 08:37:10,133] I MainThread - concatenate_smart_stitch:2008 - Точка стыка: Конец головы=48.000000000s, Начало след. I-кадра=52.708333333s. Дыра=4.708333333s
[2025-06-04 08:37:10,133] I MainThread - concatenate_smart_stitch:2032 - Создание ПЕРЕКОДИРОВАННОГО переходного сегмента 'watermarked_ffmpeg_t9_transition_pid8604.mp4' (длительность ~4.708s)...
[2025-06-04 08:37:13,028] I MainThread - concatenate_smart_stitch:2095 - Переходный сегмент 'watermarked_ffmpeg_t9_transition_pid8604.mp4' успешно создан.
[2025-06-04 08:37:13,028] I MainThread - concatenate_smart_stitch:2111 - Создание КОПИРОВАННОГО хвоста 'watermarked_ffmpeg_t9_tail_copy_pid8604.mp4', начиная с 52.708333333s...
[2025-06-04 08:37:13,028] I MainThread - concatenate_smart_stitch:2117 -   Действие для аудио при создании копированного хвоста: aac
[2025-06-04 08:37:13,028] I MainThread - concatenate_smart_stitch:2134 -     (Перекодирование аудио хвоста в aac с битрейтом 139566)
[2025-06-04 08:37:45,277] I MainThread - concatenate_smart_stitch:2143 - Копированный хвост 'watermarked_ffmpeg_t9_tail_copy_pid8604.mp4' успешно создан.
[2025-06-04 08:37:45,277] I MainThread - concatenate_smart_stitch:2159 - Этап 2.5: Очистка/Перепаковка копированного хвоста в 'watermarked_ffmpeg_t9_tail_clean_pid8604.mp4'...
[2025-06-04 08:37:45,707] I MainThread - concatenate_smart_stitch:2174 - Очищенный хвост 'watermarked_ffmpeg_t9_tail_clean_pid8604.mp4' успешно создан.
[2025-06-04 08:37:45,707] I MainThread - concatenate_smart_stitch:2188 - Этап 3: Финальная склейка 3 сегментов в 'watermarked_ffmpeg_t9.mp4' (с -c copy)...
[2025-06-04 08:37:46,495] I MainThread - concatenate_smart_stitch:2219 - FFmpeg: Финальная склейка (-c copy) успешно завершена.
[2025-06-04 08:37:46,495] I MainThread - concatenate_smart_stitch:2231 - Процесс concatenate_smart_stitch успешно завершен за 36.39 сек.
[2025-06-04 08:37:46,750] I MainThread - main:3317 - Временный файл 'головы' 'watermarked_ffmpeg_t9_head.mp4' успешно удален.
[2025-06-04 08:37:46,750] I MainThread - main:3335 - Финальный файл успешно создан: 'watermarked_ffmpeg_t9.mp4' (размер: 215076778 байт).
[2025-06-04 08:37:46,751] I MainThread - main:3343 - --- Общее Время Выполнения Скрипта: 148.20 сек ---
[2025-06-04 08:37:46,752] I MainThread - <module>:3434 - Скрипт watermark_embedder.py завершен с кодом выхода 0.
