[2025-06-03 09:47:42,690] I MainThread - <module>:158 - --- Запуск Скрипта Извлечения (PyTorch Wavelets & DCT) ---
[2025-06-03 09:47:42,690] I MainThread - <module>:159 - PyTorch Wavelets Доступно: True
[2025-06-03 09:47:42,690] I MainThread - <module>:160 - Torch DCT Доступно: True
[2025-06-03 09:47:42,690] I MainThread - <module>:161 - Метод выбора колец: pool_entropy_selection, Pool: 4, Select: 2
[2025-06-03 09:47:42,690] I MainThread - <module>:162 - Ожид. Payload: 64bit
[2025-06-03 09:47:42,690] I MainThread - <module>:163 - ECC Ожидается (для 1-го пак.): True, Доступен/Работает: True (BCH m=8, t=9)
[2025-06-03 09:47:42,690] I MainThread - <module>:164 - Компонент: Cb, N_RINGS_Total=8
[2025-06-03 09:47:42,690] I MainThread - <module>:165 - Параллелизм: ThreadPoolExecutor (max_workers=14) с батчингом.
[2025-06-03 09:47:42,691] I MainThread - main:1399 - --- Запуск Основного Процесса Извлечения (с чтением XMP и Ultimate Voting) ---
[2025-06-03 09:47:42,897] I MainThread - main:1421 - Используется CUDA: NVIDIA GeForce GTX 1650 Ti
[2025-06-03 09:47:42,914] I MainThread - main:1436 - PyTorch DTCWTForward instance created in main.
[2025-06-03 09:47:42,914] I MainThread - main:1457 - --- Начало извлечения из файла: 'watermarked_ffmpeg_t9.mp4' ---
[2025-06-03 09:47:42,916] I MainThread - main:1473 - Чтение хеша ID из XMP: C:\exiftool-13.29_64\exiftool.exe -s3 -XMP-xmp:TrackMetaHash watermarked_ffmpeg_t9.mp4
[2025-06-03 09:47:44,048] I MainThread - main:1488 - Тег XMP 'XMP-xmp:TrackMetaHash' найден, но он пуст в файле 'watermarked_ffmpeg_t9.mp4'.
[2025-06-03 09:47:44,048] I MainThread - main:1556 - Требуется обработать 576 пар, необходимо прочитать 1152 кадров.
[2025-06-03 09:47:44,049] I MainThread - read_required_frames_opencv:924 - [OpenCV Read Limited] Попытка открыть: 'watermarked_ffmpeg_t9.mp4' для чтения 1152 кадров
[2025-06-03 09:47:45,121] I MainThread - read_required_frames_opencv:944 - [OpenCV Read Limited] Прочитано кадров: 200/1152
[2025-06-03 09:47:46,507] I MainThread - read_required_frames_opencv:944 - [OpenCV Read Limited] Прочитано кадров: 400/1152
[2025-06-03 09:47:47,419] I MainThread - read_required_frames_opencv:944 - [OpenCV Read Limited] Прочитано кадров: 600/1152
[2025-06-03 09:47:48,288] I MainThread - read_required_frames_opencv:944 - [OpenCV Read Limited] Прочитано кадров: 800/1152
[2025-06-03 09:47:49,174] I MainThread - read_required_frames_opencv:944 - [OpenCV Read Limited] Прочитано кадров: 1000/1152
[2025-06-03 09:47:49,837] I MainThread - read_required_frames_opencv:946 - [OpenCV Read Limited] Чтение завершено. Получено кадров: 1152.
[2025-06-03 09:47:49,859] I MainThread - main:1567 - Прочитано 1152 кадров для извлечения за 5.81 сек.
[2025-06-03 09:47:49,860] I MainThread - extract_watermark_from_video:1100 - --- Запуск Извлечения (из предоставленного списка 1152 кадров, Параллельно) ---
[2025-06-03 09:47:49,860] I MainThread - extract_watermark_from_video:1101 - Параметры: Hybrid=True, MaxPkts=15, NRTU=2, BP=2
[2025-06-03 09:47:49,860] I MainThread - extract_watermark_from_video:1126 - ECC проверка: Возможно для 1-го пакета (n=255, k=187, t=9).
[2025-06-03 09:47:49,860] I MainThread - extract_watermark_from_video:1150 - Цель извлечения: до 15 пакетов (~1151 бит).
[2025-06-03 09:47:49,860] I MainThread - extract_watermark_from_video:1151 - Пар кадров: Доступно в списке=576, Нужно=576, Будет обработано=576
[2025-06-03 09:48:17,546] I MainThread - extract_watermark_from_video:1203 - Запуск 28 батчей (576 пар) в ThreadPool (mw=14, batch_size\u224821)...
[2025-06-03 09:48:21,383] I MainThread - extract_watermark_from_video:1220 - Все задачи (28 батчей) отправлены. Ожидание результатов...
[2025-06-03 09:48:29,310] I ThreadPoolExecutor-0_11 - extract_single_bit:727 - [BN P:231, R:3] Decision: s1=3.26896515e+02, s2=3.25442902e+02, ratio=1.00446657, threshold=1.0, comparison (ratio >= threshold)=True, extracted_bit=0
[2025-06-03 09:48:29,314] I ThreadPoolExecutor-0_5 - extract_single_bit:727 - [BN P:105, R:1] Decision: s1=2.13293594e+02, s2=2.13281708e+02, ratio=1.00005573, threshold=1.0, comparison (ratio >= threshold)=True, extracted_bit=0
[2025-06-03 09:48:29,314] I ThreadPoolExecutor-0_4 - extract_single_bit:727 - [BN P:84, R:5] Decision: s1=2.98856659e+02, s2=2.97344757e+02, ratio=1.00508468, threshold=1.0, comparison (ratio >= threshold)=True, extracted_bit=0
[2025-06-03 09:48:29,314] I ThreadPoolExecutor-0_10 - extract_single_bit:727 - [BN P:210, R:1] Decision: s1=2.13330826e+02, s2=2.13342072e+02, ratio=0.99994729, threshold=1.0, comparison (ratio >= threshold)=False, extracted_bit=1
[2025-06-03 09:48:29,342] I ThreadPoolExecutor-0_1 - extract_single_bit:727 - [BN P:21, R:5] Decision: s1=2.98821808e+02, s2=2.97273438e+02, ratio=1.00520857, threshold=1.0, comparison (ratio >= threshold)=True, extracted_bit=0
[2025-06-03 09:48:29,342] I ThreadPoolExecutor-0_8 - extract_single_bit:727 - [BN P:168, R:1] Decision: s1=2.13341431e+02, s2=2.13340546e+02, ratio=1.00000415, threshold=1.0, comparison (ratio >= threshold)=True, extracted_bit=0
[2025-06-03 09:48:29,342] I ThreadPoolExecutor-0_7 - extract_single_bit:727 - [BN P:147, R:1] Decision: s1=2.13357529e+02, s2=2.13405487e+02, ratio=0.99977527, threshold=1.0, comparison (ratio >= threshold)=False, extracted_bit=1
[2025-06-03 09:48:29,342] I ThreadPoolExecutor-0_3 - extract_single_bit:727 - [BN P:63, R:1] Decision: s1=2.13077759e+02, s2=2.13087097e+02, ratio=0.99995618, threshold=1.0, comparison (ratio >= threshold)=False, extracted_bit=1
[2025-06-03 09:48:29,449] I ThreadPoolExecutor-0_9 - extract_single_bit:727 - [BN P:189, R:1] Decision: s1=2.13358932e+02, s2=2.13366364e+02, ratio=0.99996517, threshold=1.0, comparison (ratio >= threshold)=False, extracted_bit=1
[2025-06-03 09:48:29,468] I ThreadPoolExecutor-0_13 - extract_single_bit:727 - [BN P:273, R:3] Decision: s1=3.26976746e+02, s2=3.25326508e+02, ratio=1.00507256, threshold=1.0, comparison (ratio >= threshold)=True, extracted_bit=0
[2025-06-03 09:48:29,508] I ThreadPoolExecutor-0_6 - extract_single_bit:727 - [BN P:126, R:1] Decision: s1=2.13353333e+02, s2=2.13350983e+02, ratio=1.00001101, threshold=1.0, comparison (ratio >= threshold)=True, extracted_bit=0
[2025-06-03 09:48:29,585] I ThreadPoolExecutor-0_2 - extract_single_bit:727 - [BN P:42, R:3] Decision: s1=3.26763977e+02, s2=3.25203369e+02, ratio=1.00479887, threshold=1.0, comparison (ratio >= threshold)=True, extracted_bit=0
[2025-06-03 09:48:29,626] I ThreadPoolExecutor-0_0 - extract_single_bit:727 - [BN P:0, R:1] Decision: s1=2.13526321e+02, s2=2.13165649e+02, ratio=1.00169198, threshold=1.0, comparison (ratio >= threshold)=True, extracted_bit=0
[2025-06-03 09:48:29,686] I ThreadPoolExecutor-0_12 - extract_single_bit:727 - [BN P:252, R:1] Decision: s1=2.13404434e+02, s2=2.13404495e+02, ratio=0.99999971, threshold=1.0, comparison (ratio >= threshold)=False, extracted_bit=1
[2025-06-03 09:48:36,133] I ThreadPoolExecutor-0_11 - extract_single_bit:727 - [BN P:231, R:7] Decision: s1=1.67386200e+02, s2=1.68333267e+02, ratio=0.99437386, threshold=1.0, comparison (ratio >= threshold)=False, extracted_bit=1
[2025-06-03 09:48:36,138] I ThreadPoolExecutor-0_2 - extract_single_bit:727 - [BN P:42, R:2] Decision: s1=2.76405640e+02, s2=2.75126953e+02, ratio=1.00464762, threshold=1.0, comparison (ratio >= threshold)=True, extracted_bit=0
[2025-06-03 09:48:36,138] I ThreadPoolExecutor-0_1 - extract_single_bit:727 - [BN P:21, R:1] Decision: s1=2.12010986e+02, s2=2.13230606e+02, ratio=0.99428028, threshold=1.0, comparison (ratio >= threshold)=False, extracted_bit=1
[2025-06-03 09:48:36,138] I ThreadPoolExecutor-0_6 - extract_single_bit:727 - [BN P:126, R:2] Decision: s1=2.76652161e+02, s2=2.75952545e+02, ratio=1.00253527, threshold=1.0, comparison (ratio >= threshold)=True, extracted_bit=0
[2025-06-03 09:48:36,138] I ThreadPoolExecutor-0_12 - extract_single_bit:727 - [BN P:252, R:2] Decision: s1=2.76559723e+02, s2=2.76567291e+02, ratio=0.99997263, threshold=1.0, comparison (ratio >= threshold)=False, extracted_bit=1
[2025-06-03 09:48:36,139] I ThreadPoolExecutor-0_3 - extract_single_bit:727 - [BN P:63, R:5] Decision: s1=2.98836731e+02, s2=2.97315063e+02, ratio=1.00511803, threshold=1.0, comparison (ratio >= threshold)=True, extracted_bit=0
[2025-06-03 09:48:36,139] I ThreadPoolExecutor-0_7 - extract_single_bit:727 - [BN P:147, R:3] Decision: s1=3.25264618e+02, s2=3.26833832e+02, ratio=0.99519874, threshold=1.0, comparison (ratio >= threshold)=False, extracted_bit=1
[2025-06-03 09:48:36,139] I ThreadPoolExecutor-0_9 - extract_single_bit:727 - [BN P:189, R:5] Decision: s1=2.97390228e+02, s2=2.98829102e+02, ratio=0.99518496, threshold=1.0, comparison (ratio >= threshold)=False, extracted_bit=1
[2025-06-03 09:48:36,139] I ThreadPoolExecutor-0_4 - extract_single_bit:727 - [BN P:84, R:3] Decision: s1=3.26778656e+02, s2=3.25144104e+02, ratio=1.00502716, threshold=1.0, comparison (ratio >= threshold)=True, extracted_bit=0
[2025-06-03 09:48:36,140] I ThreadPoolExecutor-0_5 - extract_single_bit:727 - [BN P:105, R:3] Decision: s1=3.26843872e+02, s2=3.25286865e+02, ratio=1.00478657, threshold=1.0, comparison (ratio >= threshold)=True, extracted_bit=0
[2025-06-03 09:48:36,140] I ThreadPoolExecutor-0_13 - extract_single_bit:727 - [BN P:273, R:4] Decision: s1=3.05907349e+02, s2=3.07376434e+02, ratio=0.99522056, threshold=1.0, comparison (ratio >= threshold)=False, extracted_bit=1
[2025-06-03 09:48:36,140] I ThreadPoolExecutor-0_8 - extract_single_bit:727 - [BN P:168, R:2] Decision: s1=2.76593201e+02, s2=2.75272278e+02, ratio=1.00479860, threshold=1.0, comparison (ratio >= threshold)=True, extracted_bit=0
[2025-06-03 09:48:36,140] I ThreadPoolExecutor-0_10 - extract_single_bit:727 - [BN P:210, R:3] Decision: s1=3.25330414e+02, s2=3.26827209e+02, ratio=0.99542022, threshold=1.0, comparison (ratio >= threshold)=False, extracted_bit=1
[2025-06-03 09:48:36,140] I ThreadPoolExecutor-0_0 - extract_single_bit:727 - [BN P:0, R:2] Decision: s1=2.74976196e+02, s2=2.75388824e+02, ratio=0.99850165, threshold=1.0, comparison (ratio >= threshold)=False, extracted_bit=1
[2025-06-03 09:48:36,143] I ThreadPoolExecutor-0_3 - _extract_batch_worker:900 - [Extractor Worker P:63] Selected 2 rings for extraction: [1, 5]. Extracted bits: [1, 0]
[2025-06-03 09:48:36,147] I ThreadPoolExecutor-0_1 - _extract_batch_worker:900 - [Extractor Worker P:21] Selected 2 rings for extraction: [5, 1]. Extracted bits: [0, 1]
[2025-06-03 09:48:36,147] I ThreadPoolExecutor-0_7 - _extract_batch_worker:900 - [Extractor Worker P:147] Selected 2 rings for extraction: [1, 3]. Extracted bits: [1, 1]
[2025-06-03 09:48:36,147] I ThreadPoolExecutor-0_4 - _extract_batch_worker:900 - [Extractor Worker P:84] Selected 2 rings for extraction: [5, 3]. Extracted bits: [0, 0]
[2025-06-03 09:48:36,147] I ThreadPoolExecutor-0_10 - _extract_batch_worker:900 - [Extractor Worker P:210] Selected 2 rings for extraction: [1, 3]. Extracted bits: [1, 1]
[2025-06-03 09:48:36,147] I ThreadPoolExecutor-0_6 - _extract_batch_worker:900 - [Extractor Worker P:126] Selected 2 rings for extraction: [1, 2]. Extracted bits: [0, 0]
[2025-06-03 09:48:36,148] I ThreadPoolExecutor-0_2 - _extract_batch_worker:900 - [Extractor Worker P:42] Selected 2 rings for extraction: [3, 2]. Extracted bits: [0, 0]
[2025-06-03 09:48:36,148] I ThreadPoolExecutor-0_8 - _extract_batch_worker:900 - [Extractor Worker P:168] Selected 2 rings for extraction: [1, 2]. Extracted bits: [0, 0]
[2025-06-03 09:48:36,148] I ThreadPoolExecutor-0_13 - _extract_batch_worker:900 - [Extractor Worker P:273] Selected 2 rings for extraction: [3, 4]. Extracted bits: [0, 1]
[2025-06-03 09:48:36,148] I ThreadPoolExecutor-0_0 - _extract_batch_worker:900 - [Extractor Worker P:0] Selected 2 rings for extraction: [1, 2]. Extracted bits: [0, 1]
[2025-06-03 09:48:36,148] I ThreadPoolExecutor-0_5 - _extract_batch_worker:900 - [Extractor Worker P:105] Selected 2 rings for extraction: [1, 3]. Extracted bits: [0, 0]
[2025-06-03 09:48:36,148] I ThreadPoolExecutor-0_11 - _extract_batch_worker:900 - [Extractor Worker P:231] Selected 2 rings for extraction: [3, 7]. Extracted bits: [0, 1]
[2025-06-03 09:48:36,150] I ThreadPoolExecutor-0_9 - _extract_batch_worker:900 - [Extractor Worker P:189] Selected 2 rings for extraction: [1, 5]. Extracted bits: [1, 1]
[2025-06-03 09:48:36,150] I ThreadPoolExecutor-0_12 - _extract_batch_worker:900 - [Extractor Worker P:252] Selected 2 rings for extraction: [1, 2]. Extracted bits: [1, 1]
[2025-06-03 09:48:37,709] I ThreadPoolExecutor-0_5 - extract_single_bit:727 - [BN P:106, R:5] Decision: s1=2.97224915e+02, s2=2.98819244e+02, ratio=0.99466457, threshold=1.0, comparison (ratio >= threshold)=False, extracted_bit=1
[2025-06-03 09:48:37,714] I ThreadPoolExecutor-0_7 - extract_single_bit:727 - [BN P:148, R:3] Decision: s1=3.27008087e+02, s2=3.25350586e+02, ratio=1.00509451, threshold=1.0, comparison (ratio >= threshold)=True, extracted_bit=0
[2025-06-03 09:48:37,715] I ThreadPoolExecutor-0_11 - extract_single_bit:727 - [BN P:232, R:1] Decision: s1=2.13363144e+02, s2=2.13366196e+02, ratio=0.99998570, threshold=1.0, comparison (ratio >= threshold)=False, extracted_bit=1
[2025-06-03 09:48:37,715] I ThreadPoolExecutor-0_8 - extract_single_bit:727 - [BN P:169, R:1] Decision: s1=2.13344757e+02, s2=2.13337708e+02, ratio=1.00003304, threshold=1.0, comparison (ratio >= threshold)=True, extracted_bit=0
[2025-06-03 09:48:37,715] I ThreadPoolExecutor-0_9 - extract_single_bit:727 - [BN P:190, R:2] Decision: s1=2.75294525e+02, s2=2.76594360e+02, ratio=0.99530057, threshold=1.0, comparison (ratio >= threshold)=False, extracted_bit=1
[2025-06-03 09:48:37,715] I ThreadPoolExecutor-0_10 - extract_single_bit:727 - [BN P:211, R:1] Decision: s1=2.13318573e+02, s2=2.13347427e+02, ratio=0.99986475, threshold=1.0, comparison (ratio >= threshold)=False, extracted_bit=1
[2025-06-03 09:48:37,716] I ThreadPoolExecutor-0_12 - extract_single_bit:727 - [BN P:253, R:1] Decision: s1=2.13402390e+02, s2=2.13400696e+02, ratio=1.00000794, threshold=1.0, comparison (ratio >= threshold)=True, extracted_bit=0
[2025-06-03 09:48:37,716] I ThreadPoolExecutor-0_2 - extract_single_bit:727 - [BN P:43, R:5] Decision: s1=2.98844666e+02, s2=2.97289215e+02, ratio=1.00523211, threshold=1.0, comparison (ratio >= threshold)=True, extracted_bit=0
[2025-06-03 09:48:37,717] I ThreadPoolExecutor-0_13 - extract_single_bit:727 - [BN P:274, R:3] Decision: s1=3.25284790e+02, s2=3.26898651e+02, ratio=0.99506311, threshold=1.0, comparison (ratio >= threshold)=False, extracted_bit=1
[2025-06-03 09:48:37,717] I ThreadPoolExecutor-0_6 - extract_single_bit:727 - [BN P:127, R:5] Decision: s1=2.96998718e+02, s2=2.98617462e+02, ratio=0.99457921, threshold=1.0, comparison (ratio >= threshold)=False, extracted_bit=1
[2025-06-03 09:48:37,775] I ThreadPoolExecutor-0_4 - extract_single_bit:727 - [BN P:85, R:5] Decision: s1=2.98855804e+02, s2=2.97379944e+02, ratio=1.00496288, threshold=1.0, comparison (ratio >= threshold)=True, extracted_bit=0
[2025-06-03 09:48:37,813] I ThreadPoolExecutor-0_3 - extract_single_bit:727 - [BN P:64, R:1] Decision: s1=2.13130066e+02, s2=2.11901184e+02, ratio=1.00579932, threshold=1.0, comparison (ratio >= threshold)=True, extracted_bit=0
[2025-06-03 09:48:37,826] I ThreadPoolExecutor-0_1 - extract_single_bit:727 - [BN P:22, R:1] Decision: s1=2.13231201e+02, s2=2.13218521e+02, ratio=1.00005947, threshold=1.0, comparison (ratio >= threshold)=True, extracted_bit=0
[2025-06-03 09:48:37,865] I ThreadPoolExecutor-0_0 - extract_single_bit:727 - [BN P:1, R:5] Decision: s1=2.97745300e+02, s2=2.98764130e+02, ratio=0.99658985, threshold=1.0, comparison (ratio >= threshold)=False, extracted_bit=1
[2025-06-03 09:48:37,980] I ThreadPoolExecutor-0_12 - extract_single_bit:727 - [BN P:253, R:5] Decision: s1=2.97061859e+02, s2=2.98809753e+02, ratio=0.99415048, threshold=1.0, comparison (ratio >= threshold)=False, extracted_bit=1
[2025-06-03 09:48:37,982] I ThreadPoolExecutor-0_12 - _extract_batch_worker:900 - [Extractor Worker P:253] Selected 2 rings for extraction: [1, 5]. Extracted bits: [0, 1]
[2025-06-03 09:48:37,983] I ThreadPoolExecutor-0_11 - extract_single_bit:727 - [BN P:232, R:2] Decision: s1=2.75612976e+02, s2=2.76601166e+02, ratio=0.99642738, threshold=1.0, comparison (ratio >= threshold)=False, extracted_bit=1
[2025-06-03 09:48:37,984] I ThreadPoolExecutor-0_11 - _extract_batch_worker:900 - [Extractor Worker P:232] Selected 2 rings for extraction: [1, 2]. Extracted bits: [1, 1]
[2025-06-03 09:48:37,984] I ThreadPoolExecutor-0_8 - extract_single_bit:727 - [BN P:169, R:3] Decision: s1=3.26870453e+02, s2=3.25359375e+02, ratio=1.00464433, threshold=1.0, comparison (ratio >= threshold)=True, extracted_bit=0
[2025-06-03 09:48:37,984] I ThreadPoolExecutor-0_13 - extract_single_bit:727 - [BN P:274, R:2] Decision: s1=2.75502350e+02, s2=2.76709137e+02, ratio=0.99563879, threshold=1.0, comparison (ratio >= threshold)=False, extracted_bit=1
[2025-06-03 09:48:37,985] I ThreadPoolExecutor-0_6 - extract_single_bit:727 - [BN P:127, R:1] Decision: s1=2.13353256e+02, s2=2.13353287e+02, ratio=0.99999986, threshold=1.0, comparison (ratio >= threshold)=False, extracted_bit=1
[2025-06-03 09:48:37,986] I ThreadPoolExecutor-0_8 - _extract_batch_worker:900 - [Extractor Worker P:169] Selected 2 rings for extraction: [1, 3]. Extracted bits: [0, 0]
[2025-06-03 09:48:37,986] I ThreadPoolExecutor-0_13 - _extract_batch_worker:900 - [Extractor Worker P:274] Selected 2 rings for extraction: [3, 2]. Extracted bits: [1, 1]
[2025-06-03 09:48:37,987] I ThreadPoolExecutor-0_6 - _extract_batch_worker:900 - [Extractor Worker P:127] Selected 2 rings for extraction: [5, 1]. Extracted bits: [1, 1]
[2025-06-03 09:48:37,992] I ThreadPoolExecutor-0_2 - extract_single_bit:727 - [BN P:43, R:2] Decision: s1=2.76417664e+02, s2=2.75137939e+02, ratio=1.00465121, threshold=1.0, comparison (ratio >= threshold)=True, extracted_bit=0
[2025-06-03 09:48:37,993] I ThreadPoolExecutor-0_2 - _extract_batch_worker:900 - [Extractor Worker P:43] Selected 2 rings for extraction: [5, 2]. Extracted bits: [0, 0]
[2025-06-03 09:48:37,993] I ThreadPoolExecutor-0_5 - extract_single_bit:727 - [BN P:106, R:4] Decision: s1=3.05700653e+02, s2=3.07350281e+02, ratio=0.99463274, threshold=1.0, comparison (ratio >= threshold)=False, extracted_bit=1
[2025-06-03 09:48:37,994] I ThreadPoolExecutor-0_5 - _extract_batch_worker:900 - [Extractor Worker P:106] Selected 2 rings for extraction: [5, 4]. Extracted bits: [1, 1]
[2025-06-03 09:48:37,994] I ThreadPoolExecutor-0_10 - extract_single_bit:727 - [BN P:211, R:5] Decision: s1=2.97357178e+02, s2=2.98845245e+02, ratio=0.99502061, threshold=1.0, comparison (ratio >= threshold)=False, extracted_bit=1
[2025-06-03 09:48:37,994] I ThreadPoolExecutor-0_9 - extract_single_bit:727 - [BN P:190, R:4] Decision: s1=3.05933563e+02, s2=3.07358643e+02, ratio=0.99536346, threshold=1.0, comparison (ratio >= threshold)=False, extracted_bit=1
[2025-06-03 09:48:37,997] I ThreadPoolExecutor-0_7 - extract_single_bit:727 - [BN P:148, R:4] Decision: s1=3.07516479e+02, s2=3.05918152e+02, ratio=1.00522469, threshold=1.0, comparison (ratio >= threshold)=True, extracted_bit=0
[2025-06-03 09:48:37,997] I ThreadPoolExecutor-0_9 - _extract_batch_worker:900 - [Extractor Worker P:190] Selected 2 rings for extraction: [2, 4]. Extracted bits: [1, 1]
[2025-06-03 09:48:37,998] I ThreadPoolExecutor-0_10 - _extract_batch_worker:900 - [Extractor Worker P:211] Selected 2 rings for extraction: [1, 5]. Extracted bits: [1, 1]
[2025-06-03 09:48:37,999] I ThreadPoolExecutor-0_7 - _extract_batch_worker:900 - [Extractor Worker P:148] Selected 2 rings for extraction: [3, 4]. Extracted bits: [0, 0]
[2025-06-03 09:48:38,001] I ThreadPoolExecutor-0_4 - extract_single_bit:727 - [BN P:85, R:1] Decision: s1=2.13258514e+02, s2=2.13263779e+02, ratio=0.99997532, threshold=1.0, comparison (ratio >= threshold)=False, extracted_bit=1
[2025-06-03 09:48:38,004] I ThreadPoolExecutor-0_4 - _extract_batch_worker:900 - [Extractor Worker P:85] Selected 2 rings for extraction: [5, 1]. Extracted bits: [0, 1]
[2025-06-03 09:48:38,015] I ThreadPoolExecutor-0_3 - extract_single_bit:727 - [BN P:64, R:5] Decision: s1=2.98805359e+02, s2=2.97326569e+02, ratio=1.00497362, threshold=1.0, comparison (ratio >= threshold)=True, extracted_bit=0
[2025-06-03 09:48:38,015] I ThreadPoolExecutor-0_3 - _extract_batch_worker:900 - [Extractor Worker P:64] Selected 2 rings for extraction: [1, 5]. Extracted bits: [0, 0]
[2025-06-03 09:48:38,016] I ThreadPoolExecutor-0_1 - extract_single_bit:727 - [BN P:22, R:2] Decision: s1=2.76554291e+02, s2=2.75307648e+02, ratio=1.00452818, threshold=1.0, comparison (ratio >= threshold)=True, extracted_bit=0
[2025-06-03 09:48:38,016] I ThreadPoolExecutor-0_1 - _extract_batch_worker:900 - [Extractor Worker P:22] Selected 2 rings for extraction: [1, 2]. Extracted bits: [0, 0]
[2025-06-03 09:48:38,021] I ThreadPoolExecutor-0_0 - extract_single_bit:727 - [BN P:1, R:1] Decision: s1=2.13492813e+02, s2=2.13503937e+02, ratio=0.99994790, threshold=1.0, comparison (ratio >= threshold)=False, extracted_bit=1
[2025-06-03 09:48:38,022] I ThreadPoolExecutor-0_0 - _extract_batch_worker:900 - [Extractor Worker P:1] Selected 2 rings for extraction: [5, 1]. Extracted bits: [1, 1]
[2025-06-03 09:48:38,239] I ThreadPoolExecutor-0_12 - extract_single_bit:727 - [BN P:254, R:5] Decision: s1=2.97099670e+02, s2=2.98919464e+02, ratio=0.99391209, threshold=1.0, comparison (ratio >= threshold)=False, extracted_bit=1
[2025-06-03 09:48:38,451] I ThreadPoolExecutor-0_7 - extract_single_bit:727 - [BN P:149, R:3] Decision: s1=3.26916931e+02, s2=3.25360931e+02, ratio=1.00478238, threshold=1.0, comparison (ratio >= threshold)=True, extracted_bit=0
[2025-06-03 09:48:38,501] I ThreadPoolExecutor-0_12 - extract_single_bit:727 - [BN P:254, R:2] Decision: s1=2.76577301e+02, s2=2.76579712e+02, ratio=0.99999128, threshold=1.0, comparison (ratio >= threshold)=False, extracted_bit=1
[2025-06-03 09:48:38,502] I ThreadPoolExecutor-0_12 - _extract_batch_worker:900 - [Extractor Worker P:254] Selected 2 rings for extraction: [5, 2]. Extracted bits: [1, 1]
[2025-06-03 09:48:38,645] I ThreadPoolExecutor-0_13 - extract_single_bit:727 - [BN P:275, R:1] Decision: s1=2.13393173e+02, s2=2.13384308e+02, ratio=1.00004155, threshold=1.0, comparison (ratio >= threshold)=True, extracted_bit=0
[2025-06-03 09:48:38,674] I ThreadPoolExecutor-0_5 - extract_single_bit:727 - [BN P:107, R:5] Decision: s1=2.98876892e+02, s2=2.97272736e+02, ratio=1.00539624, threshold=1.0, comparison (ratio >= threshold)=True, extracted_bit=0
[2025-06-03 09:48:38,680] I ThreadPoolExecutor-0_11 - extract_single_bit:727 - [BN P:233, R:1] Decision: s1=2.13370270e+02, s2=2.13350601e+02, ratio=1.00009219, threshold=1.0, comparison (ratio >= threshold)=True, extracted_bit=0
[2025-06-03 09:48:38,687] I ThreadPoolExecutor-0_8 - extract_single_bit:727 - [BN P:170, R:5] Decision: s1=2.98868652e+02, s2=2.97453247e+02, ratio=1.00475841, threshold=1.0, comparison (ratio >= threshold)=True, extracted_bit=0
[2025-06-03 09:48:38,718] I ThreadPoolExecutor-0_0 - extract_single_bit:727 - [BN P:2, R:5] Decision: s1=2.97146423e+02, s2=2.99126678e+02, ratio=0.99337988, threshold=1.0, comparison (ratio >= threshold)=False, extracted_bit=1
[2025-06-03 09:48:38,720] I ThreadPoolExecutor-0_3 - extract_single_bit:727 - [BN P:65, R:5] Decision: s1=2.98870300e+02, s2=2.97285126e+02, ratio=1.00533217, threshold=1.0, comparison (ratio >= threshold)=True, extracted_bit=0
[2025-06-03 09:48:38,721] I ThreadPoolExecutor-0_6 - extract_single_bit:727 - [BN P:128, R:5] Decision: s1=2.98887177e+02, s2=2.97033020e+02, ratio=1.00624226, threshold=1.0, comparison (ratio >= threshold)=True, extracted_bit=0
[2025-06-03 09:48:38,725] I ThreadPoolExecutor-0_7 - extract_single_bit:727 - [BN P:149, R:2] Decision: s1=2.76695099e+02, s2=2.76586609e+02, ratio=1.00039225, threshold=1.0, comparison (ratio >= threshold)=True, extracted_bit=0
[2025-06-03 09:48:38,726] I ThreadPoolExecutor-0_7 - _extract_batch_worker:900 - [Extractor Worker P:149] Selected 2 rings for extraction: [3, 2]. Extracted bits: [0, 0]
[2025-06-03 09:48:38,735] I ThreadPoolExecutor-0_10 - extract_single_bit:727 - [BN P:212, R:1] Decision: s1=2.13346802e+02, s2=2.13350113e+02, ratio=0.99998448, threshold=1.0, comparison (ratio >= threshold)=False, extracted_bit=1
[2025-06-03 09:48:38,758] I ThreadPoolExecutor-0_9 - extract_single_bit:727 - [BN P:191, R:5] Decision: s1=2.98848206e+02, s2=2.97369843e+02, ratio=1.00497146, threshold=1.0, comparison (ratio >= threshold)=True, extracted_bit=0
[2025-06-03 09:48:38,766] I ThreadPoolExecutor-0_1 - extract_single_bit:727 - [BN P:23, R:5] Decision: s1=2.96990021e+02, s2=2.98843750e+02, ratio=0.99379700, threshold=1.0, comparison (ratio >= threshold)=False, extracted_bit=1
[2025-06-03 09:48:38,817] I ThreadPoolExecutor-0_4 - extract_single_bit:727 - [BN P:86, R:2] Decision: s1=2.76491302e+02, s2=2.75191895e+02, ratio=1.00472182, threshold=1.0, comparison (ratio >= threshold)=True, extracted_bit=0
[2025-06-03 09:48:38,822] I ThreadPoolExecutor-0_2 - extract_single_bit:727 - [BN P:44, R:2] Decision: s1=2.76408478e+02, s2=2.75188416e+02, ratio=1.00443355, threshold=1.0, comparison (ratio >= threshold)=True, extracted_bit=0
[2025-06-03 09:48:38,911] I ThreadPoolExecutor-0_13 - extract_single_bit:727 - [BN P:275, R:2] Decision: s1=2.76586853e+02, s2=2.76596680e+02, ratio=0.99996447, threshold=1.0, comparison (ratio >= threshold)=False, extracted_bit=1
[2025-06-03 09:48:38,912] I ThreadPoolExecutor-0_13 - _extract_batch_worker:900 - [Extractor Worker P:275] Selected 2 rings for extraction: [1, 2]. Extracted bits: [0, 1]
[2025-06-03 09:48:38,965] I ThreadPoolExecutor-0_11 - extract_single_bit:727 - [BN P:233, R:3] Decision: s1=3.26849274e+02, s2=3.25361816e+02, ratio=1.00457170, threshold=1.0, comparison (ratio >= threshold)=True, extracted_bit=0
[2025-06-03 09:48:38,965] I ThreadPoolExecutor-0_11 - _extract_batch_worker:900 - [Extractor Worker P:233] Selected 2 rings for extraction: [1, 3]. Extracted bits: [0, 0]
[2025-06-03 09:48:38,967] I ThreadPoolExecutor-0_8 - extract_single_bit:727 - [BN P:170, R:7] Decision: s1=1.68279114e+02, s2=1.67261230e+02, ratio=1.00608559, threshold=1.0, comparison (ratio >= threshold)=True, extracted_bit=0
[2025-06-03 09:48:38,968] I ThreadPoolExecutor-0_8 - _extract_batch_worker:900 - [Extractor Worker P:170] Selected 2 rings for extraction: [5, 7]. Extracted bits: [0, 0]
[2025-06-03 09:48:38,971] I ThreadPoolExecutor-0_5 - extract_single_bit:727 - [BN P:107, R:4] Decision: s1=3.07245392e+02, s2=3.07239105e+02, ratio=1.00002046, threshold=1.0, comparison (ratio >= threshold)=True, extracted_bit=0
[2025-06-03 09:48:38,971] I ThreadPoolExecutor-0_5 - _extract_batch_worker:900 - [Extractor Worker P:107] Selected 2 rings for extraction: [5, 4]. Extracted bits: [0, 0]
[2025-06-03 09:48:38,990] I ThreadPoolExecutor-0_3 - extract_single_bit:727 - [BN P:65, R:2] Decision: s1=2.76434479e+02, s2=2.75239166e+02, ratio=1.00434281, threshold=1.0, comparison (ratio >= threshold)=True, extracted_bit=0
[2025-06-03 09:48:38,991] I ThreadPoolExecutor-0_3 - _extract_batch_worker:900 - [Extractor Worker P:65] Selected 2 rings for extraction: [5, 2]. Extracted bits: [0, 0]
[2025-06-03 09:48:38,997] I ThreadPoolExecutor-0_6 - extract_single_bit:727 - [BN P:128, R:3] Decision: s1=3.24884491e+02, s2=3.26776154e+02, ratio=0.99421114, threshold=1.0, comparison (ratio >= threshold)=False, extracted_bit=1
[2025-06-03 09:48:38,998] I ThreadPoolExecutor-0_6 - _extract_batch_worker:900 - [Extractor Worker P:128] Selected 2 rings for extraction: [5, 3]. Extracted bits: [0, 1]
[2025-06-03 09:48:39,007] I ThreadPoolExecutor-0_0 - extract_single_bit:727 - [BN P:2, R:1] Decision: s1=2.12417023e+02, s2=2.13089142e+02, ratio=0.99684583, threshold=1.0, comparison (ratio >= threshold)=False, extracted_bit=1
[2025-06-03 09:48:39,009] I ThreadPoolExecutor-0_9 - extract_single_bit:727 - [BN P:191, R:2] Decision: s1=2.76614227e+02, s2=2.76603882e+02, ratio=1.00003740, threshold=1.0, comparison (ratio >= threshold)=True, extracted_bit=0
[2025-06-03 09:48:39,010] I ThreadPoolExecutor-0_0 - _extract_batch_worker:900 - [Extractor Worker P:2] Selected 2 rings for extraction: [5, 1]. Extracted bits: [1, 1]
[2025-06-03 09:48:39,010] I ThreadPoolExecutor-0_9 - _extract_batch_worker:900 - [Extractor Worker P:191] Selected 2 rings for extraction: [5, 2]. Extracted bits: [0, 0]
[2025-06-03 09:48:39,019] I ThreadPoolExecutor-0_10 - extract_single_bit:727 - [BN P:212, R:3] Decision: s1=3.26941071e+02, s2=3.25492065e+02, ratio=1.00445174, threshold=1.0, comparison (ratio >= threshold)=True, extracted_bit=0
[2025-06-03 09:48:39,022] I ThreadPoolExecutor-0_10 - _extract_batch_worker:900 - [Extractor Worker P:212] Selected 2 rings for extraction: [1, 3]. Extracted bits: [1, 0]
[2025-06-03 09:48:39,026] I ThreadPoolExecutor-0_1 - extract_single_bit:727 - [BN P:23, R:3] Decision: s1=3.26711304e+02, s2=3.26779785e+02, ratio=0.99979044, threshold=1.0, comparison (ratio >= threshold)=False, extracted_bit=1
[2025-06-03 09:48:39,028] I ThreadPoolExecutor-0_1 - _extract_batch_worker:900 - [Extractor Worker P:23] Selected 2 rings for extraction: [5, 3]. Extracted bits: [1, 1]
[2025-06-03 09:48:39,063] I ThreadPoolExecutor-0_2 - extract_single_bit:727 - [BN P:44, R:4] Decision: s1=3.07388092e+02, s2=3.05731445e+02, ratio=1.00541863, threshold=1.0, comparison (ratio >= threshold)=True, extracted_bit=0
[2025-06-03 09:48:39,065] I ThreadPoolExecutor-0_4 - extract_single_bit:727 - [BN P:86, R:4] Decision: s1=3.07369690e+02, s2=3.05807922e+02, ratio=1.00510702, threshold=1.0, comparison (ratio >= threshold)=True, extracted_bit=0
[2025-06-03 09:48:39,067] I ThreadPoolExecutor-0_2 - _extract_batch_worker:900 - [Extractor Worker P:44] Selected 2 rings for extraction: [2, 4]. Extracted bits: [0, 0]
[2025-06-03 09:48:39,068] I ThreadPoolExecutor-0_4 - _extract_batch_worker:900 - [Extractor Worker P:86] Selected 2 rings for extraction: [2, 4]. Extracted bits: [0, 0]
[2025-06-03 09:48:39,089] I ThreadPoolExecutor-0_12 - extract_single_bit:727 - [BN P:255, R:5] Decision: s1=2.98967224e+02, s2=2.97184662e+02, ratio=1.00599816, threshold=1.0, comparison (ratio >= threshold)=True, extracted_bit=0
[2025-06-03 09:48:39,256] I ThreadPoolExecutor-0_7 - extract_single_bit:727 - [BN P:150, R:1] Decision: s1=2.13377380e+02, s2=2.13359787e+02, ratio=1.00008246, threshold=1.0, comparison (ratio >= threshold)=True, extracted_bit=0
[2025-06-03 09:48:39,338] I ThreadPoolExecutor-0_12 - extract_single_bit:727 - [BN P:255, R:1] Decision: s1=2.13402603e+02, s2=2.13403427e+02, ratio=0.99999614, threshold=1.0, comparison (ratio >= threshold)=False, extracted_bit=1
[2025-06-03 09:48:39,338] I ThreadPoolExecutor-0_12 - _extract_batch_worker:900 - [Extractor Worker P:255] Selected 2 rings for extraction: [5, 1]. Extracted bits: [0, 1]
[2025-06-03 09:48:39,415] I ThreadPoolExecutor-0_13 - extract_single_bit:727 - [BN P:276, R:5] Decision: s1=2.99030670e+02, s2=2.97462799e+02, ratio=1.00527081, threshold=1.0, comparison (ratio >= threshold)=True, extracted_bit=0
[2025-06-03 09:48:39,498] I ThreadPoolExecutor-0_7 - extract_single_bit:727 - [BN P:150, R:2] Decision: s1=2.76645203e+02, s2=2.75342499e+02, ratio=1.00473121, threshold=1.0, comparison (ratio >= threshold)=True, extracted_bit=0
[2025-06-03 09:48:39,499] I ThreadPoolExecutor-0_7 - _extract_batch_worker:900 - [Extractor Worker P:150] Selected 2 rings for extraction: [1, 2]. Extracted bits: [0, 0]
[2025-06-03 09:48:39,525] I ThreadPoolExecutor-0_11 - extract_single_bit:727 - [BN P:234, R:1] Decision: s1=2.13373459e+02, s2=2.13372131e+02, ratio=1.00000622, threshold=1.0, comparison (ratio >= threshold)=True, extracted_bit=0
[2025-06-03 09:48:39,539] I ThreadPoolExecutor-0_3 - extract_single_bit:727 - [BN P:66, R:3] Decision: s1=3.26782349e+02, s2=3.25236328e+02, ratio=1.00475353, threshold=1.0, comparison (ratio >= threshold)=True, extracted_bit=0
[2025-06-03 09:48:39,585] I ThreadPoolExecutor-0_10 - extract_single_bit:727 - [BN P:213, R:3] Decision: s1=3.26802277e+02, s2=3.25284760e+02, ratio=1.00466520, threshold=1.0, comparison (ratio >= threshold)=True, extracted_bit=0
[2025-06-03 09:48:39,614] I ThreadPoolExecutor-0_5 - extract_single_bit:727 - [BN P:108, R:4] Decision: s1=3.05802704e+02, s2=3.07352509e+02, ratio=0.99495757, threshold=1.0, comparison (ratio >= threshold)=False, extracted_bit=1
[2025-06-03 09:48:39,651] I ThreadPoolExecutor-0_13 - extract_single_bit:727 - [BN P:276, R:3] Decision: s1=3.27097046e+02, s2=3.25321625e+02, ratio=1.00545743, threshold=1.0, comparison (ratio >= threshold)=True, extracted_bit=0
[2025-06-03 09:48:39,652] I ThreadPoolExecutor-0_13 - _extract_batch_worker:900 - [Extractor Worker P:276] Selected 2 rings for extraction: [5, 3]. Extracted bits: [0, 0]
[2025-06-03 09:48:39,670] I ThreadPoolExecutor-0_2 - extract_single_bit:727 - [BN P:45, R:5] Decision: s1=2.98826172e+02, s2=2.97316803e+02, ratio=1.00507664, threshold=1.0, comparison (ratio >= threshold)=True, extracted_bit=0
[2025-06-03 09:48:39,711] I ThreadPoolExecutor-0_8 - extract_single_bit:727 - [BN P:171, R:5] Decision: s1=2.98796936e+02, s2=2.97282593e+02, ratio=1.00509395, threshold=1.0, comparison (ratio >= threshold)=True, extracted_bit=0
[2025-06-03 09:48:39,739] I ThreadPoolExecutor-0_9 - extract_single_bit:727 - [BN P:192, R:5] Decision: s1=2.98803467e+02, s2=2.97394989e+02, ratio=1.00473605, threshold=1.0, comparison (ratio >= threshold)=True, extracted_bit=0
[2025-06-03 09:48:39,741] I ThreadPoolExecutor-0_0 - extract_single_bit:727 - [BN P:3, R:4] Decision: s1=3.05685669e+02, s2=3.07759308e+02, ratio=0.99326214, threshold=1.0, comparison (ratio >= threshold)=False, extracted_bit=1
[2025-06-03 09:48:39,743] I ThreadPoolExecutor-0_4 - extract_single_bit:727 - [BN P:87, R:1] Decision: s1=2.13290024e+02, s2=2.12065659e+02, ratio=1.00577352, threshold=1.0, comparison (ratio >= threshold)=True, extracted_bit=0
[2025-06-03 09:48:39,760] I ThreadPoolExecutor-0_6 - extract_single_bit:727 - [BN P:129, R:5] Decision: s1=2.97033905e+02, s2=2.98984009e+02, ratio=0.99347757, threshold=1.0, comparison (ratio >= threshold)=False, extracted_bit=1
[2025-06-03 09:48:39,806] I ThreadPoolExecutor-0_11 - extract_single_bit:727 - [BN P:234, R:7] Decision: s1=1.68280807e+02, s2=1.67329666e+02, ratio=1.00568424, threshold=1.0, comparison (ratio >= threshold)=True, extracted_bit=0
[2025-06-03 09:48:39,806] I ThreadPoolExecutor-0_11 - _extract_batch_worker:900 - [Extractor Worker P:234] Selected 2 rings for extraction: [1, 7]. Extracted bits: [0, 0]
[2025-06-03 09:48:39,820] I ThreadPoolExecutor-0_3 - extract_single_bit:727 - [BN P:66, R:2] Decision: s1=2.76378082e+02, s2=2.75180969e+02, ratio=1.00435028, threshold=1.0, comparison (ratio >= threshold)=True, extracted_bit=0
[2025-06-03 09:48:39,820] I ThreadPoolExecutor-0_3 - _extract_batch_worker:900 - [Extractor Worker P:66] Selected 2 rings for extraction: [3, 2]. Extracted bits: [0, 0]
[2025-06-03 09:48:39,822] I ThreadPoolExecutor-0_1 - extract_single_bit:727 - [BN P:24, R:1] Decision: s1=2.13239563e+02, s2=2.13217926e+02, ratio=1.00010148, threshold=1.0, comparison (ratio >= threshold)=True, extracted_bit=0
[2025-06-03 09:48:39,824] I ThreadPoolExecutor-0_10 - extract_single_bit:727 - [BN P:213, R:2] Decision: s1=2.76500397e+02, s2=2.76506592e+02, ratio=0.99997760, threshold=1.0, comparison (ratio >= threshold)=False, extracted_bit=1
[2025-06-03 09:48:39,825] I ThreadPoolExecutor-0_10 - _extract_batch_worker:900 - [Extractor Worker P:213] Selected 2 rings for extraction: [3, 2]. Extracted bits: [0, 1]
[2025-06-03 09:48:39,863] I ThreadPoolExecutor-0_5 - extract_single_bit:727 - [BN P:108, R:7] Decision: s1=1.68302536e+02, s2=1.67174103e+02, ratio=1.00675005, threshold=1.0, comparison (ratio >= threshold)=True, extracted_bit=0
[2025-06-03 09:48:39,863] I ThreadPoolExecutor-0_5 - _extract_batch_worker:900 - [Extractor Worker P:108] Selected 2 rings for extraction: [4, 7]. Extracted bits: [1, 0]
[2025-06-03 09:48:39,937] I ThreadPoolExecutor-0_2 - extract_single_bit:727 - [BN P:45, R:2] Decision: s1=2.76412659e+02, s2=2.75127533e+02, ratio=1.00467102, threshold=1.0, comparison (ratio >= threshold)=True, extracted_bit=0
[2025-06-03 09:48:39,937] I ThreadPoolExecutor-0_2 - _extract_batch_worker:900 - [Extractor Worker P:45] Selected 2 rings for extraction: [5, 2]. Extracted bits: [0, 0]
[2025-06-03 09:48:39,955] I ThreadPoolExecutor-0_12 - extract_single_bit:727 - [BN P:256, R:4] Decision: s1=3.07430969e+02, s2=3.06010834e+02, ratio=1.00464080, threshold=1.0, comparison (ratio >= threshold)=True, extracted_bit=0
[2025-06-03 09:48:40,005] I ThreadPoolExecutor-0_8 - extract_single_bit:727 - [BN P:171, R:3] Decision: s1=3.26784882e+02, s2=3.26825317e+02, ratio=0.99987628, threshold=1.0, comparison (ratio >= threshold)=False, extracted_bit=1
[2025-06-03 09:48:40,005] I ThreadPoolExecutor-0_8 - _extract_batch_worker:900 - [Extractor Worker P:171] Selected 2 rings for extraction: [5, 3]. Extracted bits: [0, 1]
[2025-06-03 09:48:40,031] I ThreadPoolExecutor-0_6 - extract_single_bit:727 - [BN P:129, R:4] Decision: s1=3.05843658e+02, s2=3.07406677e+02, ratio=0.99491547, threshold=1.0, comparison (ratio >= threshold)=False, extracted_bit=1
[2025-06-03 09:48:40,032] I ThreadPoolExecutor-0_6 - _extract_batch_worker:900 - [Extractor Worker P:129] Selected 2 rings for extraction: [5, 4]. Extracted bits: [1, 1]
[2025-06-03 09:48:40,035] I ThreadPoolExecutor-0_9 - extract_single_bit:727 - [BN P:192, R:2] Decision: s1=2.76579193e+02, s2=2.76589294e+02, ratio=0.99996348, threshold=1.0, comparison (ratio >= threshold)=False, extracted_bit=1
[2025-06-03 09:48:40,038] I ThreadPoolExecutor-0_9 - _extract_batch_worker:900 - [Extractor Worker P:192] Selected 2 rings for extraction: [5, 2]. Extracted bits: [0, 1]
[2025-06-03 09:48:40,043] I ThreadPoolExecutor-0_4 - extract_single_bit:727 - [BN P:87, R:3] Decision: s1=3.26765594e+02, s2=3.25225952e+02, ratio=1.00473407, threshold=1.0, comparison (ratio >= threshold)=True, extracted_bit=0
[2025-06-03 09:48:40,048] I ThreadPoolExecutor-0_0 - extract_single_bit:727 - [BN P:3, R:5] Decision: s1=2.99139008e+02, s2=2.97062286e+02, ratio=1.00699086, threshold=1.0, comparison (ratio >= threshold)=True, extracted_bit=0
[2025-06-03 09:48:40,050] I ThreadPoolExecutor-0_4 - _extract_batch_worker:900 - [Extractor Worker P:87] Selected 2 rings for extraction: [1, 3]. Extracted bits: [0, 0]
[2025-06-03 09:48:40,053] I ThreadPoolExecutor-0_0 - _extract_batch_worker:900 - [Extractor Worker P:3] Selected 2 rings for extraction: [4, 5]. Extracted bits: [1, 0]
[2025-06-03 09:48:40,114] I ThreadPoolExecutor-0_7 - extract_single_bit:727 - [BN P:151, R:1] Decision: s1=2.13350037e+02, s2=2.13370773e+02, ratio=0.99990281, threshold=1.0, comparison (ratio >= threshold)=False, extracted_bit=1
[2025-06-03 09:48:40,123] I ThreadPoolExecutor-0_1 - extract_single_bit:727 - [BN P:24, R:3] Decision: s1=3.26993317e+02, s2=3.25302460e+02, ratio=1.00519780, threshold=1.0, comparison (ratio >= threshold)=True, extracted_bit=0
[2025-06-03 09:48:40,125] I ThreadPoolExecutor-0_1 - _extract_batch_worker:900 - [Extractor Worker P:24] Selected 2 rings for extraction: [1, 3]. Extracted bits: [0, 0]
[2025-06-03 09:48:40,185] I ThreadPoolExecutor-0_13 - extract_single_bit:727 - [BN P:277, R:2] Decision: s1=2.76648926e+02, s2=2.75385071e+02, ratio=1.00458941, threshold=1.0, comparison (ratio >= threshold)=True, extracted_bit=0
[2025-06-03 09:48:40,197] I ThreadPoolExecutor-0_12 - extract_single_bit:727 - [BN P:256, R:2] Decision: s1=2.75345612e+02, s2=2.76625610e+02, ratio=0.99537281, threshold=1.0, comparison (ratio >= threshold)=False, extracted_bit=1
[2025-06-03 09:48:40,197] I ThreadPoolExecutor-0_12 - _extract_batch_worker:900 - [Extractor Worker P:256] Selected 2 rings for extraction: [4, 2]. Extracted bits: [0, 1]
[2025-06-03 09:48:40,387] I ThreadPoolExecutor-0_11 - extract_single_bit:727 - [BN P:235, R:5] Decision: s1=2.98844421e+02, s2=2.97380310e+02, ratio=1.00492336, threshold=1.0, comparison (ratio >= threshold)=True, extracted_bit=0
[2025-06-03 09:48:40,390] I ThreadPoolExecutor-0_5 - extract_single_bit:727 - [BN P:109, R:1] Decision: s1=2.13276413e+02, s2=2.13280670e+02, ratio=0.99998004, threshold=1.0, comparison (ratio >= threshold)=False, extracted_bit=1
[2025-06-03 09:48:40,392] I ThreadPoolExecutor-0_7 - extract_single_bit:727 - [BN P:151, R:3] Decision: s1=3.26913330e+02, s2=3.25388031e+02, ratio=1.00468763, threshold=1.0, comparison (ratio >= threshold)=True, extracted_bit=0
[2025-06-03 09:48:40,393] I ThreadPoolExecutor-0_7 - _extract_batch_worker:900 - [Extractor Worker P:151] Selected 2 rings for extraction: [1, 3]. Extracted bits: [1, 0]
[2025-06-03 09:48:40,409] I ThreadPoolExecutor-0_10 - extract_single_bit:727 - [BN P:214, R:1] Decision: s1=2.13346909e+02, s2=2.13365997e+02, ratio=0.99991054, threshold=1.0, comparison (ratio >= threshold)=False, extracted_bit=1
[2025-06-03 09:48:40,427] I ThreadPoolExecutor-0_13 - extract_single_bit:727 - [BN P:277, R:4] Decision: s1=3.05963501e+02, s2=3.07398682e+02, ratio=0.99533121, threshold=1.0, comparison (ratio >= threshold)=False, extracted_bit=1
[2025-06-03 09:48:40,429] I ThreadPoolExecutor-0_13 - _extract_batch_worker:900 - [Extractor Worker P:277] Selected 2 rings for extraction: [2, 4]. Extracted bits: [0, 1]
[2025-06-03 09:48:40,484] I ThreadPoolExecutor-0_3 - extract_single_bit:727 - [BN P:67, R:1] Decision: s1=2.13075760e+02, s2=2.13060013e+02, ratio=1.00007391, threshold=1.0, comparison (ratio >= threshold)=True, extracted_bit=0
[2025-06-03 09:48:40,587] I ThreadPoolExecutor-0_2 - extract_single_bit:727 - [BN P:46, R:5] Decision: s1=2.98826385e+02, s2=2.97327179e+02, ratio=1.00504228, threshold=1.0, comparison (ratio >= threshold)=True, extracted_bit=0
[2025-06-03 09:48:40,637] I ThreadPoolExecutor-0_8 - extract_single_bit:727 - [BN P:172, R:2] Decision: s1=2.76659332e+02, s2=2.75617462e+02, ratio=1.00378013, threshold=1.0, comparison (ratio >= threshold)=True, extracted_bit=0
[2025-06-03 09:48:40,638] I ThreadPoolExecutor-0_6 - extract_single_bit:727 - [BN P:130, R:4] Decision: s1=3.05938324e+02, s2=3.07389038e+02, ratio=0.99528053, threshold=1.0, comparison (ratio >= threshold)=False, extracted_bit=1
[2025-06-03 09:48:40,643] I ThreadPoolExecutor-0_5 - extract_single_bit:727 - [BN P:109, R:2] Decision: s1=2.76442017e+02, s2=2.76453400e+02, ratio=0.99995882, threshold=1.0, comparison (ratio >= threshold)=False, extracted_bit=1
[2025-06-03 09:48:40,645] I ThreadPoolExecutor-0_5 - _extract_batch_worker:900 - [Extractor Worker P:109] Selected 2 rings for extraction: [1, 2]. Extracted bits: [1, 1]
[2025-06-03 09:48:40,649] I ThreadPoolExecutor-0_11 - extract_single_bit:727 - [BN P:235, R:2] Decision: s1=2.75630493e+02, s2=2.76557678e+02, ratio=0.99664741, threshold=1.0, comparison (ratio >= threshold)=False, extracted_bit=1
[2025-06-03 09:48:40,651] I ThreadPoolExecutor-0_11 - _extract_batch_worker:900 - [Extractor Worker P:235] Selected 2 rings for extraction: [5, 2]. Extracted bits: [0, 1]
[2025-06-03 09:48:40,657] I ThreadPoolExecutor-0_0 - extract_single_bit:727 - [BN P:4, R:1] Decision: s1=2.13268600e+02, s2=2.13283615e+02, ratio=0.99992960, threshold=1.0, comparison (ratio >= threshold)=False, extracted_bit=1
[2025-06-03 09:48:40,694] I ThreadPoolExecutor-0_9 - extract_single_bit:727 - [BN P:193, R:2] Decision: s1=2.75284912e+02, s2=2.76509521e+02, ratio=0.99557119, threshold=1.0, comparison (ratio >= threshold)=False, extracted_bit=1
[2025-06-03 09:48:40,712] I ThreadPoolExecutor-0_10 - extract_single_bit:727 - [BN P:214, R:4] Decision: s1=3.07453094e+02, s2=3.05933105e+02, ratio=1.00496837, threshold=1.0, comparison (ratio >= threshold)=True, extracted_bit=0
[2025-06-03 09:48:40,712] I ThreadPoolExecutor-0_10 - _extract_batch_worker:900 - [Extractor Worker P:214] Selected 2 rings for extraction: [1, 4]. Extracted bits: [1, 0]
[2025-06-03 09:48:40,719] I ThreadPoolExecutor-0_1 - extract_single_bit:727 - [BN P:25, R:4] Decision: s1=3.05714386e+02, s2=3.07353119e+02, ratio=0.99466824, threshold=1.0, comparison (ratio >= threshold)=False, extracted_bit=1
[2025-06-03 09:48:40,731] I ThreadPoolExecutor-0_4 - extract_single_bit:727 - [BN P:88, R:1] Decision: s1=2.13252167e+02, s2=2.13244690e+02, ratio=1.00003506, threshold=1.0, comparison (ratio >= threshold)=True, extracted_bit=0
[2025-06-03 09:48:40,798] I ThreadPoolExecutor-0_3 - extract_single_bit:727 - [BN P:67, R:3] Decision: s1=3.26735291e+02, s2=3.25308746e+02, ratio=1.00438520, threshold=1.0, comparison (ratio >= threshold)=True, extracted_bit=0
[2025-06-03 09:48:40,798] I ThreadPoolExecutor-0_3 - _extract_batch_worker:900 - [Extractor Worker P:67] Selected 2 rings for extraction: [1, 3]. Extracted bits: [0, 0]
[2025-06-03 09:48:40,868] I ThreadPoolExecutor-0_12 - extract_single_bit:727 - [BN P:257, R:1] Decision: s1=2.13375046e+02, s2=2.13389053e+02, ratio=0.99993436, threshold=1.0, comparison (ratio >= threshold)=False, extracted_bit=1
[2025-06-03 09:48:40,868] I ThreadPoolExecutor-0_2 - extract_single_bit:727 - [BN P:46, R:2] Decision: s1=2.76398834e+02, s2=2.75169891e+02, ratio=1.00446612, threshold=1.0, comparison (ratio >= threshold)=True, extracted_bit=0
[2025-06-03 09:48:40,869] I ThreadPoolExecutor-0_2 - _extract_batch_worker:900 - [Extractor Worker P:46] Selected 2 rings for extraction: [5, 2]. Extracted bits: [0, 0]
[2025-06-03 09:48:40,919] I ThreadPoolExecutor-0_6 - extract_single_bit:727 - [BN P:130, R:7] Decision: s1=1.68293335e+02, s2=1.67268631e+02, ratio=1.00612610, threshold=1.0, comparison (ratio >= threshold)=True, extracted_bit=0
[2025-06-03 09:48:40,920] I ThreadPoolExecutor-0_6 - _extract_batch_worker:900 - [Extractor Worker P:130] Selected 2 rings for extraction: [4, 7]. Extracted bits: [1, 0]
[2025-06-03 09:48:40,942] I ThreadPoolExecutor-0_8 - extract_single_bit:727 - [BN P:172, R:5] Decision: s1=2.97298431e+02, s2=2.98827728e+02, ratio=0.99488235, threshold=1.0, comparison (ratio >= threshold)=False, extracted_bit=1
[2025-06-03 09:48:40,944] I ThreadPoolExecutor-0_8 - _extract_batch_worker:900 - [Extractor Worker P:172] Selected 2 rings for extraction: [2, 5]. Extracted bits: [0, 1]
[2025-06-03 09:48:40,948] I ThreadPoolExecutor-0_0 - extract_single_bit:727 - [BN P:4, R:2] Decision: s1=2.76382599e+02, s2=2.76397858e+02, ratio=0.99994479, threshold=1.0, comparison (ratio >= threshold)=False, extracted_bit=1
[2025-06-03 09:48:40,949] I ThreadPoolExecutor-0_0 - _extract_batch_worker:900 - [Extractor Worker P:4] Selected 2 rings for extraction: [1, 2]. Extracted bits: [1, 1]
[2025-06-03 09:48:40,990] I ThreadPoolExecutor-0_9 - extract_single_bit:727 - [BN P:193, R:4] Decision: s1=3.05912506e+02, s2=3.07387146e+02, ratio=0.99520266, threshold=1.0, comparison (ratio >= threshold)=False, extracted_bit=1
[2025-06-03 09:48:40,990] I ThreadPoolExecutor-0_9 - _extract_batch_worker:900 - [Extractor Worker P:193] Selected 2 rings for extraction: [2, 4]. Extracted bits: [1, 1]
[2025-06-03 09:48:41,001] I ThreadPoolExecutor-0_1 - extract_single_bit:727 - [BN P:25, R:2] Decision: s1=2.75270630e+02, s2=2.76449554e+02, ratio=0.99573548, threshold=1.0, comparison (ratio >= threshold)=False, extracted_bit=1
[2025-06-03 09:48:41,002] I ThreadPoolExecutor-0_1 - _extract_batch_worker:900 - [Extractor Worker P:25] Selected 2 rings for extraction: [4, 2]. Extracted bits: [1, 1]
[2025-06-03 09:48:41,015] I ThreadPoolExecutor-0_13 - extract_single_bit:727 - [BN P:278, R:1] Decision: s1=2.13354813e+02, s2=2.13361374e+02, ratio=0.99996925, threshold=1.0, comparison (ratio >= threshold)=False, extracted_bit=1
[2025-06-03 09:48:41,016] I ThreadPoolExecutor-0_4 - extract_single_bit:727 - [BN P:88, R:3] Decision: s1=3.26725250e+02, s2=3.25277283e+02, ratio=1.00445149, threshold=1.0, comparison (ratio >= threshold)=True, extracted_bit=0
[2025-06-03 09:48:41,016] I ThreadPoolExecutor-0_4 - _extract_batch_worker:900 - [Extractor Worker P:88] Selected 2 rings for extraction: [1, 3]. Extracted bits: [0, 0]
[2025-06-03 09:48:41,063] I ThreadPoolExecutor-0_7 - extract_single_bit:727 - [BN P:152, R:5] Decision: s1=2.98922607e+02, s2=2.97325562e+02, ratio=1.00537137, threshold=1.0, comparison (ratio >= threshold)=True, extracted_bit=0
[2025-06-03 09:48:41,127] I ThreadPoolExecutor-0_12 - extract_single_bit:727 - [BN P:257, R:2] Decision: s1=2.75290710e+02, s2=2.76636536e+02, ratio=0.99513504, threshold=1.0, comparison (ratio >= threshold)=False, extracted_bit=1
[2025-06-03 09:48:41,127] I ThreadPoolExecutor-0_12 - _extract_batch_worker:900 - [Extractor Worker P:257] Selected 2 rings for extraction: [1, 2]. Extracted bits: [1, 1]
[2025-06-03 09:48:41,223] I ThreadPoolExecutor-0_5 - extract_single_bit:727 - [BN P:110, R:5] Decision: s1=2.98849884e+02, s2=2.97336243e+02, ratio=1.00509067, threshold=1.0, comparison (ratio >= threshold)=True, extracted_bit=0
[2025-06-03 09:48:41,267] I ThreadPoolExecutor-0_13 - extract_single_bit:727 - [BN P:278, R:4] Decision: s1=3.07423187e+02, s2=3.05680786e+02, ratio=1.00570007, threshold=1.0, comparison (ratio >= threshold)=True, extracted_bit=0
[2025-06-03 09:48:41,268] I ThreadPoolExecutor-0_13 - _extract_batch_worker:900 - [Extractor Worker P:278] Selected 2 rings for extraction: [1, 4]. Extracted bits: [1, 0]
[2025-06-03 09:48:41,301] I ThreadPoolExecutor-0_11 - extract_single_bit:727 - [BN P:236, R:1] Decision: s1=2.13358414e+02, s2=2.13377380e+02, ratio=0.99991111, threshold=1.0, comparison (ratio >= threshold)=False, extracted_bit=1
[2025-06-03 09:48:41,307] I ThreadPoolExecutor-0_10 - extract_single_bit:727 - [BN P:215, R:1] Decision: s1=2.13331802e+02, s2=2.13345535e+02, ratio=0.99993563, threshold=1.0, comparison (ratio >= threshold)=False, extracted_bit=1
[2025-06-03 09:48:41,323] I ThreadPoolExecutor-0_7 - extract_single_bit:727 - [BN P:152, R:1] Decision: s1=2.13354126e+02, s2=2.13344177e+02, ratio=1.00004663, threshold=1.0, comparison (ratio >= threshold)=True, extracted_bit=0
[2025-06-03 09:48:41,324] I ThreadPoolExecutor-0_7 - _extract_batch_worker:900 - [Extractor Worker P:152] Selected 2 rings for extraction: [5, 1]. Extracted bits: [0, 0]
[2025-06-03 09:48:41,417] I ThreadPoolExecutor-0_3 - extract_single_bit:727 - [BN P:68, R:3] Decision: s1=3.26802338e+02, s2=3.25204468e+02, ratio=1.00491343, threshold=1.0, comparison (ratio >= threshold)=True, extracted_bit=0
[2025-06-03 09:48:41,473] I ThreadPoolExecutor-0_2 - extract_single_bit:727 - [BN P:47, R:4] Decision: s1=3.07352997e+02, s2=3.05729706e+02, ratio=1.00530956, threshold=1.0, comparison (ratio >= threshold)=True, extracted_bit=0
[2025-06-03 09:48:41,473] I ThreadPoolExecutor-0_5 - extract_single_bit:727 - [BN P:110, R:1] Decision: s1=2.13289825e+02, s2=2.13271271e+02, ratio=1.00008700, threshold=1.0, comparison (ratio >= threshold)=True, extracted_bit=0
[2025-06-03 09:48:41,475] I ThreadPoolExecutor-0_5 - _extract_batch_worker:900 - [Extractor Worker P:110] Selected 2 rings for extraction: [5, 1]. Extracted bits: [0, 0]
[2025-06-03 09:48:41,510] I ThreadPoolExecutor-0_6 - extract_single_bit:727 - [BN P:131, R:1] Decision: s1=2.13362106e+02, s2=2.13352829e+02, ratio=1.00004348, threshold=1.0, comparison (ratio >= threshold)=True, extracted_bit=0
[2025-06-03 09:48:41,549] I ThreadPoolExecutor-0_8 - extract_single_bit:727 - [BN P:173, R:1] Decision: s1=2.13369247e+02, s2=2.13372803e+02, ratio=0.99998334, threshold=1.0, comparison (ratio >= threshold)=False, extracted_bit=1
[2025-06-03 09:48:41,565] I ThreadPoolExecutor-0_10 - extract_single_bit:727 - [BN P:215, R:4] Decision: s1=3.07356232e+02, s2=3.05942047e+02, ratio=1.00462239, threshold=1.0, comparison (ratio >= threshold)=True, extracted_bit=0
[2025-06-03 09:48:41,565] I ThreadPoolExecutor-0_10 - _extract_batch_worker:900 - [Extractor Worker P:215] Selected 2 rings for extraction: [1, 4]. Extracted bits: [1, 0]
[2025-06-03 09:48:41,565] I ThreadPoolExecutor-0_11 - extract_single_bit:727 - [BN P:236, R:4] Decision: s1=3.05972321e+02, s2=3.07358276e+02, ratio=0.99549075, threshold=1.0, comparison (ratio >= threshold)=False, extracted_bit=1
[2025-06-03 09:48:41,565] I ThreadPoolExecutor-0_11 - _extract_batch_worker:900 - [Extractor Worker P:236] Selected 2 rings for extraction: [1, 4]. Extracted bits: [1, 1]
[2025-06-03 09:48:41,607] I ThreadPoolExecutor-0_9 - extract_single_bit:727 - [BN P:194, R:1] Decision: s1=2.13363464e+02, s2=2.13336365e+02, ratio=1.00012703, threshold=1.0, comparison (ratio >= threshold)=True, extracted_bit=0
[2025-06-03 09:48:41,637] I ThreadPoolExecutor-0_4 - extract_single_bit:727 - [BN P:89, R:5] Decision: s1=2.98871582e+02, s2=2.97326538e+02, ratio=1.00519645, threshold=1.0, comparison (ratio >= threshold)=True, extracted_bit=0
[2025-06-03 09:48:41,651] I ThreadPoolExecutor-0_0 - extract_single_bit:727 - [BN P:5, R:1] Decision: s1=2.13362488e+02, s2=2.13358185e+02, ratio=1.00002017, threshold=1.0, comparison (ratio >= threshold)=True, extracted_bit=0
[2025-06-03 09:48:41,682] I ThreadPoolExecutor-0_3 - extract_single_bit:727 - [BN P:68, R:2] Decision: s1=2.76354828e+02, s2=2.76323761e+02, ratio=1.00011243, threshold=1.0, comparison (ratio >= threshold)=True, extracted_bit=0
[2025-06-03 09:48:41,685] I ThreadPoolExecutor-0_3 - _extract_batch_worker:900 - [Extractor Worker P:68] Selected 2 rings for extraction: [3, 2]. Extracted bits: [0, 0]
[2025-06-03 09:48:41,695] I ThreadPoolExecutor-0_1 - extract_single_bit:727 - [BN P:26, R:5] Decision: s1=2.98909454e+02, s2=2.97363647e+02, ratio=1.00519837, threshold=1.0, comparison (ratio >= threshold)=True, extracted_bit=0
[2025-06-03 09:48:41,718] I ThreadPoolExecutor-0_12 - extract_single_bit:727 - [BN P:258, R:1] Decision: s1=2.13394928e+02, s2=2.13395157e+02, ratio=0.99999893, threshold=1.0, comparison (ratio >= threshold)=False, extracted_bit=1
[2025-06-03 09:48:41,748] I ThreadPoolExecutor-0_2 - extract_single_bit:727 - [BN P:47, R:7] Decision: s1=1.68258102e+02, s2=1.67084686e+02, ratio=1.00702288, threshold=1.0, comparison (ratio >= threshold)=True, extracted_bit=0
[2025-06-03 09:48:41,749] I ThreadPoolExecutor-0_2 - _extract_batch_worker:900 - [Extractor Worker P:47] Selected 2 rings for extraction: [4, 7]. Extracted bits: [0, 0]
[2025-06-03 09:48:41,765] I ThreadPoolExecutor-0_6 - extract_single_bit:727 - [BN P:131, R:5] Decision: s1=2.97350922e+02, s2=2.98814728e+02, ratio=0.99510129, threshold=1.0, comparison (ratio >= threshold)=False, extracted_bit=1
[2025-06-03 09:48:41,767] I ThreadPoolExecutor-0_6 - _extract_batch_worker:900 - [Extractor Worker P:131] Selected 2 rings for extraction: [1, 5]. Extracted bits: [0, 1]
[2025-06-03 09:48:41,825] I ThreadPoolExecutor-0_13 - extract_single_bit:727 - [BN P:279, R:4] Decision: s1=3.07361023e+02, s2=3.05785400e+02, ratio=1.00515271, threshold=1.0, comparison (ratio >= threshold)=True, extracted_bit=0
[2025-06-03 09:48:41,852] I ThreadPoolExecutor-0_8 - extract_single_bit:727 - [BN P:173, R:4] Decision: s1=3.07464661e+02, s2=3.06173859e+02, ratio=1.00421591, threshold=1.0, comparison (ratio >= threshold)=True, extracted_bit=0
[2025-06-03 09:48:41,854] I ThreadPoolExecutor-0_8 - _extract_batch_worker:900 - [Extractor Worker P:173] Selected 2 rings for extraction: [1, 4]. Extracted bits: [1, 0]
[2025-06-03 09:48:41,857] I ThreadPoolExecutor-0_9 - extract_single_bit:727 - [BN P:194, R:2] Decision: s1=2.76587189e+02, s2=2.75303192e+02, ratio=1.00466394, threshold=1.0, comparison (ratio >= threshold)=True, extracted_bit=0
[2025-06-03 09:48:41,859] I ThreadPoolExecutor-0_9 - _extract_batch_worker:900 - [Extractor Worker P:194] Selected 2 rings for extraction: [1, 2]. Extracted bits: [0, 0]
[2025-06-03 09:48:41,872] I ThreadPoolExecutor-0_4 - extract_single_bit:727 - [BN P:89, R:3] Decision: s1=3.26768646e+02, s2=3.25165771e+02, ratio=1.00492941, threshold=1.0, comparison (ratio >= threshold)=True, extracted_bit=0
[2025-06-03 09:48:41,873] I ThreadPoolExecutor-0_4 - _extract_batch_worker:900 - [Extractor Worker P:89] Selected 2 rings for extraction: [5, 3]. Extracted bits: [0, 0]
[2025-06-03 09:48:41,935] I ThreadPoolExecutor-0_0 - extract_single_bit:727 - [BN P:5, R:3] Decision: s1=3.26916840e+02, s2=3.24960083e+02, ratio=1.00602153, threshold=1.0, comparison (ratio >= threshold)=True, extracted_bit=0
[2025-06-03 09:48:41,936] I ThreadPoolExecutor-0_0 - _extract_batch_worker:900 - [Extractor Worker P:5] Selected 2 rings for extraction: [1, 3]. Extracted bits: [0, 0]
[2025-06-03 09:48:41,945] I ThreadPoolExecutor-0_7 - extract_single_bit:727 - [BN P:153, R:1] Decision: s1=2.13350983e+02, s2=2.13349747e+02, ratio=1.00000579, threshold=1.0, comparison (ratio >= threshold)=True, extracted_bit=0
[2025-06-03 09:48:41,981] I ThreadPoolExecutor-0_1 - extract_single_bit:727 - [BN P:26, R:1] Decision: s1=2.13229172e+02, s2=2.13228256e+02, ratio=1.00000429, threshold=1.0, comparison (ratio >= threshold)=True, extracted_bit=0
[2025-06-03 09:48:41,987] I ThreadPoolExecutor-0_12 - extract_single_bit:727 - [BN P:258, R:4] Decision: s1=3.07427856e+02, s2=3.05993195e+02, ratio=1.00468854, threshold=1.0, comparison (ratio >= threshold)=True, extracted_bit=0
[2025-06-03 09:48:41,990] I ThreadPoolExecutor-0_12 - _extract_batch_worker:900 - [Extractor Worker P:258] Selected 2 rings for extraction: [1, 4]. Extracted bits: [1, 0]
[2025-06-03 09:48:41,992] I ThreadPoolExecutor-0_1 - _extract_batch_worker:900 - [Extractor Worker P:26] Selected 2 rings for extraction: [5, 1]. Extracted bits: [0, 0]
[2025-06-03 09:48:42,046] I ThreadPoolExecutor-0_5 - extract_single_bit:727 - [BN P:111, R:5] Decision: s1=2.97285614e+02, s2=2.98844452e+02, ratio=0.99478378, threshold=1.0, comparison (ratio >= threshold)=False, extracted_bit=1
[2025-06-03 09:48:42,063] I ThreadPoolExecutor-0_13 - extract_single_bit:727 - [BN P:279, R:1] Decision: s1=2.13354202e+02, s2=2.13370270e+02, ratio=0.99992470, threshold=1.0, comparison (ratio >= threshold)=False, extracted_bit=1
[2025-06-03 09:48:42,067] I ThreadPoolExecutor-0_13 - _extract_batch_worker:900 - [Extractor Worker P:279] Selected 2 rings for extraction: [4, 1]. Extracted bits: [0, 1]
[2025-06-03 09:48:42,141] I ThreadPoolExecutor-0_10 - extract_single_bit:727 - [BN P:216, R:3] Decision: s1=3.26855927e+02, s2=3.25398407e+02, ratio=1.00447918, threshold=1.0, comparison (ratio >= threshold)=True, extracted_bit=0
[2025-06-03 09:48:42,196] I ThreadPoolExecutor-0_7 - extract_single_bit:727 - [BN P:153, R:5] Decision: s1=2.97170654e+02, s2=2.98799042e+02, ratio=0.99455023, threshold=1.0, comparison (ratio >= threshold)=False, extracted_bit=1
[2025-06-03 09:48:42,197] I ThreadPoolExecutor-0_7 - _extract_batch_worker:900 - [Extractor Worker P:153] Selected 2 rings for extraction: [1, 5]. Extracted bits: [0, 1]
[2025-06-03 09:48:42,240] I ThreadPoolExecutor-0_3 - extract_single_bit:727 - [BN P:69, R:1] Decision: s1=2.13072250e+02, s2=2.13059067e+02, ratio=1.00006188, threshold=1.0, comparison (ratio >= threshold)=True, extracted_bit=0
[2025-06-03 09:48:42,290] I ThreadPoolExecutor-0_5 - extract_single_bit:727 - [BN P:111, R:7] Decision: s1=1.67243256e+02, s2=1.68338440e+02, ratio=0.99349415, threshold=1.0, comparison (ratio >= threshold)=False, extracted_bit=1
[2025-06-03 09:48:42,291] I ThreadPoolExecutor-0_5 - _extract_batch_worker:900 - [Extractor Worker P:111] Selected 2 rings for extraction: [5, 7]. Extracted bits: [1, 1]
[2025-06-03 09:48:42,335] I ThreadPoolExecutor-0_2 - extract_single_bit:727 - [BN P:48, R:1] Decision: s1=2.13142822e+02, s2=2.13131927e+02, ratio=1.00005112, threshold=1.0, comparison (ratio >= threshold)=True, extracted_bit=0
[2025-06-03 09:48:42,376] I ThreadPoolExecutor-0_11 - extract_single_bit:727 - [BN P:237, R:5] Decision: s1=2.98872009e+02, s2=2.97428192e+02, ratio=1.00485434, threshold=1.0, comparison (ratio >= threshold)=True, extracted_bit=0
[2025-06-03 09:48:42,421] I ThreadPoolExecutor-0_6 - extract_single_bit:727 - [BN P:132, R:2] Decision: s1=2.76667206e+02, s2=2.75267548e+02, ratio=1.00508472, threshold=1.0, comparison (ratio >= threshold)=True, extracted_bit=0
[2025-06-03 09:48:42,435] I ThreadPoolExecutor-0_10 - extract_single_bit:727 - [BN P:216, R:2] Decision: s1=2.75375092e+02, s2=2.76579346e+02, ratio=0.99564590, threshold=1.0, comparison (ratio >= threshold)=False, extracted_bit=1
[2025-06-03 09:48:42,437] I ThreadPoolExecutor-0_10 - _extract_batch_worker:900 - [Extractor Worker P:216] Selected 2 rings for extraction: [3, 2]. Extracted bits: [0, 1]
[2025-06-03 09:48:42,465] I ThreadPoolExecutor-0_9 - extract_single_bit:727 - [BN P:195, R:3] Decision: s1=3.26805969e+02, s2=3.26806366e+02, ratio=0.99999879, threshold=1.0, comparison (ratio >= threshold)=False, extracted_bit=1
[2025-06-03 09:48:42,507] I ThreadPoolExecutor-0_3 - extract_single_bit:727 - [BN P:69, R:5] Decision: s1=2.98826935e+02, s2=2.97288483e+02, ratio=1.00517495, threshold=1.0, comparison (ratio >= threshold)=True, extracted_bit=0
[2025-06-03 09:48:42,507] I ThreadPoolExecutor-0_3 - _extract_batch_worker:900 - [Extractor Worker P:69] Selected 2 rings for extraction: [1, 5]. Extracted bits: [0, 0]
[2025-06-03 09:48:42,574] I ThreadPoolExecutor-0_8 - extract_single_bit:727 - [BN P:174, R:3] Decision: s1=3.26868591e+02, s2=3.25345337e+02, ratio=1.00468196, threshold=1.0, comparison (ratio >= threshold)=True, extracted_bit=0
[2025-06-03 09:48:42,577] I ThreadPoolExecutor-0_0 - extract_single_bit:727 - [BN P:6, R:5] Decision: s1=2.97134491e+02, s2=2.99153503e+02, ratio=0.99325091, threshold=1.0, comparison (ratio >= threshold)=False, extracted_bit=1
[2025-06-03 09:48:42,587] I ThreadPoolExecutor-0_4 - extract_single_bit:727 - [BN P:90, R:5] Decision: s1=2.98873810e+02, s2=2.97372803e+02, ratio=1.00504756, threshold=1.0, comparison (ratio >= threshold)=True, extracted_bit=0
[2025-06-03 09:48:42,595] I ThreadPoolExecutor-0_2 - extract_single_bit:727 - [BN P:48, R:5] Decision: s1=2.98867554e+02, s2=2.97292328e+02, ratio=1.00529858, threshold=1.0, comparison (ratio >= threshold)=True, extracted_bit=0
[2025-06-03 09:48:42,596] I ThreadPoolExecutor-0_2 - _extract_batch_worker:900 - [Extractor Worker P:48] Selected 2 rings for extraction: [1, 5]. Extracted bits: [0, 0]
[2025-06-03 09:48:42,635] I ThreadPoolExecutor-0_11 - extract_single_bit:727 - [BN P:237, R:1] Decision: s1=2.13374405e+02, s2=2.13368073e+02, ratio=1.00002968, threshold=1.0, comparison (ratio >= threshold)=True, extracted_bit=0
[2025-06-03 09:48:42,635] I ThreadPoolExecutor-0_11 - _extract_batch_worker:900 - [Extractor Worker P:237] Selected 2 rings for extraction: [5, 1]. Extracted bits: [0, 0]
[2025-06-03 09:48:42,682] I ThreadPoolExecutor-0_13 - extract_single_bit:727 - [BN P:280, R:3] Decision: s1=3.26953033e+02, s2=3.25280090e+02, ratio=1.00514308, threshold=1.0, comparison (ratio >= threshold)=True, extracted_bit=0
[2025-06-03 09:48:42,698] I ThreadPoolExecutor-0_6 - extract_single_bit:727 - [BN P:132, R:3] Decision: s1=3.25331879e+02, s2=3.26764099e+02, ratio=0.99561696, threshold=1.0, comparison (ratio >= threshold)=False, extracted_bit=1
[2025-06-03 09:48:42,700] I ThreadPoolExecutor-0_6 - _extract_batch_worker:900 - [Extractor Worker P:132] Selected 2 rings for extraction: [2, 3]. Extracted bits: [0, 1]
[2025-06-03 09:48:42,722] I ThreadPoolExecutor-0_9 - extract_single_bit:727 - [BN P:195, R:4] Decision: s1=3.07397980e+02, s2=3.05922729e+02, ratio=1.00482230, threshold=1.0, comparison (ratio >= threshold)=True, extracted_bit=0
[2025-06-03 09:48:42,723] I ThreadPoolExecutor-0_9 - _extract_batch_worker:900 - [Extractor Worker P:195] Selected 2 rings for extraction: [3, 4]. Extracted bits: [1, 0]
[2025-06-03 09:48:42,749] I ThreadPoolExecutor-0_1 - extract_single_bit:727 - [BN P:27, R:5] Decision: s1=2.97129395e+02, s2=2.98804016e+02, ratio=0.99439559, threshold=1.0, comparison (ratio >= threshold)=False, extracted_bit=1
[2025-06-03 09:48:42,770] I ThreadPoolExecutor-0_12 - extract_single_bit:727 - [BN P:259, R:3] Decision: s1=3.27031677e+02, s2=3.25292847e+02, ratio=1.00534543, threshold=1.0, comparison (ratio >= threshold)=True, extracted_bit=0
[2025-06-03 09:48:42,818] I ThreadPoolExecutor-0_7 - extract_single_bit:727 - [BN P:154, R:1] Decision: s1=2.13347778e+02, s2=2.13340042e+02, ratio=1.00003626, threshold=1.0, comparison (ratio >= threshold)=True, extracted_bit=0
[2025-06-03 09:48:42,862] I ThreadPoolExecutor-0_8 - extract_single_bit:727 - [BN P:174, R:5] Decision: s1=2.97342010e+02, s2=2.98833405e+02, ratio=0.99500928, threshold=1.0, comparison (ratio >= threshold)=False, extracted_bit=1
[2025-06-03 09:48:42,864] I ThreadPoolExecutor-0_8 - _extract_batch_worker:900 - [Extractor Worker P:174] Selected 2 rings for extraction: [3, 5]. Extracted bits: [0, 1]
[2025-06-03 09:48:42,869] I ThreadPoolExecutor-0_0 - extract_single_bit:727 - [BN P:6, R:2] Decision: s1=2.76389893e+02, s2=2.76488708e+02, ratio=0.99964260, threshold=1.0, comparison (ratio >= threshold)=False, extracted_bit=1
[2025-06-03 09:48:42,870] I ThreadPoolExecutor-0_0 - _extract_batch_worker:900 - [Extractor Worker P:6] Selected 2 rings for extraction: [5, 2]. Extracted bits: [1, 1]
[2025-06-03 09:48:42,877] I ThreadPoolExecutor-0_4 - extract_single_bit:727 - [BN P:90, R:3] Decision: s1=3.26764771e+02, s2=3.25199493e+02, ratio=1.00481328, threshold=1.0, comparison (ratio >= threshold)=True, extracted_bit=0
[2025-06-03 09:48:42,878] I ThreadPoolExecutor-0_4 - _extract_batch_worker:900 - [Extractor Worker P:90] Selected 2 rings for extraction: [5, 3]. Extracted bits: [0, 0]
[2025-06-03 09:48:42,900] I ThreadPoolExecutor-0_5 - extract_single_bit:727 - [BN P:112, R:5] Decision: s1=2.98859467e+02, s2=2.97270020e+02, ratio=1.00534681, threshold=1.0, comparison (ratio >= threshold)=True, extracted_bit=0
[2025-06-03 09:48:42,941] I ThreadPoolExecutor-0_13 - extract_single_bit:727 - [BN P:280, R:1] Decision: s1=2.13363403e+02, s2=2.13370148e+02, ratio=0.99996839, threshold=1.0, comparison (ratio >= threshold)=False, extracted_bit=1
[2025-06-03 09:48:42,943] I ThreadPoolExecutor-0_13 - _extract_batch_worker:900 - [Extractor Worker P:280] Selected 2 rings for extraction: [3, 1]. Extracted bits: [0, 1]
[2025-06-03 09:48:42,986] I ThreadPoolExecutor-0_1 - extract_single_bit:727 - [BN P:27, R:1] Decision: s1=2.13240219e+02, s2=2.13266968e+02, ratio=0.99987458, threshold=1.0, comparison (ratio >= threshold)=False, extracted_bit=1
[2025-06-03 09:48:42,990] I ThreadPoolExecutor-0_1 - _extract_batch_worker:900 - [Extractor Worker P:27] Selected 2 rings for extraction: [5, 1]. Extracted bits: [1, 1]
[2025-06-03 09:48:43,029] I ThreadPoolExecutor-0_10 - extract_single_bit:727 - [BN P:217, R:1] Decision: s1=2.13336639e+02, s2=2.13349747e+02, ratio=0.99993856, threshold=1.0, comparison (ratio >= threshold)=False, extracted_bit=1
[2025-06-03 09:48:43,046] I ThreadPoolExecutor-0_12 - extract_single_bit:727 - [BN P:259, R:2] Decision: s1=2.76654419e+02, s2=2.76604919e+02, ratio=1.00017895, threshold=1.0, comparison (ratio >= threshold)=True, extracted_bit=0
[2025-06-03 09:48:43,048] I ThreadPoolExecutor-0_12 - _extract_batch_worker:900 - [Extractor Worker P:259] Selected 2 rings for extraction: [3, 2]. Extracted bits: [0, 0]
[2025-06-03 09:48:43,079] I ThreadPoolExecutor-0_3 - extract_single_bit:727 - [BN P:70, R:1] Decision: s1=2.13088852e+02, s2=2.13073334e+02, ratio=1.00007283, threshold=1.0, comparison (ratio >= threshold)=True, extracted_bit=0
[2025-06-03 09:48:43,086] I ThreadPoolExecutor-0_7 - extract_single_bit:727 - [BN P:154, R:2] Decision: s1=2.75353943e+02, s2=2.76593750e+02, ratio=0.99551759, threshold=1.0, comparison (ratio >= threshold)=False, extracted_bit=1
[2025-06-03 09:48:43,087] I ThreadPoolExecutor-0_7 - _extract_batch_worker:900 - [Extractor Worker P:154] Selected 2 rings for extraction: [1, 2]. Extracted bits: [0, 1]
[2025-06-03 09:48:43,159] I ThreadPoolExecutor-0_5 - extract_single_bit:727 - [BN P:112, R:2] Decision: s1=2.75250244e+02, s2=2.76527161e+02, ratio=0.99538231, threshold=1.0, comparison (ratio >= threshold)=False, extracted_bit=1
[2025-06-03 09:48:43,162] I ThreadPoolExecutor-0_5 - _extract_batch_worker:900 - [Extractor Worker P:112] Selected 2 rings for extraction: [5, 2]. Extracted bits: [0, 1]
[2025-06-03 09:48:43,170] I ThreadPoolExecutor-0_2 - extract_single_bit:727 - [BN P:49, R:3] Decision: s1=3.26710236e+02, s2=3.25199310e+02, ratio=1.00464615, threshold=1.0, comparison (ratio >= threshold)=True, extracted_bit=0
[2025-06-03 09:48:43,275] I ThreadPoolExecutor-0_11 - extract_single_bit:727 - [BN P:238, R:1] Decision: s1=2.13374634e+02, s2=2.13360855e+02, ratio=1.00006458, threshold=1.0, comparison (ratio >= threshold)=True, extracted_bit=0
[2025-06-03 09:48:43,302] I ThreadPoolExecutor-0_6 - extract_single_bit:727 - [BN P:133, R:3] Decision: s1=3.26836487e+02, s2=3.25341919e+02, ratio=1.00459384, threshold=1.0, comparison (ratio >= threshold)=True, extracted_bit=0
[2025-06-03 09:48:43,302] I ThreadPoolExecutor-0_10 - extract_single_bit:727 - [BN P:217, R:4] Decision: s1=3.07382812e+02, s2=3.05925049e+02, ratio=1.00476510, threshold=1.0, comparison (ratio >= threshold)=True, extracted_bit=0
[2025-06-03 09:48:43,304] I ThreadPoolExecutor-0_10 - _extract_batch_worker:900 - [Extractor Worker P:217] Selected 2 rings for extraction: [1, 4]. Extracted bits: [1, 0]
[2025-06-03 09:48:43,352] I ThreadPoolExecutor-0_9 - extract_single_bit:727 - [BN P:196, R:1] Decision: s1=2.13331543e+02, s2=2.13348053e+02, ratio=0.99992261, threshold=1.0, comparison (ratio >= threshold)=False, extracted_bit=1
[2025-06-03 09:48:43,392] I ThreadPoolExecutor-0_3 - extract_single_bit:727 - [BN P:70, R:3] Decision: s1=3.26779938e+02, s2=3.25213928e+02, ratio=1.00481532, threshold=1.0, comparison (ratio >= threshold)=True, extracted_bit=0
[2025-06-03 09:48:43,393] I ThreadPoolExecutor-0_3 - _extract_batch_worker:900 - [Extractor Worker P:70] Selected 2 rings for extraction: [1, 3]. Extracted bits: [0, 0]
[2025-06-03 09:48:43,426] I ThreadPoolExecutor-0_2 - extract_single_bit:727 - [BN P:49, R:2] Decision: s1=2.76401733e+02, s2=2.76350983e+02, ratio=1.00018365, threshold=1.0, comparison (ratio >= threshold)=True, extracted_bit=0
[2025-06-03 09:48:43,428] I ThreadPoolExecutor-0_2 - _extract_batch_worker:900 - [Extractor Worker P:49] Selected 2 rings for extraction: [3, 2]. Extracted bits: [0, 0]
[2025-06-03 09:48:43,482] I ThreadPoolExecutor-0_0 - extract_single_bit:727 - [BN P:7, R:3] Decision: s1=3.26925446e+02, s2=3.24927856e+02, ratio=1.00614779, threshold=1.0, comparison (ratio >= threshold)=True, extracted_bit=0
[2025-06-03 09:48:43,520] I ThreadPoolExecutor-0_11 - extract_single_bit:727 - [BN P:238, R:2] Decision: s1=2.76642792e+02, s2=2.75496643e+02, ratio=1.00416030, threshold=1.0, comparison (ratio >= threshold)=True, extracted_bit=0
[2025-06-03 09:48:43,520] I ThreadPoolExecutor-0_11 - _extract_batch_worker:900 - [Extractor Worker P:238] Selected 2 rings for extraction: [1, 2]. Extracted bits: [0, 0]
[2025-06-03 09:48:43,540] I ThreadPoolExecutor-0_8 - extract_single_bit:727 - [BN P:175, R:1] Decision: s1=2.13351074e+02, s2=2.13371628e+02, ratio=0.99990367, threshold=1.0, comparison (ratio >= threshold)=False, extracted_bit=1
[2025-06-03 09:48:43,559] I ThreadPoolExecutor-0_6 - extract_single_bit:727 - [BN P:133, R:2] Decision: s1=2.75178467e+02, s2=2.76683472e+02, ratio=0.99456055, threshold=1.0, comparison (ratio >= threshold)=False, extracted_bit=1
[2025-06-03 09:48:43,560] I ThreadPoolExecutor-0_6 - _extract_batch_worker:900 - [Extractor Worker P:133] Selected 2 rings for extraction: [3, 2]. Extracted bits: [0, 1]
[2025-06-03 09:48:43,570] I ThreadPoolExecutor-0_13 - extract_single_bit:727 - [BN P:281, R:3] Decision: s1=3.26889679e+02, s2=3.25330322e+02, ratio=1.00479315, threshold=1.0, comparison (ratio >= threshold)=True, extracted_bit=0
[2025-06-03 09:48:43,599] I ThreadPoolExecutor-0_1 - extract_single_bit:727 - [BN P:28, R:5] Decision: s1=2.97022827e+02, s2=2.98773102e+02, ratio=0.99414179, threshold=1.0, comparison (ratio >= threshold)=False, extracted_bit=1
[2025-06-03 09:48:43,616] I ThreadPoolExecutor-0_9 - extract_single_bit:727 - [BN P:196, R:2] Decision: s1=2.75259216e+02, s2=2.76537537e+02, ratio=0.99537741, threshold=1.0, comparison (ratio >= threshold)=False, extracted_bit=1
[2025-06-03 09:48:43,618] I ThreadPoolExecutor-0_9 - _extract_batch_worker:900 - [Extractor Worker P:196] Selected 2 rings for extraction: [1, 2]. Extracted bits: [1, 1]
[2025-06-03 09:48:43,675] I ThreadPoolExecutor-0_12 - extract_single_bit:727 - [BN P:260, R:1] Decision: s1=2.13398224e+02, s2=2.13403580e+02, ratio=0.99997490, threshold=1.0, comparison (ratio >= threshold)=False, extracted_bit=1
[2025-06-03 09:48:43,724] I ThreadPoolExecutor-0_7 - extract_single_bit:727 - [BN P:155, R:5] Decision: s1=2.98860016e+02, s2=2.97370758e+02, ratio=1.00500808, threshold=1.0, comparison (ratio >= threshold)=True, extracted_bit=0
[2025-06-03 09:48:43,742] I ThreadPoolExecutor-0_5 - extract_single_bit:727 - [BN P:113, R:5] Decision: s1=2.98846313e+02, s2=2.97182983e+02, ratio=1.00559699, threshold=1.0, comparison (ratio >= threshold)=True, extracted_bit=0
[2025-06-03 09:48:43,752] I ThreadPoolExecutor-0_4 - extract_single_bit:727 - [BN P:91, R:5] Decision: s1=2.98869629e+02, s2=2.97309753e+02, ratio=1.00524663, threshold=1.0, comparison (ratio >= threshold)=True, extracted_bit=0
[2025-06-03 09:48:43,771] I ThreadPoolExecutor-0_0 - extract_single_bit:727 - [BN P:7, R:4] Decision: s1=3.05788361e+02, s2=3.07572296e+02, ratio=0.99419995, threshold=1.0, comparison (ratio >= threshold)=False, extracted_bit=1
[2025-06-03 09:48:43,771] I ThreadPoolExecutor-0_0 - _extract_batch_worker:900 - [Extractor Worker P:7] Selected 2 rings for extraction: [3, 4]. Extracted bits: [0, 1]
[2025-06-03 09:48:43,827] I ThreadPoolExecutor-0_8 - extract_single_bit:727 - [BN P:175, R:3] Decision: s1=3.25289459e+02, s2=3.26864166e+02, ratio=0.99518238, threshold=1.0, comparison (ratio >= threshold)=False, extracted_bit=1
[2025-06-03 09:48:43,828] I ThreadPoolExecutor-0_8 - _extract_batch_worker:900 - [Extractor Worker P:175] Selected 2 rings for extraction: [1, 3]. Extracted bits: [1, 1]
[2025-06-03 09:48:43,845] I ThreadPoolExecutor-0_13 - extract_single_bit:727 - [BN P:281, R:1] Decision: s1=2.13367004e+02, s2=2.13375961e+02, ratio=0.99995802, threshold=1.0, comparison (ratio >= threshold)=False, extracted_bit=1
[2025-06-03 09:48:43,850] I ThreadPoolExecutor-0_13 - _extract_batch_worker:900 - [Extractor Worker P:281] Selected 2 rings for extraction: [3, 1]. Extracted bits: [0, 1]
[2025-06-03 09:48:43,875] I ThreadPoolExecutor-0_1 - extract_single_bit:727 - [BN P:28, R:1] Decision: s1=2.13180573e+02, s2=2.11765686e+02, ratio=1.00668138, threshold=1.0, comparison (ratio >= threshold)=True, extracted_bit=0
[2025-06-03 09:48:43,876] I ThreadPoolExecutor-0_1 - _extract_batch_worker:900 - [Extractor Worker P:28] Selected 2 rings for extraction: [5, 1]. Extracted bits: [1, 0]
[2025-06-03 09:48:43,914] I ThreadPoolExecutor-0_10 - extract_single_bit:727 - [BN P:218, R:5] Decision: s1=2.97305634e+02, s2=2.98842407e+02, ratio=0.99485758, threshold=1.0, comparison (ratio >= threshold)=False, extracted_bit=1
[2025-06-03 09:48:43,967] I ThreadPoolExecutor-0_12 - extract_single_bit:727 - [BN P:260, R:4] Decision: s1=3.05910034e+02, s2=3.07390564e+02, ratio=0.99518355, threshold=1.0, comparison (ratio >= threshold)=False, extracted_bit=1
[2025-06-03 09:48:43,968] I ThreadPoolExecutor-0_12 - _extract_batch_worker:900 - [Extractor Worker P:260] Selected 2 rings for extraction: [1, 4]. Extracted bits: [1, 1]
[2025-06-03 09:48:43,980] I ThreadPoolExecutor-0_7 - extract_single_bit:727 - [BN P:155, R:2] Decision: s1=2.75460632e+02, s2=2.76608887e+02, ratio=0.99584882, threshold=1.0, comparison (ratio >= threshold)=False, extracted_bit=1
[2025-06-03 09:48:43,981] I ThreadPoolExecutor-0_7 - _extract_batch_worker:900 - [Extractor Worker P:155] Selected 2 rings for extraction: [5, 2]. Extracted bits: [0, 1]
[2025-06-03 09:48:43,985] I ThreadPoolExecutor-0_5 - extract_single_bit:727 - [BN P:113, R:3] Decision: s1=3.26912720e+02, s2=3.25292603e+02, ratio=1.00498049, threshold=1.0, comparison (ratio >= threshold)=True, extracted_bit=0
[2025-06-03 09:48:43,985] I ThreadPoolExecutor-0_5 - _extract_batch_worker:900 - [Extractor Worker P:113] Selected 2 rings for extraction: [5, 3]. Extracted bits: [0, 0]
[2025-06-03 09:48:44,022] I ThreadPoolExecutor-0_3 - extract_single_bit:727 - [BN P:71, R:5] Decision: s1=2.98839050e+02, s2=2.97236969e+02, ratio=1.00538991, threshold=1.0, comparison (ratio >= threshold)=True, extracted_bit=0
[2025-06-03 09:48:44,049] I ThreadPoolExecutor-0_4 - extract_single_bit:727 - [BN P:91, R:3] Decision: s1=3.26771423e+02, s2=3.25164459e+02, ratio=1.00494200, threshold=1.0, comparison (ratio >= threshold)=True, extracted_bit=0
[2025-06-03 09:48:44,050] I ThreadPoolExecutor-0_4 - _extract_batch_worker:900 - [Extractor Worker P:91] Selected 2 rings for extraction: [5, 3]. Extracted bits: [0, 0]
[2025-06-03 09:48:44,093] I ThreadPoolExecutor-0_6 - extract_single_bit:727 - [BN P:134, R:3] Decision: s1=3.25290314e+02, s2=3.26847290e+02, ratio=0.99523638, threshold=1.0, comparison (ratio >= threshold)=False, extracted_bit=1
[2025-06-03 09:48:44,093] I ThreadPoolExecutor-0_11 - extract_single_bit:727 - [BN P:239, R:1] Decision: s1=2.13372101e+02, s2=2.13338058e+02, ratio=1.00015957, threshold=1.0, comparison (ratio >= threshold)=True, extracted_bit=0
[2025-06-03 09:48:44,148] I ThreadPoolExecutor-0_10 - extract_single_bit:727 - [BN P:218, R:3] Decision: s1=3.25343933e+02, s2=3.26809692e+02, ratio=0.99551495, threshold=1.0, comparison (ratio >= threshold)=False, extracted_bit=1
[2025-06-03 09:48:44,148] I ThreadPoolExecutor-0_10 - _extract_batch_worker:900 - [Extractor Worker P:218] Selected 2 rings for extraction: [5, 3]. Extracted bits: [1, 1]
[2025-06-03 09:48:44,152] I ThreadPoolExecutor-0_2 - extract_single_bit:727 - [BN P:50, R:1] Decision: s1=2.13122330e+02, s2=2.11851883e+02, ratio=1.00599686, threshold=1.0, comparison (ratio >= threshold)=True, extracted_bit=0
[2025-06-03 09:48:44,177] I ThreadPoolExecutor-0_9 - extract_single_bit:727 - [BN P:197, R:5] Decision: s1=2.98923553e+02, s2=2.97474304e+02, ratio=1.00487185, threshold=1.0, comparison (ratio >= threshold)=True, extracted_bit=0
[2025-06-03 09:48:44,215] I ThreadPoolExecutor-0_3 - extract_single_bit:727 - [BN P:71, R:3] Decision: s1=3.26730072e+02, s2=3.25272736e+02, ratio=1.00448035, threshold=1.0, comparison (ratio >= threshold)=True, extracted_bit=0
[2025-06-03 09:48:44,217] I ThreadPoolExecutor-0_3 - _extract_batch_worker:900 - [Extractor Worker P:71] Selected 2 rings for extraction: [5, 3]. Extracted bits: [0, 0]
[2025-06-03 09:48:44,250] I ThreadPoolExecutor-0_6 - extract_single_bit:727 - [BN P:134, R:1] Decision: s1=2.12185440e+02, s2=2.13290924e+02, ratio=0.99481701, threshold=1.0, comparison (ratio >= threshold)=False, extracted_bit=1
[2025-06-03 09:48:44,252] I ThreadPoolExecutor-0_6 - _extract_batch_worker:900 - [Extractor Worker P:134] Selected 2 rings for extraction: [3, 1]. Extracted bits: [1, 1]
[2025-06-03 09:48:44,274] I ThreadPoolExecutor-0_0 - extract_single_bit:727 - [BN P:8, R:5] Decision: s1=2.97085449e+02, s2=2.99192383e+02, ratio=0.99295793, threshold=1.0, comparison (ratio >= threshold)=False, extracted_bit=1
[2025-06-03 09:48:44,292] I ThreadPoolExecutor-0_11 - extract_single_bit:727 - [BN P:239, R:2] Decision: s1=2.76553741e+02, s2=2.75362823e+02, ratio=1.00432490, threshold=1.0, comparison (ratio >= threshold)=True, extracted_bit=0
[2025-06-03 09:48:44,293] I ThreadPoolExecutor-0_11 - _extract_batch_worker:900 - [Extractor Worker P:239] Selected 2 rings for extraction: [1, 2]. Extracted bits: [0, 0]
[2025-06-03 09:48:44,309] I ThreadPoolExecutor-0_8 - extract_single_bit:727 - [BN P:176, R:2] Decision: s1=2.76612000e+02, s2=2.76636200e+02, ratio=0.99991252, threshold=1.0, comparison (ratio >= threshold)=False, extracted_bit=1
[2025-06-03 09:48:44,329] I ThreadPoolExecutor-0_2 - extract_single_bit:727 - [BN P:50, R:3] Decision: s1=3.26742462e+02, s2=3.25214630e+02, ratio=1.00469792, threshold=1.0, comparison (ratio >= threshold)=True, extracted_bit=0
[2025-06-03 09:48:44,329] I ThreadPoolExecutor-0_2 - _extract_batch_worker:900 - [Extractor Worker P:50] Selected 2 rings for extraction: [1, 3]. Extracted bits: [0, 0]
[2025-06-03 09:48:44,344] I ThreadPoolExecutor-0_9 - extract_single_bit:727 - [BN P:197, R:1] Decision: s1=2.13367554e+02, s2=2.13368942e+02, ratio=0.99999349, threshold=1.0, comparison (ratio >= threshold)=False, extracted_bit=1
[2025-06-03 09:48:44,345] I ThreadPoolExecutor-0_9 - _extract_batch_worker:900 - [Extractor Worker P:197] Selected 2 rings for extraction: [5, 1]. Extracted bits: [0, 1]
[2025-06-03 09:48:44,373] I ThreadPoolExecutor-0_0 - extract_single_bit:727 - [BN P:8, R:1] Decision: s1=2.13375397e+02, s2=2.13389709e+02, ratio=0.99993293, threshold=1.0, comparison (ratio >= threshold)=False, extracted_bit=1
[2025-06-03 09:48:44,373] I ThreadPoolExecutor-0_0 - _extract_batch_worker:900 - [Extractor Worker P:8] Selected 2 rings for extraction: [5, 1]. Extracted bits: [1, 1]
[2025-06-03 09:48:44,388] I ThreadPoolExecutor-0_8 - extract_single_bit:727 - [BN P:176, R:4] Decision: s1=3.07383820e+02, s2=3.05947083e+02, ratio=1.00469603, threshold=1.0, comparison (ratio >= threshold)=True, extracted_bit=0
[2025-06-03 09:48:44,389] I ThreadPoolExecutor-0_8 - _extract_batch_worker:900 - [Extractor Worker P:176] Selected 2 rings for extraction: [2, 4]. Extracted bits: [1, 0]
[2025-06-03 09:48:44,410] I ThreadPoolExecutor-0_1 - extract_single_bit:727 - [BN P:29, R:5] Decision: s1=2.97006378e+02, s2=2.98841125e+02, ratio=0.99386046, threshold=1.0, comparison (ratio >= threshold)=False, extracted_bit=1
[2025-06-03 09:48:44,427] I ThreadPoolExecutor-0_4 - extract_single_bit:727 - [BN P:92, R:2] Decision: s1=2.76497650e+02, s2=2.75172546e+02, ratio=1.00481554, threshold=1.0, comparison (ratio >= threshold)=True, extracted_bit=0
[2025-06-03 09:48:44,453] I ThreadPoolExecutor-0_1 - extract_single_bit:727 - [BN P:29, R:3] Decision: s1=3.24932556e+02, s2=3.26797516e+02, ratio=0.99429323, threshold=1.0, comparison (ratio >= threshold)=False, extracted_bit=1
[2025-06-03 09:48:44,453] I ThreadPoolExecutor-0_1 - _extract_batch_worker:900 - [Extractor Worker P:29] Selected 2 rings for extraction: [5, 3]. Extracted bits: [1, 1]
[2025-06-03 09:48:44,461] I ThreadPoolExecutor-0_4 - extract_single_bit:727 - [BN P:92, R:4] Decision: s1=3.07366364e+02, s2=3.05810913e+02, ratio=1.00508631, threshold=1.0, comparison (ratio >= threshold)=True, extracted_bit=0
[2025-06-03 09:48:44,461] I ThreadPoolExecutor-0_4 - _extract_batch_worker:900 - [Extractor Worker P:92] Selected 2 rings for extraction: [2, 4]. Extracted bits: [0, 0]
[2025-06-03 09:48:44,845] I ThreadPoolExecutor-0_13 - extract_single_bit:727 - [BN P:282, R:1] Decision: s1=2.13358932e+02, s2=2.13368454e+02, ratio=0.99995538, threshold=1.0, comparison (ratio >= threshold)=False, extracted_bit=1
[2025-06-03 09:48:45,120] I ThreadPoolExecutor-0_13 - extract_single_bit:727 - [BN P:282, R:5] Decision: s1=2.97316803e+02, s2=2.98921173e+02, ratio=0.99463280, threshold=1.0, comparison (ratio >= threshold)=False, extracted_bit=1
[2025-06-03 09:48:45,120] I ThreadPoolExecutor-0_13 - _extract_batch_worker:900 - [Extractor Worker P:282] Selected 2 rings for extraction: [1, 5]. Extracted bits: [1, 1]
[2025-06-03 09:48:45,303] I ThreadPoolExecutor-0_7 - extract_single_bit:727 - [BN P:156, R:1] Decision: s1=2.13324570e+02, s2=2.13342422e+02, ratio=0.99991632, threshold=1.0, comparison (ratio >= threshold)=False, extracted_bit=1
[2025-06-03 09:48:45,348] I ThreadPoolExecutor-0_12 - extract_single_bit:727 - [BN P:261, R:5] Decision: s1=2.98941711e+02, s2=2.97363159e+02, ratio=1.00530850, threshold=1.0, comparison (ratio >= threshold)=True, extracted_bit=0
[2025-06-03 09:48:45,348] I ThreadPoolExecutor-0_6 - extract_single_bit:727 - [BN P:135, R:5] Decision: s1=2.98900513e+02, s2=2.96991455e+02, ratio=1.00642799, threshold=1.0, comparison (ratio >= threshold)=True, extracted_bit=0
[2025-06-03 09:48:45,348] I ThreadPoolExecutor-0_11 - extract_single_bit:727 - [BN P:240, R:1] Decision: s1=2.13359375e+02, s2=2.13370819e+02, ratio=0.99994637, threshold=1.0, comparison (ratio >= threshold)=False, extracted_bit=1
[2025-06-03 09:48:45,395] I ThreadPoolExecutor-0_5 - extract_single_bit:727 - [BN P:114, R:5] Decision: s1=2.98875885e+02, s2=2.97199768e+02, ratio=1.00563970, threshold=1.0, comparison (ratio >= threshold)=True, extracted_bit=0
[2025-06-03 09:48:45,414] I ThreadPoolExecutor-0_3 - extract_single_bit:727 - [BN P:72, R:3] Decision: s1=3.26755920e+02, s2=3.25216064e+02, ratio=1.00473487, threshold=1.0, comparison (ratio >= threshold)=True, extracted_bit=0
[2025-06-03 09:48:45,427] I ThreadPoolExecutor-0_10 - extract_single_bit:727 - [BN P:219, R:1] Decision: s1=2.13351639e+02, s2=2.13346283e+02, ratio=1.00002510, threshold=1.0, comparison (ratio >= threshold)=True, extracted_bit=0
[2025-06-03 09:48:45,490] I ThreadPoolExecutor-0_9 - extract_single_bit:727 - [BN P:198, R:1] Decision: s1=2.13367447e+02, s2=2.13369156e+02, ratio=0.99999199, threshold=1.0, comparison (ratio >= threshold)=False, extracted_bit=1
[2025-06-03 09:48:45,506] I ThreadPoolExecutor-0_8 - extract_single_bit:727 - [BN P:177, R:3] Decision: s1=3.26860748e+02, s2=3.25532806e+02, ratio=1.00407929, threshold=1.0, comparison (ratio >= threshold)=True, extracted_bit=0
[2025-06-03 09:48:45,553] I ThreadPoolExecutor-0_1 - extract_single_bit:727 - [BN P:30, R:2] Decision: s1=2.76427704e+02, s2=2.76420532e+02, ratio=1.00002594, threshold=1.0, comparison (ratio >= threshold)=True, extracted_bit=0
[2025-06-03 09:48:45,569] I ThreadPoolExecutor-0_2 - extract_single_bit:727 - [BN P:51, R:2] Decision: s1=2.76433136e+02, s2=2.75166260e+02, ratio=1.00460404, threshold=1.0, comparison (ratio >= threshold)=True, extracted_bit=0
[2025-06-03 09:48:45,584] I ThreadPoolExecutor-0_7 - extract_single_bit:727 - [BN P:156, R:4] Decision: s1=3.07403503e+02, s2=3.05941162e+02, ratio=1.00477981, threshold=1.0, comparison (ratio >= threshold)=True, extracted_bit=0
[2025-06-03 09:48:45,600] I ThreadPoolExecutor-0_7 - _extract_batch_worker:900 - [Extractor Worker P:156] Selected 2 rings for extraction: [1, 4]. Extracted bits: [1, 0]
[2025-06-03 09:48:45,609] I ThreadPoolExecutor-0_4 - extract_single_bit:727 - [BN P:93, R:1] Decision: s1=2.13275177e+02, s2=2.13257629e+02, ratio=1.00008228, threshold=1.0, comparison (ratio >= threshold)=True, extracted_bit=0
[2025-06-03 09:48:45,616] I ThreadPoolExecutor-0_12 - extract_single_bit:727 - [BN P:261, R:1] Decision: s1=2.13400452e+02, s2=2.13398422e+02, ratio=1.00000951, threshold=1.0, comparison (ratio >= threshold)=True, extracted_bit=0
[2025-06-03 09:48:45,616] I ThreadPoolExecutor-0_12 - _extract_batch_worker:900 - [Extractor Worker P:261] Selected 2 rings for extraction: [5, 1]. Extracted bits: [0, 0]
[2025-06-03 09:48:45,632] I ThreadPoolExecutor-0_11 - extract_single_bit:727 - [BN P:240, R:5] Decision: s1=2.97375763e+02, s2=2.98844391e+02, ratio=0.99508564, threshold=1.0, comparison (ratio >= threshold)=False, extracted_bit=1
[2025-06-03 09:48:45,632] I ThreadPoolExecutor-0_11 - _extract_batch_worker:900 - [Extractor Worker P:240] Selected 2 rings for extraction: [1, 5]. Extracted bits: [1, 1]
[2025-06-03 09:48:45,652] I ThreadPoolExecutor-0_6 - extract_single_bit:727 - [BN P:135, R:4] Decision: s1=3.06122223e+02, s2=3.07293457e+02, ratio=0.99618855, threshold=1.0, comparison (ratio >= threshold)=False, extracted_bit=1
[2025-06-03 09:48:45,652] I ThreadPoolExecutor-0_6 - _extract_batch_worker:900 - [Extractor Worker P:135] Selected 2 rings for extraction: [5, 4]. Extracted bits: [0, 1]
[2025-06-03 09:48:45,666] I ThreadPoolExecutor-0_0 - extract_single_bit:727 - [BN P:9, R:4] Decision: s1=3.05705017e+02, s2=3.07759827e+02, ratio=0.99332333, threshold=1.0, comparison (ratio >= threshold)=False, extracted_bit=1
[2025-06-03 09:48:45,672] I ThreadPoolExecutor-0_5 - extract_single_bit:727 - [BN P:114, R:1] Decision: s1=2.13302521e+02, s2=2.13309464e+02, ratio=0.99996745, threshold=1.0, comparison (ratio >= threshold)=False, extracted_bit=1
[2025-06-03 09:48:45,672] I ThreadPoolExecutor-0_5 - _extract_batch_worker:900 - [Extractor Worker P:114] Selected 2 rings for extraction: [5, 1]. Extracted bits: [0, 1]
[2025-06-03 09:48:45,690] I ThreadPoolExecutor-0_13 - extract_single_bit:727 - [BN P:283, R:1] Decision: s1=2.13395203e+02, s2=2.13385788e+02, ratio=1.00004412, threshold=1.0, comparison (ratio >= threshold)=True, extracted_bit=0
[2025-06-03 09:48:45,702] I ThreadPoolExecutor-0_3 - extract_single_bit:727 - [BN P:72, R:5] Decision: s1=2.98804626e+02, s2=2.97293823e+02, ratio=1.00508185, threshold=1.0, comparison (ratio >= threshold)=True, extracted_bit=0
[2025-06-03 09:48:45,706] I ThreadPoolExecutor-0_3 - _extract_batch_worker:900 - [Extractor Worker P:72] Selected 2 rings for extraction: [3, 5]. Extracted bits: [0, 0]
[2025-06-03 09:48:45,727] I ThreadPoolExecutor-0_10 - extract_single_bit:727 - [BN P:219, R:3] Decision: s1=3.26882507e+02, s2=3.25374908e+02, ratio=1.00463342, threshold=1.0, comparison (ratio >= threshold)=True, extracted_bit=0
[2025-06-03 09:48:45,727] I ThreadPoolExecutor-0_10 - _extract_batch_worker:900 - [Extractor Worker P:219] Selected 2 rings for extraction: [1, 3]. Extracted bits: [0, 0]
[2025-06-03 09:48:45,774] I ThreadPoolExecutor-0_9 - extract_single_bit:727 - [BN P:198, R:5] Decision: s1=2.97409973e+02, s2=2.98793182e+02, ratio=0.99537068, threshold=1.0, comparison (ratio >= threshold)=False, extracted_bit=1
[2025-06-03 09:48:45,774] I ThreadPoolExecutor-0_9 - _extract_batch_worker:900 - [Extractor Worker P:198] Selected 2 rings for extraction: [1, 5]. Extracted bits: [1, 1]
[2025-06-03 09:48:45,805] I ThreadPoolExecutor-0_8 - extract_single_bit:727 - [BN P:177, R:7] Decision: s1=1.67239716e+02, s2=1.68256363e+02, ratio=0.99395775, threshold=1.0, comparison (ratio >= threshold)=False, extracted_bit=1
[2025-06-03 09:48:45,805] I ThreadPoolExecutor-0_8 - _extract_batch_worker:900 - [Extractor Worker P:177] Selected 2 rings for extraction: [3, 7]. Extracted bits: [0, 1]
[2025-06-03 09:48:45,851] I ThreadPoolExecutor-0_2 - extract_single_bit:727 - [BN P:51, R:4] Decision: s1=3.07355865e+02, s2=3.05731201e+02, ratio=1.00531403, threshold=1.0, comparison (ratio >= threshold)=True, extracted_bit=0
[2025-06-03 09:48:45,851] I ThreadPoolExecutor-0_2 - _extract_batch_worker:900 - [Extractor Worker P:51] Selected 2 rings for extraction: [2, 4]. Extracted bits: [0, 0]
[2025-06-03 09:48:45,862] I ThreadPoolExecutor-0_1 - extract_single_bit:727 - [BN P:30, R:3] Decision: s1=3.25171967e+02, s2=3.26774994e+02, ratio=0.99509440, threshold=1.0, comparison (ratio >= threshold)=False, extracted_bit=1
[2025-06-03 09:48:45,867] I ThreadPoolExecutor-0_1 - _extract_batch_worker:900 - [Extractor Worker P:30] Selected 2 rings for extraction: [2, 3]. Extracted bits: [0, 1]
[2025-06-03 09:48:45,899] I ThreadPoolExecutor-0_4 - extract_single_bit:727 - [BN P:93, R:5] Decision: s1=2.98827484e+02, s2=2.97298340e+02, ratio=1.00514347, threshold=1.0, comparison (ratio >= threshold)=True, extracted_bit=0
[2025-06-03 09:48:45,915] I ThreadPoolExecutor-0_4 - _extract_batch_worker:900 - [Extractor Worker P:93] Selected 2 rings for extraction: [1, 5]. Extracted bits: [0, 0]
[2025-06-03 09:48:45,962] I ThreadPoolExecutor-0_13 - extract_single_bit:727 - [BN P:283, R:4] Decision: s1=3.07395691e+02, s2=3.05934937e+02, ratio=1.00477472, threshold=1.0, comparison (ratio >= threshold)=True, extracted_bit=0
[2025-06-03 09:48:45,978] I ThreadPoolExecutor-0_0 - extract_single_bit:727 - [BN P:9, R:2] Decision: s1=2.76448364e+02, s2=2.76427155e+02, ratio=1.00007673, threshold=1.0, comparison (ratio >= threshold)=True, extracted_bit=0
[2025-06-03 09:48:45,978] I ThreadPoolExecutor-0_13 - _extract_batch_worker:900 - [Extractor Worker P:283] Selected 2 rings for extraction: [1, 4]. Extracted bits: [0, 0]
[2025-06-03 09:48:45,978] I ThreadPoolExecutor-0_0 - _extract_batch_worker:900 - [Extractor Worker P:9] Selected 2 rings for extraction: [4, 2]. Extracted bits: [1, 0]
[2025-06-03 09:48:46,229] I ThreadPoolExecutor-0_7 - extract_single_bit:727 - [BN P:157, R:1] Decision: s1=2.13359985e+02, s2=2.13343475e+02, ratio=1.00007739, threshold=1.0, comparison (ratio >= threshold)=True, extracted_bit=0
[2025-06-03 09:48:46,277] I ThreadPoolExecutor-0_12 - extract_single_bit:727 - [BN P:262, R:2] Decision: s1=2.75268585e+02, s2=2.76595245e+02, ratio=0.99520360, threshold=1.0, comparison (ratio >= threshold)=False, extracted_bit=1
[2025-06-03 09:48:46,277] I ThreadPoolExecutor-0_5 - extract_single_bit:727 - [BN P:115, R:3] Decision: s1=3.25263855e+02, s2=3.26764648e+02, ratio=0.99540711, threshold=1.0, comparison (ratio >= threshold)=False, extracted_bit=1
[2025-06-03 09:48:46,303] I ThreadPoolExecutor-0_11 - extract_single_bit:727 - [BN P:241, R:2] Decision: s1=2.76630768e+02, s2=2.75426453e+02, ratio=1.00437255, threshold=1.0, comparison (ratio >= threshold)=True, extracted_bit=0
[2025-06-03 09:48:46,373] I ThreadPoolExecutor-0_10 - extract_single_bit:727 - [BN P:220, R:5] Decision: s1=2.98875397e+02, s2=2.97393860e+02, ratio=1.00498173, threshold=1.0, comparison (ratio >= threshold)=True, extracted_bit=0
[2025-06-03 09:48:46,418] I ThreadPoolExecutor-0_6 - extract_single_bit:727 - [BN P:136, R:1] Decision: s1=2.13380890e+02, s2=2.11950928e+02, ratio=1.00674667, threshold=1.0, comparison (ratio >= threshold)=True, extracted_bit=0
[2025-06-03 09:48:46,434] I ThreadPoolExecutor-0_9 - extract_single_bit:727 - [BN P:199, R:5] Decision: s1=2.98816986e+02, s2=2.97253326e+02, ratio=1.00526036, threshold=1.0, comparison (ratio >= threshold)=True, extracted_bit=0
[2025-06-03 09:48:46,465] I ThreadPoolExecutor-0_2 - extract_single_bit:727 - [BN P:52, R:1] Decision: s1=2.13075485e+02, s2=2.13083572e+02, ratio=0.99996205, threshold=1.0, comparison (ratio >= threshold)=False, extracted_bit=1
[2025-06-03 09:48:46,513] I ThreadPoolExecutor-0_7 - extract_single_bit:727 - [BN P:157, R:2] Decision: s1=2.76684753e+02, s2=2.76609314e+02, ratio=1.00027273, threshold=1.0, comparison (ratio >= threshold)=True, extracted_bit=0
[2025-06-03 09:48:46,513] I ThreadPoolExecutor-0_8 - extract_single_bit:727 - [BN P:178, R:1] Decision: s1=2.13373459e+02, s2=2.13372726e+02, ratio=1.00000343, threshold=1.0, comparison (ratio >= threshold)=True, extracted_bit=0
[2025-06-03 09:48:46,513] I ThreadPoolExecutor-0_7 - _extract_batch_worker:900 - [Extractor Worker P:157] Selected 2 rings for extraction: [1, 2]. Extracted bits: [0, 0]
[2025-06-03 09:48:46,544] I ThreadPoolExecutor-0_5 - extract_single_bit:727 - [BN P:115, R:7] Decision: s1=1.68273087e+02, s2=1.67185822e+02, ratio=1.00650333, threshold=1.0, comparison (ratio >= threshold)=True, extracted_bit=0
[2025-06-03 09:48:46,552] I ThreadPoolExecutor-0_5 - _extract_batch_worker:900 - [Extractor Worker P:115] Selected 2 rings for extraction: [3, 7]. Extracted bits: [1, 0]
[2025-06-03 09:48:46,560] I ThreadPoolExecutor-0_12 - extract_single_bit:727 - [BN P:262, R:4] Decision: s1=3.05933411e+02, s2=3.07386139e+02, ratio=0.99527393, threshold=1.0, comparison (ratio >= threshold)=False, extracted_bit=1
[2025-06-03 09:48:46,560] I ThreadPoolExecutor-0_4 - extract_single_bit:727 - [BN P:94, R:1] Decision: s1=2.13293365e+02, s2=2.13276413e+02, ratio=1.00007949, threshold=1.0, comparison (ratio >= threshold)=True, extracted_bit=0
[2025-06-03 09:48:46,560] I ThreadPoolExecutor-0_12 - _extract_batch_worker:900 - [Extractor Worker P:262] Selected 2 rings for extraction: [2, 4]. Extracted bits: [1, 1]
[2025-06-03 09:48:46,570] I ThreadPoolExecutor-0_3 - extract_single_bit:727 - [BN P:73, R:2] Decision: s1=2.76401703e+02, s2=2.75124664e+02, ratio=1.00464167, threshold=1.0, comparison (ratio >= threshold)=True, extracted_bit=0
[2025-06-03 09:48:46,610] I ThreadPoolExecutor-0_13 - extract_single_bit:727 - [BN P:284, R:3] Decision: s1=3.26818054e+02, s2=3.25276062e+02, ratio=1.00474056, threshold=1.0, comparison (ratio >= threshold)=True, extracted_bit=0
[2025-06-03 09:48:46,622] I ThreadPoolExecutor-0_11 - extract_single_bit:727 - [BN P:241, R:7] Decision: s1=1.67198792e+02, s2=1.68282349e+02, ratio=0.99356108, threshold=1.0, comparison (ratio >= threshold)=False, extracted_bit=1
[2025-06-03 09:48:46,622] I ThreadPoolExecutor-0_11 - _extract_batch_worker:900 - [Extractor Worker P:241] Selected 2 rings for extraction: [2, 7]. Extracted bits: [0, 1]
[2025-06-03 09:48:46,660] I ThreadPoolExecutor-0_10 - extract_single_bit:727 - [BN P:220, R:1] Decision: s1=2.13351685e+02, s2=2.13348785e+02, ratio=1.00001359, threshold=1.0, comparison (ratio >= threshold)=True, extracted_bit=0
[2025-06-03 09:48:46,666] I ThreadPoolExecutor-0_10 - _extract_batch_worker:900 - [Extractor Worker P:220] Selected 2 rings for extraction: [5, 1]. Extracted bits: [0, 0]
[2025-06-03 09:48:46,737] I ThreadPoolExecutor-0_6 - extract_single_bit:727 - [BN P:136, R:4] Decision: s1=3.05441681e+02, s2=3.07505249e+02, ratio=0.99328932, threshold=1.0, comparison (ratio >= threshold)=False, extracted_bit=1
[2025-06-03 09:48:46,739] I ThreadPoolExecutor-0_6 - _extract_batch_worker:900 - [Extractor Worker P:136] Selected 2 rings for extraction: [1, 4]. Extracted bits: [0, 1]
[2025-06-03 09:48:46,755] I ThreadPoolExecutor-0_9 - extract_single_bit:727 - [BN P:199, R:2] Decision: s1=2.76622894e+02, s2=2.76566925e+02, ratio=1.00020237, threshold=1.0, comparison (ratio >= threshold)=True, extracted_bit=0
[2025-06-03 09:48:46,755] I ThreadPoolExecutor-0_9 - _extract_batch_worker:900 - [Extractor Worker P:199] Selected 2 rings for extraction: [5, 2]. Extracted bits: [0, 0]
[2025-06-03 09:48:46,761] I ThreadPoolExecutor-0_1 - extract_single_bit:727 - [BN P:31, R:2] Decision: s1=2.76478546e+02, s2=2.75142395e+02, ratio=1.00485622, threshold=1.0, comparison (ratio >= threshold)=True, extracted_bit=0
[2025-06-03 09:48:46,769] I ThreadPoolExecutor-0_2 - extract_single_bit:727 - [BN P:52, R:5] Decision: s1=2.98848999e+02, s2=2.97282379e+02, ratio=1.00526980, threshold=1.0, comparison (ratio >= threshold)=True, extracted_bit=0
[2025-06-03 09:48:46,775] I ThreadPoolExecutor-0_0 - extract_single_bit:727 - [BN P:10, R:1] Decision: s1=2.13423950e+02, s2=2.13407089e+02, ratio=1.00007901, threshold=1.0, comparison (ratio >= threshold)=True, extracted_bit=0
[2025-06-03 09:48:46,777] I ThreadPoolExecutor-0_2 - _extract_batch_worker:900 - [Extractor Worker P:52] Selected 2 rings for extraction: [1, 5]. Extracted bits: [1, 0]
[2025-06-03 09:48:46,852] I ThreadPoolExecutor-0_4 - extract_single_bit:727 - [BN P:94, R:5] Decision: s1=2.97305603e+02, s2=2.98924408e+02, ratio=0.99458457, threshold=1.0, comparison (ratio >= threshold)=False, extracted_bit=1
[2025-06-03 09:48:46,854] I ThreadPoolExecutor-0_4 - _extract_batch_worker:900 - [Extractor Worker P:94] Selected 2 rings for extraction: [1, 5]. Extracted bits: [0, 1]
[2025-06-03 09:48:46,862] I ThreadPoolExecutor-0_3 - extract_single_bit:727 - [BN P:73, R:4] Decision: s1=3.07340851e+02, s2=3.05710144e+02, ratio=1.00533416, threshold=1.0, comparison (ratio >= threshold)=True, extracted_bit=0
[2025-06-03 09:48:46,866] I ThreadPoolExecutor-0_3 - _extract_batch_worker:900 - [Extractor Worker P:73] Selected 2 rings for extraction: [2, 4]. Extracted bits: [0, 0]
[2025-06-03 09:48:46,885] I ThreadPoolExecutor-0_13 - extract_single_bit:727 - [BN P:284, R:1] Decision: s1=2.13376099e+02, s2=2.13387390e+02, ratio=0.99994708, threshold=1.0, comparison (ratio >= threshold)=False, extracted_bit=1
[2025-06-03 09:48:46,889] I ThreadPoolExecutor-0_13 - _extract_batch_worker:900 - [Extractor Worker P:284] Selected 2 rings for extraction: [3, 1]. Extracted bits: [0, 1]
[2025-06-03 09:48:46,897] I ThreadPoolExecutor-0_8 - extract_single_bit:727 - [BN P:178, R:5] Decision: s1=2.97518158e+02, s2=2.98823761e+02, ratio=0.99563086, threshold=1.0, comparison (ratio >= threshold)=False, extracted_bit=1
[2025-06-03 09:48:46,903] I ThreadPoolExecutor-0_8 - _extract_batch_worker:900 - [Extractor Worker P:178] Selected 2 rings for extraction: [1, 5]. Extracted bits: [0, 1]
[2025-06-03 09:48:47,064] I ThreadPoolExecutor-0_0 - extract_single_bit:727 - [BN P:10, R:3] Decision: s1=3.26938354e+02, s2=3.24915070e+02, ratio=1.00622712, threshold=1.0, comparison (ratio >= threshold)=True, extracted_bit=0
[2025-06-03 09:48:47,064] I ThreadPoolExecutor-0_0 - _extract_batch_worker:900 - [Extractor Worker P:10] Selected 2 rings for extraction: [1, 3]. Extracted bits: [0, 0]
[2025-06-03 09:48:47,106] I ThreadPoolExecutor-0_1 - extract_single_bit:727 - [BN P:31, R:3] Decision: s1=3.25123535e+02, s2=3.26735016e+02, ratio=0.99506793, threshold=1.0, comparison (ratio >= threshold)=False, extracted_bit=1
[2025-06-03 09:48:47,106] I ThreadPoolExecutor-0_1 - _extract_batch_worker:900 - [Extractor Worker P:31] Selected 2 rings for extraction: [2, 3]. Extracted bits: [0, 1]
[2025-06-03 09:48:47,157] I ThreadPoolExecutor-0_12 - extract_single_bit:727 - [BN P:263, R:5] Decision: s1=2.98940125e+02, s2=2.97409607e+02, ratio=1.00514616, threshold=1.0, comparison (ratio >= threshold)=True, extracted_bit=0
[2025-06-03 09:48:47,205] I ThreadPoolExecutor-0_5 - extract_single_bit:727 - [BN P:116, R:1] Decision: s1=2.13337708e+02, s2=2.12120255e+02, ratio=1.00573945, threshold=1.0, comparison (ratio >= threshold)=True, extracted_bit=0
[2025-06-03 09:48:47,246] I ThreadPoolExecutor-0_7 - extract_single_bit:727 - [BN P:158, R:5] Decision: s1=2.97282257e+02, s2=2.98857971e+02, ratio=0.99472755, threshold=1.0, comparison (ratio >= threshold)=False, extracted_bit=1
[2025-06-03 09:48:47,266] I ThreadPoolExecutor-0_11 - extract_single_bit:727 - [BN P:242, R:1] Decision: s1=2.13357346e+02, s2=2.13361191e+02, ratio=0.99998198, threshold=1.0, comparison (ratio >= threshold)=False, extracted_bit=1
[2025-06-03 09:48:47,330] I ThreadPoolExecutor-0_6 - extract_single_bit:727 - [BN P:137, R:1] Decision: s1=2.13373627e+02, s2=2.13436157e+02, ratio=0.99970703, threshold=1.0, comparison (ratio >= threshold)=False, extracted_bit=1
[2025-06-03 09:48:47,330] I ThreadPoolExecutor-0_10 - extract_single_bit:727 - [BN P:221, R:1] Decision: s1=2.13334473e+02, s2=2.13366364e+02, ratio=0.99985053, threshold=1.0, comparison (ratio >= threshold)=False, extracted_bit=1
[2025-06-03 09:48:47,377] I ThreadPoolExecutor-0_2 - extract_single_bit:727 - [BN P:53, R:1] Decision: s1=2.13073212e+02, s2=2.13074249e+02, ratio=0.99999513, threshold=1.0, comparison (ratio >= threshold)=False, extracted_bit=1
[2025-06-03 09:48:47,402] I ThreadPoolExecutor-0_9 - extract_single_bit:727 - [BN P:200, R:1] Decision: s1=2.13359467e+02, s2=2.13365463e+02, ratio=0.99997189, threshold=1.0, comparison (ratio >= threshold)=False, extracted_bit=1
[2025-06-03 09:48:47,441] I ThreadPoolExecutor-0_12 - extract_single_bit:727 - [BN P:263, R:1] Decision: s1=2.13392075e+02, s2=2.13394882e+02, ratio=0.99998684, threshold=1.0, comparison (ratio >= threshold)=False, extracted_bit=1
[2025-06-03 09:48:47,441] I ThreadPoolExecutor-0_12 - _extract_batch_worker:900 - [Extractor Worker P:263] Selected 2 rings for extraction: [5, 1]. Extracted bits: [0, 1]
[2025-06-03 09:48:47,472] I ThreadPoolExecutor-0_3 - extract_single_bit:727 - [BN P:74, R:1] Decision: s1=2.13075867e+02, s2=2.13082275e+02, ratio=0.99996992, threshold=1.0, comparison (ratio >= threshold)=False, extracted_bit=1
[2025-06-03 09:48:47,504] I ThreadPoolExecutor-0_13 - extract_single_bit:727 - [BN P:285, R:1] Decision: s1=2.13371689e+02, s2=2.13382355e+02, ratio=0.99995002, threshold=1.0, comparison (ratio >= threshold)=False, extracted_bit=1
[2025-06-03 09:48:47,512] I ThreadPoolExecutor-0_5 - extract_single_bit:727 - [BN P:116, R:2] Decision: s1=2.76559784e+02, s2=2.75427246e+02, ratio=1.00411193, threshold=1.0, comparison (ratio >= threshold)=True, extracted_bit=0
[2025-06-03 09:48:47,518] I ThreadPoolExecutor-0_5 - _extract_batch_worker:900 - [Extractor Worker P:116] Selected 2 rings for extraction: [1, 2]. Extracted bits: [0, 0]
[2025-06-03 09:48:47,542] I ThreadPoolExecutor-0_4 - extract_single_bit:727 - [BN P:95, R:5] Decision: s1=2.98866089e+02, s2=2.97268372e+02, ratio=1.00537466, threshold=1.0, comparison (ratio >= threshold)=True, extracted_bit=0
[2025-06-03 09:48:47,557] I ThreadPoolExecutor-0_11 - extract_single_bit:727 - [BN P:242, R:4] Decision: s1=3.06084045e+02, s2=3.07387360e+02, ratio=0.99576003, threshold=1.0, comparison (ratio >= threshold)=False, extracted_bit=1
[2025-06-03 09:48:47,557] I ThreadPoolExecutor-0_11 - _extract_batch_worker:900 - [Extractor Worker P:242] Selected 2 rings for extraction: [1, 4]. Extracted bits: [1, 1]
[2025-06-03 09:48:47,568] I ThreadPoolExecutor-0_7 - extract_single_bit:727 - [BN P:158, R:3] Decision: s1=3.25365112e+02, s2=3.26820984e+02, ratio=0.99554535, threshold=1.0, comparison (ratio >= threshold)=False, extracted_bit=1
[2025-06-03 09:48:47,568] I ThreadPoolExecutor-0_8 - extract_single_bit:727 - [BN P:179, R:2] Decision: s1=2.75332947e+02, s2=2.76602661e+02, ratio=0.99540961, threshold=1.0, comparison (ratio >= threshold)=False, extracted_bit=1
[2025-06-03 09:48:47,568] I ThreadPoolExecutor-0_7 - _extract_batch_worker:900 - [Extractor Worker P:158] Selected 2 rings for extraction: [5, 3]. Extracted bits: [1, 1]
[2025-06-03 09:48:47,613] I ThreadPoolExecutor-0_6 - extract_single_bit:727 - [BN P:137, R:4] Decision: s1=3.05791107e+02, s2=3.07419373e+02, ratio=0.99470344, threshold=1.0, comparison (ratio >= threshold)=False, extracted_bit=1
[2025-06-03 09:48:47,629] I ThreadPoolExecutor-0_6 - _extract_batch_worker:900 - [Extractor Worker P:137] Selected 2 rings for extraction: [1, 4]. Extracted bits: [1, 1]
[2025-06-03 09:48:47,654] I ThreadPoolExecutor-0_10 - extract_single_bit:727 - [BN P:221, R:2] Decision: s1=2.75347382e+02, s2=2.76643005e+02, ratio=0.99531662, threshold=1.0, comparison (ratio >= threshold)=False, extracted_bit=1
[2025-06-03 09:48:47,654] I ThreadPoolExecutor-0_10 - _extract_batch_worker:900 - [Extractor Worker P:221] Selected 2 rings for extraction: [1, 2]. Extracted bits: [1, 1]
[2025-06-03 09:48:47,676] I ThreadPoolExecutor-0_2 - extract_single_bit:727 - [BN P:53, R:3] Decision: s1=3.26765625e+02, s2=3.25209564e+02, ratio=1.00478479, threshold=1.0, comparison (ratio >= threshold)=True, extracted_bit=0
[2025-06-03 09:48:47,678] I ThreadPoolExecutor-0_2 - _extract_batch_worker:900 - [Extractor Worker P:53] Selected 2 rings for extraction: [1, 3]. Extracted bits: [1, 0]
[2025-06-03 09:48:47,692] I ThreadPoolExecutor-0_9 - extract_single_bit:727 - [BN P:200, R:3] Decision: s1=3.25317932e+02, s2=3.26869293e+02, ratio=0.99525388, threshold=1.0, comparison (ratio >= threshold)=False, extracted_bit=1
[2025-06-03 09:48:47,692] I ThreadPoolExecutor-0_9 - _extract_batch_worker:900 - [Extractor Worker P:200] Selected 2 rings for extraction: [1, 3]. Extracted bits: [1, 1]
[2025-06-03 09:48:47,733] I ThreadPoolExecutor-0_0 - extract_single_bit:727 - [BN P:11, R:5] Decision: s1=2.99033325e+02, s2=2.97109924e+02, ratio=1.00647370, threshold=1.0, comparison (ratio >= threshold)=True, extracted_bit=0
[2025-06-03 09:48:47,733] I ThreadPoolExecutor-0_3 - extract_single_bit:727 - [BN P:74, R:5] Decision: s1=2.98829102e+02, s2=2.97311462e+02, ratio=1.00510454, threshold=1.0, comparison (ratio >= threshold)=True, extracted_bit=0
[2025-06-03 09:48:47,739] I ThreadPoolExecutor-0_3 - _extract_batch_worker:900 - [Extractor Worker P:74] Selected 2 rings for extraction: [1, 5]. Extracted bits: [1, 0]
[2025-06-03 09:48:47,755] I ThreadPoolExecutor-0_13 - extract_single_bit:727 - [BN P:285, R:5] Decision: s1=2.97318634e+02, s2=2.98915375e+02, ratio=0.99465822, threshold=1.0, comparison (ratio >= threshold)=False, extracted_bit=1
[2025-06-03 09:48:47,757] I ThreadPoolExecutor-0_13 - _extract_batch_worker:900 - [Extractor Worker P:285] Selected 2 rings for extraction: [1, 5]. Extracted bits: [1, 1]
[2025-06-03 09:48:47,796] I ThreadPoolExecutor-0_4 - extract_single_bit:727 - [BN P:95, R:1] Decision: s1=2.13292587e+02, s2=2.13280807e+02, ratio=1.00005523, threshold=1.0, comparison (ratio >= threshold)=True, extracted_bit=0
[2025-06-03 09:48:47,796] I ThreadPoolExecutor-0_4 - _extract_batch_worker:900 - [Extractor Worker P:95] Selected 2 rings for extraction: [5, 1]. Extracted bits: [0, 0]
[2025-06-03 09:48:47,822] I ThreadPoolExecutor-0_8 - extract_single_bit:727 - [BN P:179, R:4] Decision: s1=3.05942841e+02, s2=3.07355133e+02, ratio=0.99540501, threshold=1.0, comparison (ratio >= threshold)=False, extracted_bit=1
[2025-06-03 09:48:47,822] I ThreadPoolExecutor-0_8 - _extract_batch_worker:900 - [Extractor Worker P:179] Selected 2 rings for extraction: [2, 4]. Extracted bits: [1, 1]
[2025-06-03 09:48:47,850] I ThreadPoolExecutor-0_1 - extract_single_bit:727 - [BN P:32, R:1] Decision: s1=2.13174454e+02, s2=2.13135590e+02, ratio=1.00018234, threshold=1.0, comparison (ratio >= threshold)=True, extracted_bit=0
[2025-06-03 09:48:47,964] I ThreadPoolExecutor-0_0 - extract_single_bit:727 - [BN P:11, R:2] Decision: s1=2.76427307e+02, s2=2.76408447e+02, ratio=1.00006823, threshold=1.0, comparison (ratio >= threshold)=True, extracted_bit=0
[2025-06-03 09:48:47,964] I ThreadPoolExecutor-0_0 - _extract_batch_worker:900 - [Extractor Worker P:11] Selected 2 rings for extraction: [5, 2]. Extracted bits: [0, 0]
[2025-06-03 09:48:48,023] I ThreadPoolExecutor-0_5 - extract_single_bit:727 - [BN P:117, R:5] Decision: s1=2.98929657e+02, s2=2.97391907e+02, ratio=1.00517079, threshold=1.0, comparison (ratio >= threshold)=True, extracted_bit=0
[2025-06-03 09:48:48,048] I ThreadPoolExecutor-0_12 - extract_single_bit:727 - [BN P:264, R:2] Decision: s1=2.76666718e+02, s2=2.75662476e+02, ratio=1.00364301, threshold=1.0, comparison (ratio >= threshold)=True, extracted_bit=0
[2025-06-03 09:48:48,186] I ThreadPoolExecutor-0_11 - extract_single_bit:727 - [BN P:243, R:2] Decision: s1=2.76517426e+02, s2=2.76578583e+02, ratio=0.99977888, threshold=1.0, comparison (ratio >= threshold)=False, extracted_bit=1
[2025-06-03 09:48:48,195] I ThreadPoolExecutor-0_1 - extract_single_bit:727 - [BN P:32, R:5] Decision: s1=2.98974701e+02, s2=2.97226349e+02, ratio=1.00588222, threshold=1.0, comparison (ratio >= threshold)=True, extracted_bit=0
[2025-06-03 09:48:48,196] I ThreadPoolExecutor-0_1 - _extract_batch_worker:900 - [Extractor Worker P:32] Selected 2 rings for extraction: [1, 5]. Extracted bits: [0, 0]
[2025-06-03 09:48:48,238] I ThreadPoolExecutor-0_6 - extract_single_bit:727 - [BN P:138, R:5] Decision: s1=2.99113220e+02, s2=2.97418549e+02, ratio=1.00569794, threshold=1.0, comparison (ratio >= threshold)=True, extracted_bit=0
[2025-06-03 09:48:48,308] I ThreadPoolExecutor-0_10 - extract_single_bit:727 - [BN P:222, R:4] Decision: s1=3.06070831e+02, s2=3.07375427e+02, ratio=0.99575569, threshold=1.0, comparison (ratio >= threshold)=False, extracted_bit=1
[2025-06-03 09:48:48,349] I ThreadPoolExecutor-0_9 - extract_single_bit:727 - [BN P:201, R:1] Decision: s1=2.13363876e+02, s2=2.13346741e+02, ratio=1.00008032, threshold=1.0, comparison (ratio >= threshold)=True, extracted_bit=0
[2025-06-03 09:48:48,354] I ThreadPoolExecutor-0_5 - extract_single_bit:727 - [BN P:117, R:2] Decision: s1=2.76533905e+02, s2=2.75293121e+02, ratio=1.00450714, threshold=1.0, comparison (ratio >= threshold)=True, extracted_bit=0
[2025-06-03 09:48:48,355] I ThreadPoolExecutor-0_5 - _extract_batch_worker:900 - [Extractor Worker P:117] Selected 2 rings for extraction: [5, 2]. Extracted bits: [0, 0]
[2025-06-03 09:48:48,356] I ThreadPoolExecutor-0_12 - extract_single_bit:727 - [BN P:264, R:5] Decision: s1=2.97291992e+02, s2=2.98901184e+02, ratio=0.99461631, threshold=1.0, comparison (ratio >= threshold)=False, extracted_bit=1
[2025-06-03 09:48:48,358] I ThreadPoolExecutor-0_12 - _extract_batch_worker:900 - [Extractor Worker P:264] Selected 2 rings for extraction: [2, 5]. Extracted bits: [0, 1]
[2025-06-03 09:48:48,394] I ThreadPoolExecutor-0_11 - extract_single_bit:727 - [BN P:243, R:3] Decision: s1=3.25374634e+02, s2=3.26811340e+02, ratio=0.99560387, threshold=1.0, comparison (ratio >= threshold)=False, extracted_bit=1
[2025-06-03 09:48:48,395] I ThreadPoolExecutor-0_11 - _extract_batch_worker:900 - [Extractor Worker P:243] Selected 2 rings for extraction: [2, 3]. Extracted bits: [1, 1]
[2025-06-03 09:48:48,407] I ThreadPoolExecutor-0_7 - extract_single_bit:727 - [BN P:159, R:5] Decision: s1=2.98915802e+02, s2=2.97282074e+02, ratio=1.00549555, threshold=1.0, comparison (ratio >= threshold)=True, extracted_bit=0
[2025-06-03 09:48:48,425] I ThreadPoolExecutor-0_6 - extract_single_bit:727 - [BN P:138, R:3] Decision: s1=3.27118561e+02, s2=3.25467987e+02, ratio=1.00507139, threshold=1.0, comparison (ratio >= threshold)=True, extracted_bit=0
[2025-06-03 09:48:48,425] I ThreadPoolExecutor-0_6 - _extract_batch_worker:900 - [Extractor Worker P:138] Selected 2 rings for extraction: [5, 3]. Extracted bits: [0, 0]
[2025-06-03 09:48:48,451] I ThreadPoolExecutor-0_13 - extract_single_bit:727 - [BN P:286, R:1] Decision: s1=2.13379181e+02, s2=2.13381165e+02, ratio=0.99999070, threshold=1.0, comparison (ratio >= threshold)=False, extracted_bit=1
[2025-06-03 09:48:48,452] I ThreadPoolExecutor-0_4 - extract_single_bit:727 - [BN P:96, R:5] Decision: s1=2.98887146e+02, s2=2.97309143e+02, ratio=1.00530762, threshold=1.0, comparison (ratio >= threshold)=True, extracted_bit=0
[2025-06-03 09:48:48,475] I ThreadPoolExecutor-0_10 - extract_single_bit:727 - [BN P:222, R:7] Decision: s1=1.67248383e+02, s2=1.68274246e+02, ratio=0.99390362, threshold=1.0, comparison (ratio >= threshold)=False, extracted_bit=1
[2025-06-03 09:48:48,475] I ThreadPoolExecutor-0_10 - _extract_batch_worker:900 - [Extractor Worker P:222] Selected 2 rings for extraction: [4, 7]. Extracted bits: [1, 1]
[2025-06-03 09:48:48,490] I ThreadPoolExecutor-0_9 - extract_single_bit:727 - [BN P:201, R:3] Decision: s1=3.26899750e+02, s2=3.25316986e+02, ratio=1.00486530, threshold=1.0, comparison (ratio >= threshold)=True, extracted_bit=0
[2025-06-03 09:48:48,513] I ThreadPoolExecutor-0_9 - _extract_batch_worker:900 - [Extractor Worker P:201] Selected 2 rings for extraction: [1, 3]. Extracted bits: [0, 0]
[2025-06-03 09:48:48,540] I ThreadPoolExecutor-0_8 - extract_single_bit:727 - [BN P:180, R:5] Decision: s1=2.98907898e+02, s2=2.97373016e+02, ratio=1.00516147, threshold=1.0, comparison (ratio >= threshold)=True, extracted_bit=0
[2025-06-03 09:48:48,545] I ThreadPoolExecutor-0_7 - extract_single_bit:727 - [BN P:159, R:2] Decision: s1=2.76658356e+02, s2=2.76606873e+02, ratio=1.00018612, threshold=1.0, comparison (ratio >= threshold)=True, extracted_bit=0
[2025-06-03 09:48:48,545] I ThreadPoolExecutor-0_7 - _extract_batch_worker:900 - [Extractor Worker P:159] Selected 2 rings for extraction: [5, 2]. Extracted bits: [0, 0]
[2025-06-03 09:48:48,555] I ThreadPoolExecutor-0_2 - extract_single_bit:727 - [BN P:54, R:5] Decision: s1=2.98818298e+02, s2=2.97235962e+02, ratio=1.00532350, threshold=1.0, comparison (ratio >= threshold)=True, extracted_bit=0
[2025-06-03 09:48:48,575] I ThreadPoolExecutor-0_13 - extract_single_bit:727 - [BN P:286, R:4] Decision: s1=3.05948364e+02, s2=3.07391663e+02, ratio=0.99530469, threshold=1.0, comparison (ratio >= threshold)=False, extracted_bit=1
[2025-06-03 09:48:48,576] I ThreadPoolExecutor-0_4 - extract_single_bit:727 - [BN P:96, R:2] Decision: s1=2.76564545e+02, s2=2.76476013e+02, ratio=1.00032021, threshold=1.0, comparison (ratio >= threshold)=True, extracted_bit=0
[2025-06-03 09:48:48,576] I ThreadPoolExecutor-0_4 - _extract_batch_worker:900 - [Extractor Worker P:96] Selected 2 rings for extraction: [5, 2]. Extracted bits: [0, 0]
[2025-06-03 09:48:48,653] I ThreadPoolExecutor-0_13 - _extract_batch_worker:900 - [Extractor Worker P:286] Selected 2 rings for extraction: [1, 4]. Extracted bits: [1, 1]
[2025-06-03 09:48:48,718] I ThreadPoolExecutor-0_8 - extract_single_bit:727 - [BN P:180, R:3] Decision: s1=3.26906586e+02, s2=3.25374512e+02, ratio=1.00470865, threshold=1.0, comparison (ratio >= threshold)=True, extracted_bit=0
[2025-06-03 09:48:48,718] I ThreadPoolExecutor-0_8 - _extract_batch_worker:900 - [Extractor Worker P:180] Selected 2 rings for extraction: [5, 3]. Extracted bits: [0, 0]
[2025-06-03 09:48:48,727] I ThreadPoolExecutor-0_2 - extract_single_bit:727 - [BN P:54, R:3] Decision: s1=3.26700470e+02, s2=3.25295929e+02, ratio=1.00431773, threshold=1.0, comparison (ratio >= threshold)=True, extracted_bit=0
[2025-06-03 09:48:48,728] I ThreadPoolExecutor-0_2 - _extract_batch_worker:900 - [Extractor Worker P:54] Selected 2 rings for extraction: [5, 3]. Extracted bits: [0, 0]
[2025-06-03 09:48:48,918] I ThreadPoolExecutor-0_1 - extract_single_bit:727 - [BN P:33, R:1] Decision: s1=2.13107864e+02, s2=2.13108688e+02, ratio=0.99999613, threshold=1.0, comparison (ratio >= threshold)=False, extracted_bit=1
[2025-06-03 09:48:48,970] I ThreadPoolExecutor-0_1 - extract_single_bit:727 - [BN P:33, R:5] Decision: s1=2.98854431e+02, s2=2.97257904e+02, ratio=1.00537085, threshold=1.0, comparison (ratio >= threshold)=True, extracted_bit=0
[2025-06-03 09:48:48,971] I ThreadPoolExecutor-0_1 - _extract_batch_worker:900 - [Extractor Worker P:33] Selected 2 rings for extraction: [1, 5]. Extracted bits: [1, 0]
[2025-06-03 09:48:49,046] I ThreadPoolExecutor-0_9 - extract_single_bit:727 - [BN P:202, R:1] Decision: s1=2.13367691e+02, s2=2.13351212e+02, ratio=1.00007724, threshold=1.0, comparison (ratio >= threshold)=True, extracted_bit=0
[2025-06-03 09:48:49,097] I ThreadPoolExecutor-0_9 - extract_single_bit:727 - [BN P:202, R:3] Decision: s1=3.26856873e+02, s2=3.25361389e+02, ratio=1.00459638, threshold=1.0, comparison (ratio >= threshold)=True, extracted_bit=0
[2025-06-03 09:48:49,098] I ThreadPoolExecutor-0_9 - _extract_batch_worker:900 - [Extractor Worker P:202] Selected 2 rings for extraction: [1, 3]. Extracted bits: [0, 0]
[2025-06-03 09:48:49,121] I ThreadPoolExecutor-0_0 - extract_single_bit:727 - [BN P:12, R:3] Decision: s1=3.24923309e+02, s2=3.27061340e+02, ratio=0.99346291, threshold=1.0, comparison (ratio >= threshold)=False, extracted_bit=1
[2025-06-03 09:48:49,169] I ThreadPoolExecutor-0_0 - extract_single_bit:727 - [BN P:12, R:2] Decision: s1=2.75033905e+02, s2=2.76602539e+02, ratio=0.99432892, threshold=1.0, comparison (ratio >= threshold)=False, extracted_bit=1
[2025-06-03 09:48:49,170] I ThreadPoolExecutor-0_0 - _extract_batch_worker:900 - [Extractor Worker P:12] Selected 2 rings for extraction: [3, 2]. Extracted bits: [1, 1]
[2025-06-03 09:48:49,196] I ThreadPoolExecutor-0_1 - extract_single_bit:727 - [BN P:34, R:1] Decision: s1=2.13093674e+02, s2=2.13094604e+02, ratio=0.99999563, threshold=1.0, comparison (ratio >= threshold)=False, extracted_bit=1
[2025-06-03 09:48:49,295] I ThreadPoolExecutor-0_1 - extract_single_bit:727 - [BN P:34, R:5] Decision: s1=2.98841034e+02, s2=2.97233459e+02, ratio=1.00540846, threshold=1.0, comparison (ratio >= threshold)=True, extracted_bit=0
[2025-06-03 09:48:49,297] I ThreadPoolExecutor-0_1 - _extract_batch_worker:900 - [Extractor Worker P:34] Selected 2 rings for extraction: [1, 5]. Extracted bits: [1, 0]
[2025-06-03 09:48:49,316] I ThreadPoolExecutor-0_3 - extract_single_bit:727 - [BN P:75, R:5] Decision: s1=2.98810211e+02, s2=2.97021332e+02, ratio=1.00602273, threshold=1.0, comparison (ratio >= threshold)=True, extracted_bit=0
[2025-06-03 09:48:49,444] I ThreadPoolExecutor-0_3 - extract_single_bit:727 - [BN P:75, R:3] Decision: s1=3.26793701e+02, s2=3.24961243e+02, ratio=1.00563901, threshold=1.0, comparison (ratio >= threshold)=True, extracted_bit=0
[2025-06-03 09:48:49,444] I ThreadPoolExecutor-0_3 - _extract_batch_worker:900 - [Extractor Worker P:75] Selected 2 rings for extraction: [5, 3]. Extracted bits: [0, 0]
[2025-06-03 09:48:49,480] I ThreadPoolExecutor-0_10 - extract_single_bit:727 - [BN P:223, R:5] Decision: s1=2.98893494e+02, s2=2.97450073e+02, ratio=1.00485265, threshold=1.0, comparison (ratio >= threshold)=True, extracted_bit=0
[2025-06-03 09:48:49,532] I ThreadPoolExecutor-0_9 - extract_single_bit:727 - [BN P:203, R:1] Decision: s1=2.13367752e+02, s2=2.13351212e+02, ratio=1.00007753, threshold=1.0, comparison (ratio >= threshold)=True, extracted_bit=0
[2025-06-03 09:48:49,789] I ThreadPoolExecutor-0_10 - extract_single_bit:727 - [BN P:223, R:2] Decision: s1=2.75553131e+02, s2=2.76608704e+02, ratio=0.99618388, threshold=1.0, comparison (ratio >= threshold)=False, extracted_bit=1
[2025-06-03 09:48:49,799] I ThreadPoolExecutor-0_10 - _extract_batch_worker:900 - [Extractor Worker P:223] Selected 2 rings for extraction: [5, 2]. Extracted bits: [0, 1]
[2025-06-03 09:48:50,312] I ThreadPoolExecutor-0_9 - extract_single_bit:727 - [BN P:203, R:4] Decision: s1=3.07372314e+02, s2=3.06004364e+02, ratio=1.00447036, threshold=1.0, comparison (ratio >= threshold)=True, extracted_bit=0
[2025-06-03 09:48:50,320] I ThreadPoolExecutor-0_9 - _extract_batch_worker:900 - [Extractor Worker P:203] Selected 2 rings for extraction: [1, 4]. Extracted bits: [0, 0]
[2025-06-03 09:48:50,585] I ThreadPoolExecutor-0_12 - extract_single_bit:727 - [BN P:265, R:1] Decision: s1=2.13387970e+02, s2=2.13384247e+02, ratio=1.00001745, threshold=1.0, comparison (ratio >= threshold)=True, extracted_bit=0
[2025-06-03 09:48:50,667] I ThreadPoolExecutor-0_8 - extract_single_bit:727 - [BN P:181, R:2] Decision: s1=2.76680023e+02, s2=2.75488739e+02, ratio=1.00432426, threshold=1.0, comparison (ratio >= threshold)=True, extracted_bit=0
[2025-06-03 09:48:50,670] I ThreadPoolExecutor-0_0 - extract_single_bit:727 - [BN P:13, R:3] Decision: s1=3.26994598e+02, s2=3.24891663e+02, ratio=1.00647273, threshold=1.0, comparison (ratio >= threshold)=True, extracted_bit=0
[2025-06-03 09:48:50,678] I ThreadPoolExecutor-0_13 - extract_single_bit:727 - [BN P:287, R:4] Decision: s1=3.07441437e+02, s2=3.05984467e+02, ratio=1.00476158, threshold=1.0, comparison (ratio >= threshold)=True, extracted_bit=0
[2025-06-03 09:48:50,717] I ThreadPoolExecutor-0_7 - extract_single_bit:727 - [BN P:160, R:1] Decision: s1=2.13361069e+02, s2=2.13345581e+02, ratio=1.00007259, threshold=1.0, comparison (ratio >= threshold)=True, extracted_bit=0
[2025-06-03 09:48:50,826] I ThreadPoolExecutor-0_10 - extract_single_bit:727 - [BN P:224, R:5] Decision: s1=2.98818024e+02, s2=2.97331757e+02, ratio=1.00499868, threshold=1.0, comparison (ratio >= threshold)=True, extracted_bit=0
[2025-06-03 09:48:50,831] I ThreadPoolExecutor-0_12 - extract_single_bit:727 - [BN P:265, R:2] Decision: s1=2.76563232e+02, s2=2.75405853e+02, ratio=1.00420245, threshold=1.0, comparison (ratio >= threshold)=True, extracted_bit=0
[2025-06-03 09:48:50,832] I ThreadPoolExecutor-0_12 - _extract_batch_worker:900 - [Extractor Worker P:265] Selected 2 rings for extraction: [1, 2]. Extracted bits: [0, 0]
[2025-06-03 09:48:50,843] I ThreadPoolExecutor-0_11 - extract_single_bit:727 - [BN P:244, R:5] Decision: s1=2.98905640e+02, s2=2.97422974e+02, ratio=1.00498504, threshold=1.0, comparison (ratio >= threshold)=True, extracted_bit=0
[2025-06-03 09:48:50,867] I ThreadPoolExecutor-0_4 - extract_single_bit:727 - [BN P:97, R:1] Decision: s1=2.13291962e+02, s2=2.13282669e+02, ratio=1.00004357, threshold=1.0, comparison (ratio >= threshold)=True, extracted_bit=0
[2025-06-03 09:48:50,910] I ThreadPoolExecutor-0_0 - extract_single_bit:727 - [BN P:13, R:2] Decision: s1=2.76568604e+02, s2=2.75018646e+02, ratio=1.00563583, threshold=1.0, comparison (ratio >= threshold)=True, extracted_bit=0
[2025-06-03 09:48:50,913] I ThreadPoolExecutor-0_0 - _extract_batch_worker:900 - [Extractor Worker P:13] Selected 2 rings for extraction: [3, 2]. Extracted bits: [0, 0]
[2025-06-03 09:48:50,913] I ThreadPoolExecutor-0_8 - extract_single_bit:727 - [BN P:181, R:5] Decision: s1=2.97384979e+02, s2=2.98797150e+02, ratio=0.99527382, threshold=1.0, comparison (ratio >= threshold)=False, extracted_bit=1
[2025-06-03 09:48:50,915] I ThreadPoolExecutor-0_13 - extract_single_bit:727 - [BN P:287, R:3] Decision: s1=3.25393799e+02, s2=3.26813477e+02, ratio=0.99565600, threshold=1.0, comparison (ratio >= threshold)=False, extracted_bit=1
[2025-06-03 09:48:50,919] I ThreadPoolExecutor-0_8 - _extract_batch_worker:900 - [Extractor Worker P:181] Selected 2 rings for extraction: [2, 5]. Extracted bits: [0, 1]
[2025-06-03 09:48:50,920] I ThreadPoolExecutor-0_13 - _extract_batch_worker:900 - [Extractor Worker P:287] Selected 2 rings for extraction: [4, 3]. Extracted bits: [0, 1]
[2025-06-03 09:48:50,968] I ThreadPoolExecutor-0_9 - extract_single_bit:727 - [BN P:204, R:2] Decision: s1=2.76606262e+02, s2=2.75355804e+02, ratio=1.00454124, threshold=1.0, comparison (ratio >= threshold)=True, extracted_bit=0
[2025-06-03 09:48:50,992] I ThreadPoolExecutor-0_6 - extract_single_bit:727 - [BN P:139, R:5] Decision: s1=2.98863586e+02, s2=2.97351105e+02, ratio=1.00508652, threshold=1.0, comparison (ratio >= threshold)=True, extracted_bit=0
[2025-06-03 09:48:51,006] I ThreadPoolExecutor-0_7 - extract_single_bit:727 - [BN P:160, R:2] Decision: s1=2.76655304e+02, s2=2.75540955e+02, ratio=1.00404422, threshold=1.0, comparison (ratio >= threshold)=True, extracted_bit=0
[2025-06-03 09:48:51,007] I ThreadPoolExecutor-0_7 - _extract_batch_worker:900 - [Extractor Worker P:160] Selected 2 rings for extraction: [1, 2]. Extracted bits: [0, 0]
[2025-06-03 09:48:51,052] I ThreadPoolExecutor-0_5 - extract_single_bit:727 - [BN P:118, R:1] Decision: s1=2.13285248e+02, s2=2.13287369e+02, ratio=0.99999006, threshold=1.0, comparison (ratio >= threshold)=False, extracted_bit=1
[2025-06-03 09:48:51,104] I ThreadPoolExecutor-0_2 - extract_single_bit:727 - [BN P:55, R:1] Decision: s1=2.13073212e+02, s2=2.13071808e+02, ratio=1.00000659, threshold=1.0, comparison (ratio >= threshold)=True, extracted_bit=0
[2025-06-03 09:48:51,108] I ThreadPoolExecutor-0_10 - extract_single_bit:727 - [BN P:224, R:1] Decision: s1=2.13361862e+02, s2=2.13349854e+02, ratio=1.00005629, threshold=1.0, comparison (ratio >= threshold)=True, extracted_bit=0
[2025-06-03 09:48:51,109] I ThreadPoolExecutor-0_10 - _extract_batch_worker:900 - [Extractor Worker P:224] Selected 2 rings for extraction: [5, 1]. Extracted bits: [0, 0]
[2025-06-03 09:48:51,111] I ThreadPoolExecutor-0_3 - extract_single_bit:727 - [BN P:76, R:5] Decision: s1=2.98750824e+02, s2=2.97189819e+02, ratio=1.00525255, threshold=1.0, comparison (ratio >= threshold)=True, extracted_bit=0
[2025-06-03 09:48:51,116] I ThreadPoolExecutor-0_1 - extract_single_bit:727 - [BN P:35, R:3] Decision: s1=3.26732941e+02, s2=3.25217133e+02, ratio=1.00466091, threshold=1.0, comparison (ratio >= threshold)=True, extracted_bit=0
[2025-06-03 09:48:51,117] I ThreadPoolExecutor-0_11 - extract_single_bit:727 - [BN P:244, R:1] Decision: s1=2.13363068e+02, s2=2.13372559e+02, ratio=0.99995552, threshold=1.0, comparison (ratio >= threshold)=False, extracted_bit=1
[2025-06-03 09:48:51,118] I ThreadPoolExecutor-0_11 - _extract_batch_worker:900 - [Extractor Worker P:244] Selected 2 rings for extraction: [5, 1]. Extracted bits: [0, 1]
[2025-06-03 09:48:51,150] I ThreadPoolExecutor-0_4 - extract_single_bit:727 - [BN P:97, R:5] Decision: s1=2.97298798e+02, s2=2.98813416e+02, ratio=0.99493123, threshold=1.0, comparison (ratio >= threshold)=False, extracted_bit=1
[2025-06-03 09:48:51,152] I ThreadPoolExecutor-0_4 - _extract_batch_worker:900 - [Extractor Worker P:97] Selected 2 rings for extraction: [1, 5]. Extracted bits: [0, 1]
[2025-06-03 09:48:51,227] I ThreadPoolExecutor-0_9 - extract_single_bit:727 - [BN P:204, R:3] Decision: s1=3.25305511e+02, s2=3.26775085e+02, ratio=0.99550280, threshold=1.0, comparison (ratio >= threshold)=False, extracted_bit=1
[2025-06-03 09:48:51,228] I ThreadPoolExecutor-0_9 - _extract_batch_worker:900 - [Extractor Worker P:204] Selected 2 rings for extraction: [2, 3]. Extracted bits: [0, 1]
[2025-06-03 09:48:51,243] I ThreadPoolExecutor-0_6 - extract_single_bit:727 - [BN P:139, R:1] Decision: s1=2.13369232e+02, s2=2.13399780e+02, ratio=0.99985685, threshold=1.0, comparison (ratio >= threshold)=False, extracted_bit=1
[2025-06-03 09:48:51,246] I ThreadPoolExecutor-0_6 - _extract_batch_worker:900 - [Extractor Worker P:139] Selected 2 rings for extraction: [5, 1]. Extracted bits: [0, 1]
[2025-06-03 09:48:51,325] I ThreadPoolExecutor-0_5 - extract_single_bit:727 - [BN P:118, R:3] Decision: s1=3.26825745e+02, s2=3.25262665e+02, ratio=1.00480559, threshold=1.0, comparison (ratio >= threshold)=True, extracted_bit=0
[2025-06-03 09:48:51,326] I ThreadPoolExecutor-0_5 - _extract_batch_worker:900 - [Extractor Worker P:118] Selected 2 rings for extraction: [1, 3]. Extracted bits: [1, 0]
[2025-06-03 09:48:51,332] I ThreadPoolExecutor-0_2 - extract_single_bit:727 - [BN P:55, R:3] Decision: s1=3.26759613e+02, s2=3.25222748e+02, ratio=1.00472558, threshold=1.0, comparison (ratio >= threshold)=True, extracted_bit=0
[2025-06-03 09:48:51,333] I ThreadPoolExecutor-0_2 - _extract_batch_worker:900 - [Extractor Worker P:55] Selected 2 rings for extraction: [1, 3]. Extracted bits: [0, 0]
[2025-06-03 09:48:51,365] I ThreadPoolExecutor-0_3 - extract_single_bit:727 - [BN P:76, R:7] Decision: s1=1.68260620e+02, s2=1.67134766e+02, ratio=1.00673621, threshold=1.0, comparison (ratio >= threshold)=True, extracted_bit=0
[2025-06-03 09:48:51,367] I ThreadPoolExecutor-0_3 - _extract_batch_worker:900 - [Extractor Worker P:76] Selected 2 rings for extraction: [5, 7]. Extracted bits: [0, 0]
[2025-06-03 09:48:51,375] I ThreadPoolExecutor-0_1 - extract_single_bit:727 - [BN P:35, R:2] Decision: s1=2.76407745e+02, s2=2.76374207e+02, ratio=1.00012135, threshold=1.0, comparison (ratio >= threshold)=True, extracted_bit=0
[2025-06-03 09:48:51,377] I ThreadPoolExecutor-0_1 - _extract_batch_worker:900 - [Extractor Worker P:35] Selected 2 rings for extraction: [3, 2]. Extracted bits: [0, 0]
[2025-06-03 09:48:51,404] I ThreadPoolExecutor-0_12 - extract_single_bit:727 - [BN P:266, R:5] Decision: s1=2.98961639e+02, s2=2.97329529e+02, ratio=1.00548923, threshold=1.0, comparison (ratio >= threshold)=True, extracted_bit=0
[2025-06-03 09:48:51,513] I ThreadPoolExecutor-0_13 - extract_single_bit:727 - [BN P:288, R:5] Decision: s1=2.98944702e+02, s2=2.97406677e+02, ratio=1.00517145, threshold=1.0, comparison (ratio >= threshold)=True, extracted_bit=0
[2025-06-03 09:48:51,532] I ThreadPoolExecutor-0_8 - extract_single_bit:727 - [BN P:182, R:5] Decision: s1=2.98835693e+02, s2=2.97416931e+02, ratio=1.00477028, threshold=1.0, comparison (ratio >= threshold)=True, extracted_bit=0
[2025-06-03 09:48:51,532] I ThreadPoolExecutor-0_0 - extract_single_bit:727 - [BN P:14, R:5] Decision: s1=2.99124786e+02, s2=2.97146667e+02, ratio=1.00665705, threshold=1.0, comparison (ratio >= threshold)=True, extracted_bit=0
[2025-06-03 09:48:51,593] I ThreadPoolExecutor-0_7 - extract_single_bit:727 - [BN P:161, R:1] Decision: s1=2.13337219e+02, s2=2.13352661e+02, ratio=0.99992762, threshold=1.0, comparison (ratio >= threshold)=False, extracted_bit=1
[2025-06-03 09:48:51,649] I ThreadPoolExecutor-0_12 - extract_single_bit:727 - [BN P:266, R:4] Decision: s1=3.07495453e+02, s2=3.05975006e+02, ratio=1.00496919, threshold=1.0, comparison (ratio >= threshold)=True, extracted_bit=0
[2025-06-03 09:48:51,650] I ThreadPoolExecutor-0_12 - _extract_batch_worker:900 - [Extractor Worker P:266] Selected 2 rings for extraction: [5, 4]. Extracted bits: [0, 0]
[2025-06-03 09:48:51,672] I ThreadPoolExecutor-0_10 - extract_single_bit:727 - [BN P:225, R:1] Decision: s1=2.13314102e+02, s2=2.13341217e+02, ratio=0.99987290, threshold=1.0, comparison (ratio >= threshold)=False, extracted_bit=1
[2025-06-03 09:48:51,723] I ThreadPoolExecutor-0_4 - extract_single_bit:727 - [BN P:98, R:5] Decision: s1=2.98850311e+02, s2=2.97232513e+02, ratio=1.00544287, threshold=1.0, comparison (ratio >= threshold)=True, extracted_bit=0
[2025-06-03 09:48:51,771] I ThreadPoolExecutor-0_13 - extract_single_bit:727 - [BN P:288, R:3] Decision: s1=3.25302094e+02, s2=3.26879272e+02, ratio=0.99517504, threshold=1.0, comparison (ratio >= threshold)=False, extracted_bit=1
[2025-06-03 09:48:51,774] I ThreadPoolExecutor-0_13 - _extract_batch_worker:900 - [Extractor Worker P:288] Selected 2 rings for extraction: [5, 3]. Extracted bits: [0, 1]
[2025-06-03 09:48:51,774] I ThreadPoolExecutor-0_11 - extract_single_bit:727 - [BN P:245, R:1] Decision: s1=2.13331879e+02, s2=2.13356033e+02, ratio=0.99988679, threshold=1.0, comparison (ratio >= threshold)=False, extracted_bit=1
[2025-06-03 09:48:51,789] I ThreadPoolExecutor-0_0 - extract_single_bit:727 - [BN P:14, R:7] Decision: s1=1.67246765e+02, s2=1.68343216e+02, ratio=0.99348681, threshold=1.0, comparison (ratio >= threshold)=False, extracted_bit=1
[2025-06-03 09:48:51,789] I ThreadPoolExecutor-0_0 - _extract_batch_worker:900 - [Extractor Worker P:14] Selected 2 rings for extraction: [5, 7]. Extracted bits: [0, 1]
[2025-06-03 09:48:51,789] I ThreadPoolExecutor-0_9 - extract_single_bit:727 - [BN P:205, R:1] Decision: s1=2.13361481e+02, s2=2.13351273e+02, ratio=1.00004785, threshold=1.0, comparison (ratio >= threshold)=True, extracted_bit=0
[2025-06-03 09:48:51,805] I ThreadPoolExecutor-0_8 - extract_single_bit:727 - [BN P:182, R:1] Decision: s1=2.13370468e+02, s2=2.13376129e+02, ratio=0.99997347, threshold=1.0, comparison (ratio >= threshold)=False, extracted_bit=1
[2025-06-03 09:48:51,805] I ThreadPoolExecutor-0_8 - _extract_batch_worker:900 - [Extractor Worker P:182] Selected 2 rings for extraction: [5, 1]. Extracted bits: [0, 1]
[2025-06-03 09:48:51,821] I ThreadPoolExecutor-0_6 - extract_single_bit:727 - [BN P:140, R:3] Decision: s1=3.27049194e+02, s2=3.25370789e+02, ratio=1.00515844, threshold=1.0, comparison (ratio >= threshold)=True, extracted_bit=0
[2025-06-03 09:48:51,865] I ThreadPoolExecutor-0_7 - extract_single_bit:727 - [BN P:161, R:4] Decision: s1=3.06093140e+02, s2=3.07344330e+02, ratio=0.99592903, threshold=1.0, comparison (ratio >= threshold)=False, extracted_bit=1
[2025-06-03 09:48:51,865] I ThreadPoolExecutor-0_7 - _extract_batch_worker:900 - [Extractor Worker P:161] Selected 2 rings for extraction: [1, 4]. Extracted bits: [1, 1]
[2025-06-03 09:48:51,885] I ThreadPoolExecutor-0_5 - extract_single_bit:727 - [BN P:119, R:2] Decision: s1=2.76439087e+02, s2=2.76502838e+02, ratio=0.99976944, threshold=1.0, comparison (ratio >= threshold)=False, extracted_bit=1
[2025-06-03 09:48:51,921] I ThreadPoolExecutor-0_10 - extract_single_bit:727 - [BN P:225, R:2] Decision: s1=2.75251587e+02, s2=2.76586578e+02, ratio=0.99517333, threshold=1.0, comparison (ratio >= threshold)=False, extracted_bit=1
[2025-06-03 09:48:51,921] I ThreadPoolExecutor-0_10 - _extract_batch_worker:900 - [Extractor Worker P:225] Selected 2 rings for extraction: [1, 2]. Extracted bits: [1, 1]
[2025-06-03 09:48:51,968] I ThreadPoolExecutor-0_3 - extract_single_bit:727 - [BN P:77, R:5] Decision: s1=2.98725830e+02, s2=2.97192963e+02, ratio=1.00515782, threshold=1.0, comparison (ratio >= threshold)=True, extracted_bit=0
[2025-06-03 09:48:52,019] I ThreadPoolExecutor-0_4 - extract_single_bit:727 - [BN P:98, R:1] Decision: s1=2.13290634e+02, s2=2.13278580e+02, ratio=1.00005652, threshold=1.0, comparison (ratio >= threshold)=True, extracted_bit=0
[2025-06-03 09:48:52,019] I ThreadPoolExecutor-0_4 - _extract_batch_worker:900 - [Extractor Worker P:98] Selected 2 rings for extraction: [5, 1]. Extracted bits: [0, 0]
[2025-06-03 09:48:52,069] I ThreadPoolExecutor-0_2 - extract_single_bit:727 - [BN P:56, R:1] Decision: s1=2.13070190e+02, s2=2.13074722e+02, ratio=0.99997873, threshold=1.0, comparison (ratio >= threshold)=False, extracted_bit=1
[2025-06-03 09:48:52,077] I ThreadPoolExecutor-0_9 - extract_single_bit:727 - [BN P:205, R:3] Decision: s1=3.26910919e+02, s2=3.25368347e+02, ratio=1.00474100, threshold=1.0, comparison (ratio >= threshold)=True, extracted_bit=0
[2025-06-03 09:48:52,078] I ThreadPoolExecutor-0_9 - _extract_batch_worker:900 - [Extractor Worker P:205] Selected 2 rings for extraction: [1, 3]. Extracted bits: [0, 0]
[2025-06-03 09:48:52,078] I ThreadPoolExecutor-0_1 - extract_single_bit:727 - [BN P:36, R:1] Decision: s1=2.13088654e+02, s2=2.13088959e+02, ratio=0.99999857, threshold=1.0, comparison (ratio >= threshold)=False, extracted_bit=1
[2025-06-03 09:48:52,090] I ThreadPoolExecutor-0_11 - extract_single_bit:727 - [BN P:245, R:3] Decision: s1=3.26781219e+02, s2=3.25306519e+02, ratio=1.00453327, threshold=1.0, comparison (ratio >= threshold)=True, extracted_bit=0
[2025-06-03 09:48:52,090] I ThreadPoolExecutor-0_11 - _extract_batch_worker:900 - [Extractor Worker P:245] Selected 2 rings for extraction: [1, 3]. Extracted bits: [1, 0]
[2025-06-03 09:48:52,110] I ThreadPoolExecutor-0_6 - extract_single_bit:727 - [BN P:140, R:2] Decision: s1=2.76718658e+02, s2=2.76634644e+02, ratio=1.00030370, threshold=1.0, comparison (ratio >= threshold)=True, extracted_bit=0
[2025-06-03 09:48:52,111] I ThreadPoolExecutor-0_6 - _extract_batch_worker:900 - [Extractor Worker P:140] Selected 2 rings for extraction: [3, 2]. Extracted bits: [0, 0]
[2025-06-03 09:48:52,157] I ThreadPoolExecutor-0_5 - extract_single_bit:727 - [BN P:119, R:3] Decision: s1=3.25111542e+02, s2=3.26786774e+02, ratio=0.99487362, threshold=1.0, comparison (ratio >= threshold)=False, extracted_bit=1
[2025-06-03 09:48:52,157] I ThreadPoolExecutor-0_5 - _extract_batch_worker:900 - [Extractor Worker P:119] Selected 2 rings for extraction: [2, 3]. Extracted bits: [1, 1]
[2025-06-03 09:48:52,228] I ThreadPoolExecutor-0_3 - extract_single_bit:727 - [BN P:77, R:4] Decision: s1=3.07390137e+02, s2=3.05697113e+02, ratio=1.00553824, threshold=1.0, comparison (ratio >= threshold)=True, extracted_bit=0
[2025-06-03 09:48:52,229] I ThreadPoolExecutor-0_3 - _extract_batch_worker:900 - [Extractor Worker P:77] Selected 2 rings for extraction: [5, 4]. Extracted bits: [0, 0]
[2025-06-03 09:48:52,327] I ThreadPoolExecutor-0_2 - extract_single_bit:727 - [BN P:56, R:3] Decision: s1=3.26729675e+02, s2=3.25281616e+02, ratio=1.00445171, threshold=1.0, comparison (ratio >= threshold)=True, extracted_bit=0
[2025-06-03 09:48:52,328] I ThreadPoolExecutor-0_2 - _extract_batch_worker:900 - [Extractor Worker P:56] Selected 2 rings for extraction: [1, 3]. Extracted bits: [1, 0]
[2025-06-03 09:48:52,330] I ThreadPoolExecutor-0_12 - extract_single_bit:727 - [BN P:267, R:1] Decision: s1=2.13389954e+02, s2=2.13387863e+02, ratio=1.00000980, threshold=1.0, comparison (ratio >= threshold)=True, extracted_bit=0
[2025-06-03 09:48:52,351] I ThreadPoolExecutor-0_1 - extract_single_bit:727 - [BN P:36, R:5] Decision: s1=2.98827484e+02, s2=2.97294342e+02, ratio=1.00515698, threshold=1.0, comparison (ratio >= threshold)=True, extracted_bit=0
[2025-06-03 09:48:52,352] I ThreadPoolExecutor-0_1 - _extract_batch_worker:900 - [Extractor Worker P:36] Selected 2 rings for extraction: [1, 5]. Extracted bits: [1, 0]
[2025-06-03 09:48:52,366] I ThreadPoolExecutor-0_13 - extract_single_bit:727 - [BN P:289, R:2] Decision: s1=2.75279663e+02, s2=2.76696411e+02, ratio=0.99487977, threshold=1.0, comparison (ratio >= threshold)=False, extracted_bit=1
[2025-06-03 09:48:52,419] I ThreadPoolExecutor-0_0 - extract_single_bit:727 - [BN P:15, R:1] Decision: s1=2.12077698e+02, s2=2.13033020e+02, ratio=0.99551561, threshold=1.0, comparison (ratio >= threshold)=False, extracted_bit=1
[2025-06-03 09:48:52,468] I ThreadPoolExecutor-0_8 - extract_single_bit:727 - [BN P:183, R:5] Decision: s1=2.98777039e+02, s2=2.97256561e+02, ratio=1.00511503, threshold=1.0, comparison (ratio >= threshold)=True, extracted_bit=0
[2025-06-03 09:48:52,497] I ThreadPoolExecutor-0_7 - extract_single_bit:727 - [BN P:162, R:1] Decision: s1=2.13358765e+02, s2=2.13357468e+02, ratio=1.00000608, threshold=1.0, comparison (ratio >= threshold)=True, extracted_bit=0
[2025-06-03 09:48:52,559] I ThreadPoolExecutor-0_10 - extract_single_bit:727 - [BN P:226, R:4] Decision: s1=3.05954620e+02, s2=3.07378204e+02, ratio=0.99536862, threshold=1.0, comparison (ratio >= threshold)=False, extracted_bit=1
[2025-06-03 09:48:52,603] I ThreadPoolExecutor-0_12 - extract_single_bit:727 - [BN P:267, R:4] Decision: s1=3.07351166e+02, s2=3.05936432e+02, ratio=1.00462427, threshold=1.0, comparison (ratio >= threshold)=True, extracted_bit=0
[2025-06-03 09:48:52,604] I ThreadPoolExecutor-0_12 - _extract_batch_worker:900 - [Extractor Worker P:267] Selected 2 rings for extraction: [1, 4]. Extracted bits: [0, 0]
[2025-06-03 09:48:52,644] I ThreadPoolExecutor-0_13 - extract_single_bit:727 - [BN P:289, R:7] Decision: s1=1.67294891e+02, s2=1.68325653e+02, ratio=0.99387638, threshold=1.0, comparison (ratio >= threshold)=False, extracted_bit=1
[2025-06-03 09:48:52,646] I ThreadPoolExecutor-0_13 - _extract_batch_worker:900 - [Extractor Worker P:289] Selected 2 rings for extraction: [2, 7]. Extracted bits: [1, 1]
[2025-06-03 09:48:52,651] I ThreadPoolExecutor-0_4 - extract_single_bit:727 - [BN P:99, R:3] Decision: s1=3.26785767e+02, s2=3.25301300e+02, ratio=1.00456336, threshold=1.0, comparison (ratio >= threshold)=True, extracted_bit=0
[2025-06-03 09:48:52,664] I ThreadPoolExecutor-0_9 - extract_single_bit:727 - [BN P:206, R:2] Decision: s1=2.76537537e+02, s2=2.75267273e+02, ratio=1.00461466, threshold=1.0, comparison (ratio >= threshold)=True, extracted_bit=0
[2025-06-03 09:48:52,717] I ThreadPoolExecutor-0_0 - extract_single_bit:727 - [BN P:15, R:2] Decision: s1=2.76515198e+02, s2=2.75381592e+02, ratio=1.00411649, threshold=1.0, comparison (ratio >= threshold)=True, extracted_bit=0
[2025-06-03 09:48:52,717] I ThreadPoolExecutor-0_0 - _extract_batch_worker:900 - [Extractor Worker P:15] Selected 2 rings for extraction: [1, 2]. Extracted bits: [1, 0]
[2025-06-03 09:48:52,744] I ThreadPoolExecutor-0_6 - extract_single_bit:727 - [BN P:141, R:5] Decision: s1=2.98909088e+02, s2=2.97231506e+02, ratio=1.00564402, threshold=1.0, comparison (ratio >= threshold)=True, extracted_bit=0
[2025-06-03 09:48:52,753] I ThreadPoolExecutor-0_8 - extract_single_bit:727 - [BN P:183, R:1] Decision: s1=2.13380295e+02, s2=2.13365356e+02, ratio=1.00007001, threshold=1.0, comparison (ratio >= threshold)=True, extracted_bit=0
[2025-06-03 09:48:52,756] I ThreadPoolExecutor-0_8 - _extract_batch_worker:900 - [Extractor Worker P:183] Selected 2 rings for extraction: [5, 1]. Extracted bits: [0, 0]
[2025-06-03 09:48:52,807] I ThreadPoolExecutor-0_5 - extract_single_bit:727 - [BN P:120, R:2] Decision: s1=2.76573151e+02, s2=2.75320374e+02, ratio=1.00455025, threshold=1.0, comparison (ratio >= threshold)=True, extracted_bit=0
[2025-06-03 09:48:52,842] I ThreadPoolExecutor-0_7 - extract_single_bit:727 - [BN P:162, R:4] Decision: s1=3.05976074e+02, s2=3.07375885e+02, ratio=0.99544593, threshold=1.0, comparison (ratio >= threshold)=False, extracted_bit=1
[2025-06-03 09:48:52,842] I ThreadPoolExecutor-0_7 - _extract_batch_worker:900 - [Extractor Worker P:162] Selected 2 rings for extraction: [1, 4]. Extracted bits: [0, 1]
[2025-06-03 09:48:52,850] I ThreadPoolExecutor-0_10 - extract_single_bit:727 - [BN P:226, R:7] Decision: s1=1.68276016e+02, s2=1.67294250e+02, ratio=1.00586850, threshold=1.0, comparison (ratio >= threshold)=True, extracted_bit=0
[2025-06-03 09:48:52,851] I ThreadPoolExecutor-0_10 - _extract_batch_worker:900 - [Extractor Worker P:226] Selected 2 rings for extraction: [4, 7]. Extracted bits: [1, 0]
[2025-06-03 09:48:52,859] I ThreadPoolExecutor-0_11 - extract_single_bit:727 - [BN P:246, R:2] Decision: s1=2.76604858e+02, s2=2.76594025e+02, ratio=1.00003917, threshold=1.0, comparison (ratio >= threshold)=True, extracted_bit=0
[2025-06-03 09:48:52,872] I ThreadPoolExecutor-0_3 - extract_single_bit:727 - [BN P:78, R:5] Decision: s1=2.98711731e+02, s2=2.97024445e+02, ratio=1.00568063, threshold=1.0, comparison (ratio >= threshold)=True, extracted_bit=0
[2025-06-03 09:48:52,911] I ThreadPoolExecutor-0_2 - extract_single_bit:727 - [BN P:57, R:1] Decision: s1=2.13074158e+02, s2=2.13074249e+02, ratio=0.99999957, threshold=1.0, comparison (ratio >= threshold)=False, extracted_bit=1
[2025-06-03 09:48:52,942] I ThreadPoolExecutor-0_9 - extract_single_bit:727 - [BN P:206, R:5] Decision: s1=2.97345459e+02, s2=2.98835632e+02, ratio=0.99501340, threshold=1.0, comparison (ratio >= threshold)=False, extracted_bit=1
[2025-06-03 09:48:52,943] I ThreadPoolExecutor-0_9 - _extract_batch_worker:900 - [Extractor Worker P:206] Selected 2 rings for extraction: [2, 5]. Extracted bits: [0, 1]
[2025-06-03 09:48:52,968] I ThreadPoolExecutor-0_1 - extract_single_bit:727 - [BN P:37, R:5] Decision: s1=2.98831116e+02, s2=2.97312653e+02, ratio=1.00510729, threshold=1.0, comparison (ratio >= threshold)=True, extracted_bit=0
[2025-06-03 09:48:52,969] I ThreadPoolExecutor-0_4 - extract_single_bit:727 - [BN P:99, R:2] Decision: s1=2.76410156e+02, s2=2.76428345e+02, ratio=0.99993420, threshold=1.0, comparison (ratio >= threshold)=False, extracted_bit=1
[2025-06-03 09:48:52,971] I ThreadPoolExecutor-0_4 - _extract_batch_worker:900 - [Extractor Worker P:99] Selected 2 rings for extraction: [3, 2]. Extracted bits: [0, 1]
[2025-06-03 09:48:53,022] I ThreadPoolExecutor-0_6 - extract_single_bit:727 - [BN P:141, R:1] Decision: s1=2.13418839e+02, s2=2.13403076e+02, ratio=1.00007386, threshold=1.0, comparison (ratio >= threshold)=True, extracted_bit=0
[2025-06-03 09:48:53,023] I ThreadPoolExecutor-0_6 - _extract_batch_worker:900 - [Extractor Worker P:141] Selected 2 rings for extraction: [5, 1]. Extracted bits: [0, 0]
[2025-06-03 09:48:53,054] I ThreadPoolExecutor-0_5 - extract_single_bit:727 - [BN P:120, R:3] Decision: s1=3.25196289e+02, s2=3.26700867e+02, ratio=0.99539463, threshold=1.0, comparison (ratio >= threshold)=False, extracted_bit=1
[2025-06-03 09:48:53,059] I ThreadPoolExecutor-0_5 - _extract_batch_worker:900 - [Extractor Worker P:120] Selected 2 rings for extraction: [2, 3]. Extracted bits: [0, 1]
[2025-06-03 09:48:53,118] I ThreadPoolExecutor-0_11 - extract_single_bit:727 - [BN P:246, R:4] Decision: s1=3.07433929e+02, s2=3.05934326e+02, ratio=1.00490172, threshold=1.0, comparison (ratio >= threshold)=True, extracted_bit=0
[2025-06-03 09:48:53,123] I ThreadPoolExecutor-0_11 - _extract_batch_worker:900 - [Extractor Worker P:246] Selected 2 rings for extraction: [2, 4]. Extracted bits: [0, 0]
[2025-06-03 09:48:53,158] I ThreadPoolExecutor-0_3 - extract_single_bit:727 - [BN P:78, R:1] Decision: s1=2.13175629e+02, s2=2.13203339e+02, ratio=0.99987003, threshold=1.0, comparison (ratio >= threshold)=False, extracted_bit=1
[2025-06-03 09:48:53,158] I ThreadPoolExecutor-0_3 - _extract_batch_worker:900 - [Extractor Worker P:78] Selected 2 rings for extraction: [5, 1]. Extracted bits: [0, 1]
[2025-06-03 09:48:53,196] I ThreadPoolExecutor-0_2 - extract_single_bit:727 - [BN P:57, R:5] Decision: s1=2.98813995e+02, s2=2.97258484e+02, ratio=1.00523286, threshold=1.0, comparison (ratio >= threshold)=True, extracted_bit=0
[2025-06-03 09:48:53,198] I ThreadPoolExecutor-0_2 - _extract_batch_worker:900 - [Extractor Worker P:57] Selected 2 rings for extraction: [1, 5]. Extracted bits: [1, 0]
[2025-06-03 09:48:53,263] I ThreadPoolExecutor-0_12 - extract_single_bit:727 - [BN P:268, R:3] Decision: s1=3.27026398e+02, s2=3.25268555e+02, ratio=1.00540428, threshold=1.0, comparison (ratio >= threshold)=True, extracted_bit=0
[2025-06-03 09:48:53,269] I ThreadPoolExecutor-0_13 - extract_single_bit:727 - [BN P:290, R:1] Decision: s1=2.13397003e+02, s2=2.13407120e+02, ratio=0.99995259, threshold=1.0, comparison (ratio >= threshold)=False, extracted_bit=1
[2025-06-03 09:48:53,276] I ThreadPoolExecutor-0_1 - extract_single_bit:727 - [BN P:37, R:2] Decision: s1=2.76353912e+02, s2=2.76400208e+02, ratio=0.99983251, threshold=1.0, comparison (ratio >= threshold)=False, extracted_bit=1
[2025-06-03 09:48:53,277] I ThreadPoolExecutor-0_1 - _extract_batch_worker:900 - [Extractor Worker P:37] Selected 2 rings for extraction: [5, 2]. Extracted bits: [0, 1]
[2025-06-03 09:48:53,352] I ThreadPoolExecutor-0_0 - extract_single_bit:727 - [BN P:16, R:1] Decision: s1=2.13102646e+02, s2=2.13097244e+02, ratio=1.00002535, threshold=1.0, comparison (ratio >= threshold)=True, extracted_bit=0
[2025-06-03 09:48:53,388] I ThreadPoolExecutor-0_8 - extract_single_bit:727 - [BN P:184, R:1] Decision: s1=2.13345001e+02, s2=2.13357407e+02, ratio=0.99994186, threshold=1.0, comparison (ratio >= threshold)=False, extracted_bit=1
[2025-06-03 09:48:53,447] I ThreadPoolExecutor-0_7 - extract_single_bit:727 - [BN P:163, R:1] Decision: s1=2.13358765e+02, s2=2.13357239e+02, ratio=1.00000715, threshold=1.0, comparison (ratio >= threshold)=True, extracted_bit=0
[2025-06-03 09:48:53,501] I ThreadPoolExecutor-0_12 - extract_single_bit:727 - [BN P:268, R:1] Decision: s1=2.13392700e+02, s2=2.13402267e+02, ratio=0.99995517, threshold=1.0, comparison (ratio >= threshold)=False, extracted_bit=1
[2025-06-03 09:48:53,502] I ThreadPoolExecutor-0_12 - _extract_batch_worker:900 - [Extractor Worker P:268] Selected 2 rings for extraction: [3, 1]. Extracted bits: [0, 1]
[2025-06-03 09:48:53,508] I ThreadPoolExecutor-0_13 - extract_single_bit:727 - [BN P:290, R:5] Decision: s1=2.97424805e+02, s2=2.98937317e+02, ratio=0.99494037, threshold=1.0, comparison (ratio >= threshold)=False, extracted_bit=1
[2025-06-03 09:48:53,508] I ThreadPoolExecutor-0_13 - _extract_batch_worker:900 - [Extractor Worker P:290] Selected 2 rings for extraction: [1, 5]. Extracted bits: [1, 1]
[2025-06-03 09:48:53,569] I ThreadPoolExecutor-0_9 - extract_single_bit:727 - [BN P:207, R:1] Decision: s1=2.13319214e+02, s2=2.13333649e+02, ratio=0.99993234, threshold=1.0, comparison (ratio >= threshold)=False, extracted_bit=1
[2025-06-03 09:48:53,625] I ThreadPoolExecutor-0_5 - extract_single_bit:727 - [BN P:121, R:1] Decision: s1=2.13317810e+02, s2=2.13311142e+02, ratio=1.00003126, threshold=1.0, comparison (ratio >= threshold)=True, extracted_bit=0
[2025-06-03 09:48:53,631] I ThreadPoolExecutor-0_4 - extract_single_bit:727 - [BN P:100, R:2] Decision: s1=2.75107849e+02, s2=2.76440002e+02, ratio=0.99518104, threshold=1.0, comparison (ratio >= threshold)=False, extracted_bit=1
[2025-06-03 09:48:53,632] I ThreadPoolExecutor-0_0 - extract_single_bit:727 - [BN P:16, R:3] Decision: s1=3.25013184e+02, s2=3.26832458e+02, ratio=0.99443362, threshold=1.0, comparison (ratio >= threshold)=False, extracted_bit=1
[2025-06-03 09:48:53,635] I ThreadPoolExecutor-0_0 - _extract_batch_worker:900 - [Extractor Worker P:16] Selected 2 rings for extraction: [1, 3]. Extracted bits: [0, 1]
[2025-06-03 09:48:53,652] I ThreadPoolExecutor-0_6 - extract_single_bit:727 - [BN P:142, R:2] Decision: s1=2.76736053e+02, s2=2.75509369e+02, ratio=1.00445242, threshold=1.0, comparison (ratio >= threshold)=True, extracted_bit=0
[2025-06-03 09:48:53,667] I ThreadPoolExecutor-0_11 - extract_single_bit:727 - [BN P:247, R:1] Decision: s1=2.13350723e+02, s2=2.13332993e+02, ratio=1.00008311, threshold=1.0, comparison (ratio >= threshold)=True, extracted_bit=0
[2025-06-03 09:48:53,672] I ThreadPoolExecutor-0_8 - extract_single_bit:727 - [BN P:184, R:4] Decision: s1=3.07396484e+02, s2=3.05957062e+02, ratio=1.00470466, threshold=1.0, comparison (ratio >= threshold)=True, extracted_bit=0
[2025-06-03 09:48:53,673] I ThreadPoolExecutor-0_8 - _extract_batch_worker:900 - [Extractor Worker P:184] Selected 2 rings for extraction: [1, 4]. Extracted bits: [1, 0]
[2025-06-03 09:48:53,686] I ThreadPoolExecutor-0_10 - extract_single_bit:727 - [BN P:227, R:1] Decision: s1=2.13372665e+02, s2=2.13361160e+02, ratio=1.00005392, threshold=1.0, comparison (ratio >= threshold)=True, extracted_bit=0
[2025-06-03 09:48:53,751] I ThreadPoolExecutor-0_7 - extract_single_bit:727 - [BN P:163, R:5] Decision: s1=2.97497223e+02, s2=2.98843567e+02, ratio=0.99549482, threshold=1.0, comparison (ratio >= threshold)=False, extracted_bit=1
[2025-06-03 09:48:53,752] I ThreadPoolExecutor-0_7 - _extract_batch_worker:900 - [Extractor Worker P:163] Selected 2 rings for extraction: [1, 5]. Extracted bits: [0, 1]
[2025-06-03 09:48:53,804] I ThreadPoolExecutor-0_3 - extract_single_bit:727 - [BN P:79, R:5] Decision: s1=2.98904541e+02, s2=2.97128113e+02, ratio=1.00597866, threshold=1.0, comparison (ratio >= threshold)=True, extracted_bit=0
[2025-06-03 09:48:53,874] I ThreadPoolExecutor-0_9 - extract_single_bit:727 - [BN P:207, R:2] Decision: s1=2.76605255e+02, s2=2.75356323e+02, ratio=1.00453569, threshold=1.0, comparison (ratio >= threshold)=True, extracted_bit=0
[2025-06-03 09:48:53,875] I ThreadPoolExecutor-0_9 - _extract_batch_worker:900 - [Extractor Worker P:207] Selected 2 rings for extraction: [1, 2]. Extracted bits: [1, 0]
[2025-06-03 09:48:53,909] I ThreadPoolExecutor-0_5 - extract_single_bit:727 - [BN P:121, R:3] Decision: s1=3.26749023e+02, s2=3.25128876e+02, ratio=1.00498309, threshold=1.0, comparison (ratio >= threshold)=True, extracted_bit=0
[2025-06-03 09:48:53,910] I ThreadPoolExecutor-0_5 - _extract_batch_worker:900 - [Extractor Worker P:121] Selected 2 rings for extraction: [1, 3]. Extracted bits: [0, 0]
[2025-06-03 09:48:53,928] I ThreadPoolExecutor-0_2 - extract_single_bit:727 - [BN P:58, R:5] Decision: s1=2.98809631e+02, s2=2.97292816e+02, ratio=1.00510209, threshold=1.0, comparison (ratio >= threshold)=True, extracted_bit=0
[2025-06-03 09:48:53,948] I ThreadPoolExecutor-0_1 - extract_single_bit:727 - [BN P:38, R:3] Decision: s1=3.26785309e+02, s2=3.25215881e+02, ratio=1.00482580, threshold=1.0, comparison (ratio >= threshold)=True, extracted_bit=0
[2025-06-03 09:48:53,955] I ThreadPoolExecutor-0_4 - extract_single_bit:727 - [BN P:100, R:4] Decision: s1=3.05766663e+02, s2=3.07355194e+02, ratio=0.99483161, threshold=1.0, comparison (ratio >= threshold)=False, extracted_bit=1
[2025-06-03 09:48:53,957] I ThreadPoolExecutor-0_4 - _extract_batch_worker:900 - [Extractor Worker P:100] Selected 2 rings for extraction: [2, 4]. Extracted bits: [1, 1]
[2025-06-03 09:48:53,971] I ThreadPoolExecutor-0_6 - extract_single_bit:727 - [BN P:142, R:3] Decision: s1=3.25383331e+02, s2=3.26816376e+02, ratio=0.99561514, threshold=1.0, comparison (ratio >= threshold)=False, extracted_bit=1
[2025-06-03 09:48:53,972] I ThreadPoolExecutor-0_6 - _extract_batch_worker:900 - [Extractor Worker P:142] Selected 2 rings for extraction: [2, 3]. Extracted bits: [0, 1]
[2025-06-03 09:48:53,991] I ThreadPoolExecutor-0_10 - extract_single_bit:727 - [BN P:227, R:2] Decision: s1=2.76643158e+02, s2=2.75412170e+02, ratio=1.00446962, threshold=1.0, comparison (ratio >= threshold)=True, extracted_bit=0
[2025-06-03 09:48:53,993] I ThreadPoolExecutor-0_10 - _extract_batch_worker:900 - [Extractor Worker P:227] Selected 2 rings for extraction: [1, 2]. Extracted bits: [0, 0]
[2025-06-03 09:48:54,000] I ThreadPoolExecutor-0_11 - extract_single_bit:727 - [BN P:247, R:4] Decision: s1=3.07354645e+02, s2=3.05905670e+02, ratio=1.00473667, threshold=1.0, comparison (ratio >= threshold)=True, extracted_bit=0
[2025-06-03 09:48:54,002] I ThreadPoolExecutor-0_11 - _extract_batch_worker:900 - [Extractor Worker P:247] Selected 2 rings for extraction: [1, 4]. Extracted bits: [0, 0]
[2025-06-03 09:48:54,093] I ThreadPoolExecutor-0_3 - extract_single_bit:727 - [BN P:79, R:1] Decision: s1=2.13207870e+02, s2=2.13243164e+02, ratio=0.99983449, threshold=1.0, comparison (ratio >= threshold)=False, extracted_bit=1
[2025-06-03 09:48:54,095] I ThreadPoolExecutor-0_3 - _extract_batch_worker:900 - [Extractor Worker P:79] Selected 2 rings for extraction: [5, 1]. Extracted bits: [0, 1]
[2025-06-03 09:48:54,147] I ThreadPoolExecutor-0_12 - extract_single_bit:727 - [BN P:269, R:5] Decision: s1=2.99000275e+02, s2=2.97347443e+02, ratio=1.00555859, threshold=1.0, comparison (ratio >= threshold)=True, extracted_bit=0
[2025-06-03 09:48:54,186] I ThreadPoolExecutor-0_13 - extract_single_bit:727 - [BN P:291, R:1] Decision: s1=2.13407593e+02, s2=2.13410049e+02, ratio=0.99998849, threshold=1.0, comparison (ratio >= threshold)=False, extracted_bit=1
[2025-06-03 09:48:54,198] I ThreadPoolExecutor-0_2 - extract_single_bit:727 - [BN P:58, R:7] Decision: s1=1.68241928e+02, s2=1.67117432e+02, ratio=1.00672878, threshold=1.0, comparison (ratio >= threshold)=True, extracted_bit=0
[2025-06-03 09:48:54,202] I ThreadPoolExecutor-0_2 - _extract_batch_worker:900 - [Extractor Worker P:58] Selected 2 rings for extraction: [5, 7]. Extracted bits: [0, 0]
[2025-06-03 09:48:54,222] I ThreadPoolExecutor-0_1 - extract_single_bit:727 - [BN P:38, R:4] Decision: s1=3.07318115e+02, s2=3.05749847e+02, ratio=1.00512925, threshold=1.0, comparison (ratio >= threshold)=True, extracted_bit=0
[2025-06-03 09:48:54,223] I ThreadPoolExecutor-0_1 - _extract_batch_worker:900 - [Extractor Worker P:38] Selected 2 rings for extraction: [3, 4]. Extracted bits: [0, 0]
[2025-06-03 09:48:54,271] I ThreadPoolExecutor-0_0 - extract_single_bit:727 - [BN P:17, R:2] Decision: s1=2.76503174e+02, s2=2.75071136e+02, ratio=1.00520606, threshold=1.0, comparison (ratio >= threshold)=True, extracted_bit=0
[2025-06-03 09:48:54,307] I ThreadPoolExecutor-0_8 - extract_single_bit:727 - [BN P:185, R:2] Decision: s1=2.76594971e+02, s2=2.75382050e+02, ratio=1.00440450, threshold=1.0, comparison (ratio >= threshold)=True, extracted_bit=0
[2025-06-03 09:48:54,351] I ThreadPoolExecutor-0_7 - extract_single_bit:727 - [BN P:164, R:1] Decision: s1=2.13358658e+02, s2=2.13365295e+02, ratio=0.99996889, threshold=1.0, comparison (ratio >= threshold)=False, extracted_bit=1
[2025-06-03 09:48:54,401] I ThreadPoolExecutor-0_12 - extract_single_bit:727 - [BN P:269, R:1] Decision: s1=2.13403534e+02, s2=2.13394409e+02, ratio=1.00004276, threshold=1.0, comparison (ratio >= threshold)=True, extracted_bit=0
[2025-06-03 09:48:54,401] I ThreadPoolExecutor-0_12 - _extract_batch_worker:900 - [Extractor Worker P:269] Selected 2 rings for extraction: [5, 1]. Extracted bits: [0, 0]
[2025-06-03 09:48:54,415] I ThreadPoolExecutor-0_13 - extract_single_bit:727 - [BN P:291, R:4] Decision: s1=3.07505341e+02, s2=3.06037354e+02, ratio=1.00479676, threshold=1.0, comparison (ratio >= threshold)=True, extracted_bit=0
[2025-06-03 09:48:54,416] I ThreadPoolExecutor-0_13 - _extract_batch_worker:900 - [Extractor Worker P:291] Selected 2 rings for extraction: [1, 4]. Extracted bits: [1, 0]
[2025-06-03 09:48:54,474] I ThreadPoolExecutor-0_9 - extract_single_bit:727 - [BN P:208, R:1] Decision: s1=2.13342972e+02, s2=2.13337402e+02, ratio=1.00002611, threshold=1.0, comparison (ratio >= threshold)=True, extracted_bit=0
[2025-06-03 09:48:54,509] I ThreadPoolExecutor-0_0 - extract_single_bit:727 - [BN P:17, R:7] Decision: s1=1.68362152e+02, s2=1.67094589e+02, ratio=1.00758590, threshold=1.0, comparison (ratio >= threshold)=True, extracted_bit=0
[2025-06-03 09:48:54,510] I ThreadPoolExecutor-0_0 - _extract_batch_worker:900 - [Extractor Worker P:17] Selected 2 rings for extraction: [2, 7]. Extracted bits: [0, 0]
[2025-06-03 09:48:54,526] I ThreadPoolExecutor-0_5 - extract_single_bit:727 - [BN P:122, R:2] Decision: s1=2.76513977e+02, s2=2.76449310e+02, ratio=1.00023392, threshold=1.0, comparison (ratio >= threshold)=True, extracted_bit=0
[2025-06-03 09:48:54,573] I ThreadPoolExecutor-0_4 - extract_single_bit:727 - [BN P:101, R:5] Decision: s1=2.97288513e+02, s2=2.98828918e+02, ratio=0.99484519, threshold=1.0, comparison (ratio >= threshold)=False, extracted_bit=1
[2025-06-03 09:48:54,575] I ThreadPoolExecutor-0_8 - extract_single_bit:727 - [BN P:185, R:3] Decision: s1=3.25354614e+02, s2=3.26785370e+02, ratio=0.99562173, threshold=1.0, comparison (ratio >= threshold)=False, extracted_bit=1
[2025-06-03 09:48:54,576] I ThreadPoolExecutor-0_8 - _extract_batch_worker:900 - [Extractor Worker P:185] Selected 2 rings for extraction: [2, 3]. Extracted bits: [0, 1]
[2025-06-03 09:48:54,584] I ThreadPoolExecutor-0_10 - extract_single_bit:727 - [BN P:228, R:1] Decision: s1=2.13350266e+02, s2=2.13373596e+02, ratio=0.99989066, threshold=1.0, comparison (ratio >= threshold)=False, extracted_bit=1
[2025-06-03 09:48:54,618] I ThreadPoolExecutor-0_7 - extract_single_bit:727 - [BN P:164, R:5] Decision: s1=2.97480377e+02, s2=2.98811615e+02, ratio=0.99554489, threshold=1.0, comparison (ratio >= threshold)=False, extracted_bit=1
[2025-06-03 09:48:54,618] I ThreadPoolExecutor-0_7 - _extract_batch_worker:900 - [Extractor Worker P:164] Selected 2 rings for extraction: [1, 5]. Extracted bits: [1, 1]
[2025-06-03 09:48:54,632] I ThreadPoolExecutor-0_6 - extract_single_bit:727 - [BN P:143, R:1] Decision: s1=2.13355026e+02, s2=2.13331772e+02, ratio=1.00010901, threshold=1.0, comparison (ratio >= threshold)=True, extracted_bit=0
[2025-06-03 09:48:54,685] I ThreadPoolExecutor-0_11 - extract_single_bit:727 - [BN P:248, R:1] Decision: s1=2.13352631e+02, s2=2.13360641e+02, ratio=0.99996245, threshold=1.0, comparison (ratio >= threshold)=False, extracted_bit=1
[2025-06-03 09:48:54,700] I ThreadPoolExecutor-0_3 - extract_single_bit:727 - [BN P:80, R:5] Decision: s1=2.98887512e+02, s2=2.97210052e+02, ratio=1.00564402, threshold=1.0, comparison (ratio >= threshold)=True, extracted_bit=0
[2025-06-03 09:48:54,743] I ThreadPoolExecutor-0_9 - extract_single_bit:727 - [BN P:208, R:2] Decision: s1=2.76535828e+02, s2=2.75308777e+02, ratio=1.00445700, threshold=1.0, comparison (ratio >= threshold)=True, extracted_bit=0
[2025-06-03 09:48:54,744] I ThreadPoolExecutor-0_9 - _extract_batch_worker:900 - [Extractor Worker P:208] Selected 2 rings for extraction: [1, 2]. Extracted bits: [0, 0]
[2025-06-03 09:48:54,793] I ThreadPoolExecutor-0_5 - extract_single_bit:727 - [BN P:122, R:5] Decision: s1=2.97416016e+02, s2=2.98836487e+02, ratio=0.99524666, threshold=1.0, comparison (ratio >= threshold)=False, extracted_bit=1
[2025-06-03 09:48:54,794] I ThreadPoolExecutor-0_5 - _extract_batch_worker:900 - [Extractor Worker P:122] Selected 2 rings for extraction: [2, 5]. Extracted bits: [0, 1]
[2025-06-03 09:48:54,806] I ThreadPoolExecutor-0_2 - extract_single_bit:727 - [BN P:59, R:2] Decision: s1=2.76485077e+02, s2=2.75129730e+02, ratio=1.00492621, threshold=1.0, comparison (ratio >= threshold)=True, extracted_bit=0
[2025-06-03 09:48:54,852] I ThreadPoolExecutor-0_4 - extract_single_bit:727 - [BN P:101, R:3] Decision: s1=3.25283356e+02, s2=3.26743408e+02, ratio=0.99553150, threshold=1.0, comparison (ratio >= threshold)=False, extracted_bit=1
[2025-06-03 09:48:54,852] I ThreadPoolExecutor-0_4 - _extract_batch_worker:900 - [Extractor Worker P:101] Selected 2 rings for extraction: [5, 3]. Extracted bits: [1, 1]
[2025-06-03 09:48:54,869] I ThreadPoolExecutor-0_10 - extract_single_bit:727 - [BN P:228, R:4] Decision: s1=3.05952087e+02, s2=3.07372681e+02, ratio=0.99537827, threshold=1.0, comparison (ratio >= threshold)=False, extracted_bit=1
[2025-06-03 09:48:54,869] I ThreadPoolExecutor-0_10 - _extract_batch_worker:900 - [Extractor Worker P:228] Selected 2 rings for extraction: [1, 4]. Extracted bits: [1, 1]
[2025-06-03 09:48:54,910] I ThreadPoolExecutor-0_6 - extract_single_bit:727 - [BN P:143, R:2] Decision: s1=2.76375214e+02, s2=2.75078186e+02, ratio=1.00471512, threshold=1.0, comparison (ratio >= threshold)=True, extracted_bit=0
[2025-06-03 09:48:54,912] I ThreadPoolExecutor-0_6 - _extract_batch_worker:900 - [Extractor Worker P:143] Selected 2 rings for extraction: [1, 2]. Extracted bits: [0, 0]
[2025-06-03 09:48:54,927] I ThreadPoolExecutor-0_11 - extract_single_bit:727 - [BN P:248, R:2] Decision: s1=2.76604767e+02, s2=2.75627777e+02, ratio=1.00354460, threshold=1.0, comparison (ratio >= threshold)=True, extracted_bit=0
[2025-06-03 09:48:54,929] I ThreadPoolExecutor-0_11 - _extract_batch_worker:900 - [Extractor Worker P:248] Selected 2 rings for extraction: [1, 2]. Extracted bits: [1, 0]
[2025-06-03 09:48:54,967] I ThreadPoolExecutor-0_3 - extract_single_bit:727 - [BN P:80, R:2] Decision: s1=2.76463562e+02, s2=2.76473816e+02, ratio=0.99996291, threshold=1.0, comparison (ratio >= threshold)=False, extracted_bit=1
[2025-06-03 09:48:54,968] I ThreadPoolExecutor-0_3 - _extract_batch_worker:900 - [Extractor Worker P:80] Selected 2 rings for extraction: [5, 2]. Extracted bits: [0, 1]
[2025-06-03 09:48:54,973] I ThreadPoolExecutor-0_12 - extract_single_bit:727 - [BN P:270, R:1] Decision: s1=2.13422424e+02, s2=2.12032440e+02, ratio=1.00655553, threshold=1.0, comparison (ratio >= threshold)=True, extracted_bit=0
[2025-06-03 09:48:54,979] I ThreadPoolExecutor-0_1 - extract_single_bit:727 - [BN P:39, R:5] Decision: s1=2.98821259e+02, s2=2.97224823e+02, ratio=1.00537114, threshold=1.0, comparison (ratio >= threshold)=True, extracted_bit=0
[2025-06-03 09:48:55,047] I ThreadPoolExecutor-0_2 - extract_single_bit:727 - [BN P:59, R:4] Decision: s1=3.07406311e+02, s2=3.05679565e+02, ratio=1.00564887, threshold=1.0, comparison (ratio >= threshold)=True, extracted_bit=0
[2025-06-03 09:48:55,048] I ThreadPoolExecutor-0_2 - _extract_batch_worker:900 - [Extractor Worker P:59] Selected 2 rings for extraction: [2, 4]. Extracted bits: [0, 0]
[2025-06-03 09:48:55,051] I ThreadPoolExecutor-0_13 - extract_single_bit:727 - [BN P:292, R:1] Decision: s1=2.13373871e+02, s2=2.13395477e+02, ratio=0.99989875, threshold=1.0, comparison (ratio >= threshold)=False, extracted_bit=1
[2025-06-03 09:48:55,053] I ThreadPoolExecutor-0_0 - extract_single_bit:727 - [BN P:18, R:1] Decision: s1=2.13231689e+02, s2=2.13251190e+02, ratio=0.99990856, threshold=1.0, comparison (ratio >= threshold)=False, extracted_bit=1
[2025-06-03 09:48:55,141] I ThreadPoolExecutor-0_8 - extract_single_bit:727 - [BN P:186, R:1] Decision: s1=2.13326416e+02, s2=2.13347321e+02, ratio=0.99990202, threshold=1.0, comparison (ratio >= threshold)=False, extracted_bit=1
[2025-06-03 09:48:55,223] I ThreadPoolExecutor-0_7 - extract_single_bit:727 - [BN P:165, R:5] Decision: s1=2.98818420e+02, s2=2.97390289e+02, ratio=1.00480221, threshold=1.0, comparison (ratio >= threshold)=True, extracted_bit=0
[2025-06-03 09:48:55,234] I ThreadPoolExecutor-0_12 - extract_single_bit:727 - [BN P:270, R:3] Decision: s1=3.25189728e+02, s2=3.26670654e+02, ratio=0.99546661, threshold=1.0, comparison (ratio >= threshold)=False, extracted_bit=1
[2025-06-03 09:48:55,237] I ThreadPoolExecutor-0_12 - _extract_batch_worker:900 - [Extractor Worker P:270] Selected 2 rings for extraction: [1, 3]. Extracted bits: [0, 1]
[2025-06-03 09:48:55,252] I ThreadPoolExecutor-0_1 - extract_single_bit:727 - [BN P:39, R:4] Decision: s1=3.07356689e+02, s2=3.05669678e+02, ratio=1.00551907, threshold=1.0, comparison (ratio >= threshold)=True, extracted_bit=0
[2025-06-03 09:48:55,254] I ThreadPoolExecutor-0_1 - _extract_batch_worker:900 - [Extractor Worker P:39] Selected 2 rings for extraction: [5, 4]. Extracted bits: [0, 0]
[2025-06-03 09:48:55,307] I ThreadPoolExecutor-0_13 - extract_single_bit:727 - [BN P:292, R:2] Decision: s1=2.75380920e+02, s2=2.76605286e+02, ratio=0.99557360, threshold=1.0, comparison (ratio >= threshold)=False, extracted_bit=1
[2025-06-03 09:48:55,308] I ThreadPoolExecutor-0_13 - _extract_batch_worker:900 - [Extractor Worker P:292] Selected 2 rings for extraction: [1, 2]. Extracted bits: [1, 1]
[2025-06-03 09:48:55,320] I ThreadPoolExecutor-0_0 - extract_single_bit:727 - [BN P:18, R:5] Decision: s1=2.97230682e+02, s2=2.98837799e+02, ratio=0.99462211, threshold=1.0, comparison (ratio >= threshold)=False, extracted_bit=1
[2025-06-03 09:48:55,322] I ThreadPoolExecutor-0_0 - _extract_batch_worker:900 - [Extractor Worker P:18] Selected 2 rings for extraction: [1, 5]. Extracted bits: [1, 1]
[2025-06-03 09:48:55,322] I ThreadPoolExecutor-0_9 - extract_single_bit:727 - [BN P:209, R:5] Decision: s1=2.98862244e+02, s2=2.97351105e+02, ratio=1.00508200, threshold=1.0, comparison (ratio >= threshold)=True, extracted_bit=0
[2025-06-03 09:48:55,369] I ThreadPoolExecutor-0_5 - extract_single_bit:727 - [BN P:123, R:5] Decision: s1=2.98870789e+02, s2=2.97396790e+02, ratio=1.00495634, threshold=1.0, comparison (ratio >= threshold)=True, extracted_bit=0
[2025-06-03 09:48:55,404] I ThreadPoolExecutor-0_8 - extract_single_bit:727 - [BN P:186, R:3] Decision: s1=3.25347473e+02, s2=3.26855042e+02, ratio=0.99538765, threshold=1.0, comparison (ratio >= threshold)=False, extracted_bit=1
[2025-06-03 09:48:55,405] I ThreadPoolExecutor-0_8 - _extract_batch_worker:900 - [Extractor Worker P:186] Selected 2 rings for extraction: [1, 3]. Extracted bits: [1, 1]
[2025-06-03 09:48:55,431] I ThreadPoolExecutor-0_4 - extract_single_bit:727 - [BN P:102, R:5] Decision: s1=2.97350830e+02, s2=2.98833649e+02, ratio=0.99503798, threshold=1.0, comparison (ratio >= threshold)=False, extracted_bit=1
[2025-06-03 09:48:55,446] I ThreadPoolExecutor-0_7 - extract_single_bit:727 - [BN P:165, R:1] Decision: s1=2.13365540e+02, s2=2.13367111e+02, ratio=0.99999263, threshold=1.0, comparison (ratio >= threshold)=False, extracted_bit=1
[2025-06-03 09:48:55,449] I ThreadPoolExecutor-0_7 - _extract_batch_worker:900 - [Extractor Worker P:165] Selected 2 rings for extraction: [5, 1]. Extracted bits: [0, 1]
[2025-06-03 09:48:55,508] I ThreadPoolExecutor-0_6 - extract_single_bit:727 - [BN P:144, R:1] Decision: s1=2.13351151e+02, s2=2.13384537e+02, ratio=0.99984354, threshold=1.0, comparison (ratio >= threshold)=False, extracted_bit=1
[2025-06-03 09:48:55,556] I ThreadPoolExecutor-0_3 - extract_single_bit:727 - [BN P:81, R:2] Decision: s1=2.76522095e+02, s2=2.75201813e+02, ratio=1.00479750, threshold=1.0, comparison (ratio >= threshold)=True, extracted_bit=0
[2025-06-03 09:48:55,581] I ThreadPoolExecutor-0_9 - extract_single_bit:727 - [BN P:209, R:2] Decision: s1=2.76538055e+02, s2=2.76538605e+02, ratio=0.99999801, threshold=1.0, comparison (ratio >= threshold)=False, extracted_bit=1
[2025-06-03 09:48:55,582] I ThreadPoolExecutor-0_9 - _extract_batch_worker:900 - [Extractor Worker P:209] Selected 2 rings for extraction: [5, 2]. Extracted bits: [0, 1]
[2025-06-03 09:48:55,632] I ThreadPoolExecutor-0_11 - extract_single_bit:727 - [BN P:249, R:2] Decision: s1=2.76555634e+02, s2=2.75315765e+02, ratio=1.00450344, threshold=1.0, comparison (ratio >= threshold)=True, extracted_bit=0
[2025-06-03 09:48:55,636] I ThreadPoolExecutor-0_5 - extract_single_bit:727 - [BN P:123, R:1] Decision: s1=2.13318710e+02, s2=2.13318329e+02, ratio=1.00000179, threshold=1.0, comparison (ratio >= threshold)=True, extracted_bit=0
[2025-06-03 09:48:55,636] I ThreadPoolExecutor-0_5 - _extract_batch_worker:900 - [Extractor Worker P:123] Selected 2 rings for extraction: [5, 1]. Extracted bits: [0, 0]
[2025-06-03 09:48:55,657] I ThreadPoolExecutor-0_2 - extract_single_bit:727 - [BN P:60, R:3] Decision: s1=3.26807343e+02, s2=3.25246826e+02, ratio=1.00479794, threshold=1.0, comparison (ratio >= threshold)=True, extracted_bit=0
[2025-06-03 09:48:55,700] I ThreadPoolExecutor-0_10 - extract_single_bit:727 - [BN P:229, R:5] Decision: s1=2.98885376e+02, s2=2.97369141e+02, ratio=1.00509883, threshold=1.0, comparison (ratio >= threshold)=True, extracted_bit=0
[2025-06-03 09:48:55,717] I ThreadPoolExecutor-0_4 - extract_single_bit:727 - [BN P:102, R:4] Decision: s1=3.07215271e+02, s2=3.07260956e+02, ratio=0.99985132, threshold=1.0, comparison (ratio >= threshold)=False, extracted_bit=1
[2025-06-03 09:48:55,717] I ThreadPoolExecutor-0_4 - _extract_batch_worker:900 - [Extractor Worker P:102] Selected 2 rings for extraction: [5, 4]. Extracted bits: [1, 1]
[2025-06-03 09:48:55,776] I ThreadPoolExecutor-0_6 - extract_single_bit:727 - [BN P:144, R:5] Decision: s1=2.97035156e+02, s2=2.98870178e+02, ratio=0.99386014, threshold=1.0, comparison (ratio >= threshold)=False, extracted_bit=1
[2025-06-03 09:48:55,777] I ThreadPoolExecutor-0_6 - _extract_batch_worker:900 - [Extractor Worker P:144] Selected 2 rings for extraction: [1, 5]. Extracted bits: [1, 1]
[2025-06-03 09:48:55,803] I ThreadPoolExecutor-0_3 - extract_single_bit:727 - [BN P:81, R:4] Decision: s1=3.07376984e+02, s2=3.05792786e+02, ratio=1.00518063, threshold=1.0, comparison (ratio >= threshold)=True, extracted_bit=0
[2025-06-03 09:48:55,804] I ThreadPoolExecutor-0_3 - _extract_batch_worker:900 - [Extractor Worker P:81] Selected 2 rings for extraction: [2, 4]. Extracted bits: [0, 0]
[2025-06-03 09:48:55,841] I ThreadPoolExecutor-0_12 - extract_single_bit:727 - [BN P:271, R:1] Decision: s1=2.13180038e+02, s2=2.13352631e+02, ratio=0.99919105, threshold=1.0, comparison (ratio >= threshold)=False, extracted_bit=1
[2025-06-03 09:48:55,907] I ThreadPoolExecutor-0_11 - extract_single_bit:727 - [BN P:249, R:4] Decision: s1=3.05936371e+02, s2=3.07350708e+02, ratio=0.99539830, threshold=1.0, comparison (ratio >= threshold)=False, extracted_bit=1
[2025-06-03 09:48:55,907] I ThreadPoolExecutor-0_11 - _extract_batch_worker:900 - [Extractor Worker P:249] Selected 2 rings for extraction: [2, 4]. Extracted bits: [0, 1]
[2025-06-03 09:48:55,922] I ThreadPoolExecutor-0_13 - extract_single_bit:727 - [BN P:293, R:2] Decision: s1=2.76689941e+02, s2=2.75444885e+02, ratio=1.00452016, threshold=1.0, comparison (ratio >= threshold)=True, extracted_bit=0
[2025-06-03 09:48:55,939] I ThreadPoolExecutor-0_2 - extract_single_bit:727 - [BN P:60, R:2] Decision: s1=2.76407013e+02, s2=2.75223694e+02, ratio=1.00429948, threshold=1.0, comparison (ratio >= threshold)=True, extracted_bit=0
[2025-06-03 09:48:55,939] I ThreadPoolExecutor-0_2 - _extract_batch_worker:900 - [Extractor Worker P:60] Selected 2 rings for extraction: [3, 2]. Extracted bits: [0, 0]
[2025-06-03 09:48:55,978] I ThreadPoolExecutor-0_1 - extract_single_bit:727 - [BN P:40, R:3] Decision: s1=3.26755127e+02, s2=3.25212982e+02, ratio=1.00474195, threshold=1.0, comparison (ratio >= threshold)=True, extracted_bit=0
[2025-06-03 09:48:55,991] I ThreadPoolExecutor-0_10 - extract_single_bit:727 - [BN P:229, R:1] Decision: s1=2.13364960e+02, s2=2.13353088e+02, ratio=1.00005564, threshold=1.0, comparison (ratio >= threshold)=True, extracted_bit=0
[2025-06-03 09:48:55,991] I ThreadPoolExecutor-0_10 - _extract_batch_worker:900 - [Extractor Worker P:229] Selected 2 rings for extraction: [5, 1]. Extracted bits: [0, 0]
[2025-06-03 09:48:56,021] I ThreadPoolExecutor-0_8 - extract_single_bit:727 - [BN P:187, R:5] Decision: s1=2.98877258e+02, s2=2.97337799e+02, ratio=1.00517748, threshold=1.0, comparison (ratio >= threshold)=True, extracted_bit=0
[2025-06-03 09:48:56,076] I ThreadPoolExecutor-0_0 - extract_single_bit:727 - [BN P:19, R:1] Decision: s1=2.13210083e+02, s2=2.13226196e+02, ratio=0.99992443, threshold=1.0, comparison (ratio >= threshold)=False, extracted_bit=1
[2025-06-03 09:48:56,122] I ThreadPoolExecutor-0_12 - extract_single_bit:727 - [BN P:271, R:4] Decision: s1=3.05664490e+02, s2=3.07506927e+02, ratio=0.99400847, threshold=1.0, comparison (ratio >= threshold)=False, extracted_bit=1
[2025-06-03 09:48:56,122] I ThreadPoolExecutor-0_12 - _extract_batch_worker:900 - [Extractor Worker P:271] Selected 2 rings for extraction: [1, 4]. Extracted bits: [1, 1]
[2025-06-03 09:48:56,147] I ThreadPoolExecutor-0_7 - extract_single_bit:727 - [BN P:166, R:3] Decision: s1=3.26863220e+02, s2=3.26813568e+02, ratio=1.00015193, threshold=1.0, comparison (ratio >= threshold)=True, extracted_bit=0
[2025-06-03 09:48:56,189] I ThreadPoolExecutor-0_13 - extract_single_bit:727 - [BN P:293, R:7] Decision: s1=1.67325790e+02, s2=1.68371582e+02, ratio=0.99378879, threshold=1.0, comparison (ratio >= threshold)=False, extracted_bit=1
[2025-06-03 09:48:56,189] I ThreadPoolExecutor-0_13 - _extract_batch_worker:900 - [Extractor Worker P:293] Selected 2 rings for extraction: [2, 7]. Extracted bits: [0, 1]
[2025-06-03 09:48:56,200] I ThreadPoolExecutor-0_9 - extract_single_bit:727 - [BN P:294, R:1] Decision: s1=2.13376343e+02, s2=2.13390991e+02, ratio=0.99993135, threshold=1.0, comparison (ratio >= threshold)=False, extracted_bit=1
[2025-06-03 09:48:56,201] I ThreadPoolExecutor-0_5 - extract_single_bit:727 - [BN P:124, R:1] Decision: s1=2.13302765e+02, s2=2.13315384e+02, ratio=0.99994084, threshold=1.0, comparison (ratio >= threshold)=False, extracted_bit=1
[2025-06-03 09:48:56,253] I ThreadPoolExecutor-0_1 - extract_single_bit:727 - [BN P:40, R:4] Decision: s1=3.07324646e+02, s2=3.05746643e+02, ratio=1.00516115, threshold=1.0, comparison (ratio >= threshold)=True, extracted_bit=0
[2025-06-03 09:48:56,253] I ThreadPoolExecutor-0_1 - _extract_batch_worker:900 - [Extractor Worker P:40] Selected 2 rings for extraction: [3, 4]. Extracted bits: [0, 0]
[2025-06-03 09:48:56,294] I ThreadPoolExecutor-0_8 - extract_single_bit:727 - [BN P:187, R:1] Decision: s1=2.13353180e+02, s2=2.13344864e+02, ratio=1.00003898, threshold=1.0, comparison (ratio >= threshold)=True, extracted_bit=0
[2025-06-03 09:48:56,294] I ThreadPoolExecutor-0_8 - _extract_batch_worker:900 - [Extractor Worker P:187] Selected 2 rings for extraction: [5, 1]. Extracted bits: [0, 0]
[2025-06-03 09:48:56,304] I ThreadPoolExecutor-0_4 - extract_single_bit:727 - [BN P:103, R:1] Decision: s1=2.13270111e+02, s2=2.13263809e+02, ratio=1.00002955, threshold=1.0, comparison (ratio >= threshold)=True, extracted_bit=0
[2025-06-03 09:48:56,363] I ThreadPoolExecutor-0_6 - extract_single_bit:727 - [BN P:145, R:5] Decision: s1=2.98934540e+02, s2=2.97185486e+02, ratio=1.00588539, threshold=1.0, comparison (ratio >= threshold)=True, extracted_bit=0
[2025-06-03 09:48:56,373] I ThreadPoolExecutor-0_0 - extract_single_bit:727 - [BN P:19, R:2] Decision: s1=2.75084503e+02, s2=2.76383972e+02, ratio=0.99529832, threshold=1.0, comparison (ratio >= threshold)=False, extracted_bit=1
[2025-06-03 09:48:56,373] I ThreadPoolExecutor-0_0 - _extract_batch_worker:900 - [Extractor Worker P:19] Selected 2 rings for extraction: [1, 2]. Extracted bits: [1, 1]
[2025-06-03 09:48:56,404] I ThreadPoolExecutor-0_3 - extract_single_bit:727 - [BN P:82, R:1] Decision: s1=2.13288132e+02, s2=2.12092087e+02, ratio=1.00563927, threshold=1.0, comparison (ratio >= threshold)=True, extracted_bit=0
[2025-06-03 09:48:56,415] I ThreadPoolExecutor-0_7 - extract_single_bit:727 - [BN P:166, R:5] Decision: s1=2.97402863e+02, s2=2.98783325e+02, ratio=0.99537972, threshold=1.0, comparison (ratio >= threshold)=False, extracted_bit=1
[2025-06-03 09:48:56,418] I ThreadPoolExecutor-0_7 - _extract_batch_worker:900 - [Extractor Worker P:166] Selected 2 rings for extraction: [3, 5]. Extracted bits: [0, 1]
[2025-06-03 09:48:56,477] I ThreadPoolExecutor-0_9 - extract_single_bit:727 - [BN P:294, R:2] Decision: s1=2.76514099e+02, s2=2.76523560e+02, ratio=0.99996579, threshold=1.0, comparison (ratio >= threshold)=False, extracted_bit=1
[2025-06-03 09:48:56,478] I ThreadPoolExecutor-0_9 - _extract_batch_worker:900 - [Extractor Worker P:294] Selected 2 rings for extraction: [1, 2]. Extracted bits: [1, 1]
[2025-06-03 09:48:56,487] I ThreadPoolExecutor-0_5 - extract_single_bit:727 - [BN P:124, R:4] Decision: s1=3.05875244e+02, s2=3.07347046e+02, ratio=0.99521127, threshold=1.0, comparison (ratio >= threshold)=False, extracted_bit=1
[2025-06-03 09:48:56,488] I ThreadPoolExecutor-0_5 - _extract_batch_worker:900 - [Extractor Worker P:124] Selected 2 rings for extraction: [1, 4]. Extracted bits: [1, 1]
[2025-06-03 09:48:56,495] I ThreadPoolExecutor-0_11 - extract_single_bit:727 - [BN P:250, R:5] Decision: s1=2.96948090e+02, s2=2.97717499e+02, ratio=0.99741564, threshold=1.0, comparison (ratio >= threshold)=False, extracted_bit=1
[2025-06-03 09:48:56,496] I ThreadPoolExecutor-0_2 - extract_single_bit:727 - [BN P:61, R:1] Decision: s1=2.13099930e+02, s2=2.13086227e+02, ratio=1.00006430, threshold=1.0, comparison (ratio >= threshold)=True, extracted_bit=0
[2025-06-03 09:48:56,542] I ThreadPoolExecutor-0_10 - extract_single_bit:727 - [BN P:230, R:1] Decision: s1=2.13328705e+02, s2=2.13348602e+02, ratio=0.99990674, threshold=1.0, comparison (ratio >= threshold)=False, extracted_bit=1
[2025-06-03 09:48:56,590] I ThreadPoolExecutor-0_4 - extract_single_bit:727 - [BN P:103, R:2] Decision: s1=2.76520203e+02, s2=2.75240356e+02, ratio=1.00464992, threshold=1.0, comparison (ratio >= threshold)=True, extracted_bit=0
[2025-06-03 09:48:56,590] I ThreadPoolExecutor-0_4 - _extract_batch_worker:900 - [Extractor Worker P:103] Selected 2 rings for extraction: [1, 2]. Extracted bits: [0, 0]
[2025-06-03 09:48:56,607] I ThreadPoolExecutor-0_6 - extract_single_bit:727 - [BN P:145, R:3] Decision: s1=3.25299347e+02, s2=3.26895142e+02, ratio=0.99511833, threshold=1.0, comparison (ratio >= threshold)=False, extracted_bit=1
[2025-06-03 09:48:56,609] I ThreadPoolExecutor-0_6 - _extract_batch_worker:900 - [Extractor Worker P:145] Selected 2 rings for extraction: [5, 3]. Extracted bits: [0, 1]
[2025-06-03 09:48:56,663] I ThreadPoolExecutor-0_3 - extract_single_bit:727 - [BN P:82, R:3] Decision: s1=3.26846649e+02, s2=3.25127686e+02, ratio=1.00528704, threshold=1.0, comparison (ratio >= threshold)=True, extracted_bit=0
[2025-06-03 09:48:56,665] I ThreadPoolExecutor-0_3 - _extract_batch_worker:900 - [Extractor Worker P:82] Selected 2 rings for extraction: [1, 3]. Extracted bits: [0, 0]
[2025-06-03 09:48:56,720] I ThreadPoolExecutor-0_12 - extract_single_bit:727 - [BN P:272, R:1] Decision: s1=2.13386810e+02, s2=2.13369171e+02, ratio=1.00008267, threshold=1.0, comparison (ratio >= threshold)=True, extracted_bit=0
[2025-06-03 09:48:56,726] I ThreadPoolExecutor-0_2 - extract_single_bit:727 - [BN P:61, R:2] Decision: s1=2.76433319e+02, s2=2.75174988e+02, ratio=1.00457284, threshold=1.0, comparison (ratio >= threshold)=True, extracted_bit=0
[2025-06-03 09:48:56,728] I ThreadPoolExecutor-0_13 - extract_single_bit:727 - [BN P:315, R:5] Decision: s1=2.98951141e+02, s2=2.97498535e+02, ratio=1.00488273, threshold=1.0, comparison (ratio >= threshold)=True, extracted_bit=0
[2025-06-03 09:48:56,731] I ThreadPoolExecutor-0_2 - _extract_batch_worker:900 - [Extractor Worker P:61] Selected 2 rings for extraction: [1, 2]. Extracted bits: [0, 0]
[2025-06-03 09:48:56,754] I ThreadPoolExecutor-0_11 - extract_single_bit:727 - [BN P:250, R:1] Decision: s1=2.13404434e+02, s2=2.13404434e+02, ratio=1.00000000, threshold=1.0, comparison (ratio >= threshold)=True, extracted_bit=0
[2025-06-03 09:48:56,755] I ThreadPoolExecutor-0_11 - _extract_batch_worker:900 - [Extractor Worker P:250] Selected 2 rings for extraction: [5, 1]. Extracted bits: [1, 0]
[2025-06-03 09:48:56,813] I ThreadPoolExecutor-0_10 - extract_single_bit:727 - [BN P:230, R:3] Decision: s1=3.25350281e+02, s2=3.26776733e+02, ratio=0.99563478, threshold=1.0, comparison (ratio >= threshold)=False, extracted_bit=1
[2025-06-03 09:48:56,817] I ThreadPoolExecutor-0_10 - _extract_batch_worker:900 - [Extractor Worker P:230] Selected 2 rings for extraction: [1, 3]. Extracted bits: [1, 1]
[2025-06-03 09:48:56,885] I ThreadPoolExecutor-0_1 - extract_single_bit:727 - [BN P:41, R:2] Decision: s1=2.76426331e+02, s2=2.75066559e+02, ratio=1.00494343, threshold=1.0, comparison (ratio >= threshold)=True, extracted_bit=0
[2025-06-03 09:48:56,928] I ThreadPoolExecutor-0_8 - extract_single_bit:727 - [BN P:188, R:5] Decision: s1=2.98850342e+02, s2=2.97410156e+02, ratio=1.00484242, threshold=1.0, comparison (ratio >= threshold)=True, extracted_bit=0
[2025-06-03 09:48:56,976] I ThreadPoolExecutor-0_7 - extract_single_bit:727 - [BN P:167, R:5] Decision: s1=2.98828003e+02, s2=2.97385254e+02, ratio=1.00485145, threshold=1.0, comparison (ratio >= threshold)=True, extracted_bit=0
[2025-06-03 09:48:56,982] I ThreadPoolExecutor-0_0 - extract_single_bit:727 - [BN P:20, R:1] Decision: s1=2.13260529e+02, s2=2.13237869e+02, ratio=1.00010626, threshold=1.0, comparison (ratio >= threshold)=True, extracted_bit=0
[2025-06-03 09:48:56,986] I ThreadPoolExecutor-0_13 - extract_single_bit:727 - [BN P:315, R:7] Decision: s1=1.67359863e+02, s2=1.68362640e+02, ratio=0.99404395, threshold=1.0, comparison (ratio >= threshold)=False, extracted_bit=1
[2025-06-03 09:48:56,987] I ThreadPoolExecutor-0_13 - _extract_batch_worker:900 - [Extractor Worker P:315] Selected 2 rings for extraction: [5, 7]. Extracted bits: [0, 1]
[2025-06-03 09:48:56,997] I ThreadPoolExecutor-0_12 - extract_single_bit:727 - [BN P:272, R:2] Decision: s1=2.76727997e+02, s2=2.75328217e+02, ratio=1.00508404, threshold=1.0, comparison (ratio >= threshold)=True, extracted_bit=0
[2025-06-03 09:48:56,997] I ThreadPoolExecutor-0_12 - _extract_batch_worker:900 - [Extractor Worker P:272] Selected 2 rings for extraction: [1, 2]. Extracted bits: [0, 0]
[2025-06-03 09:48:57,064] I ThreadPoolExecutor-0_9 - extract_single_bit:727 - [BN P:295, R:5] Decision: s1=2.98939972e+02, s2=2.97409424e+02, ratio=1.00514627, threshold=1.0, comparison (ratio >= threshold)=True, extracted_bit=0
[2025-06-03 09:48:57,117] I ThreadPoolExecutor-0_5 - extract_single_bit:727 - [BN P:125, R:5] Decision: s1=2.96900208e+02, s2=2.97660797e+02, ratio=0.99744478, threshold=1.0, comparison (ratio >= threshold)=False, extracted_bit=1
[2025-06-03 09:48:57,139] I ThreadPoolExecutor-0_1 - extract_single_bit:727 - [BN P:41, R:4] Decision: s1=3.07335938e+02, s2=3.05705139e+02, ratio=1.00533455, threshold=1.0, comparison (ratio >= threshold)=True, extracted_bit=0
[2025-06-03 09:48:57,139] I ThreadPoolExecutor-0_1 - _extract_batch_worker:900 - [Extractor Worker P:41] Selected 2 rings for extraction: [2, 4]. Extracted bits: [0, 0]
[2025-06-03 09:48:57,188] I ThreadPoolExecutor-0_8 - extract_single_bit:727 - [BN P:188, R:1] Decision: s1=2.13349640e+02, s2=2.13339752e+02, ratio=1.00004635, threshold=1.0, comparison (ratio >= threshold)=True, extracted_bit=0
[2025-06-03 09:48:57,191] I ThreadPoolExecutor-0_8 - _extract_batch_worker:900 - [Extractor Worker P:188] Selected 2 rings for extraction: [5, 1]. Extracted bits: [0, 0]
[2025-06-03 09:48:57,192] I ThreadPoolExecutor-0_4 - extract_single_bit:727 - [BN P:104, R:5] Decision: s1=2.98910187e+02, s2=2.97254059e+02, ratio=1.00557142, threshold=1.0, comparison (ratio >= threshold)=True, extracted_bit=0
[2025-06-03 09:48:57,244] I ThreadPoolExecutor-0_7 - extract_single_bit:727 - [BN P:167, R:2] Decision: s1=2.75532379e+02, s2=2.76623230e+02, ratio=0.99605655, threshold=1.0, comparison (ratio >= threshold)=False, extracted_bit=1
[2025-06-03 09:48:57,244] I ThreadPoolExecutor-0_7 - _extract_batch_worker:900 - [Extractor Worker P:167] Selected 2 rings for extraction: [5, 2]. Extracted bits: [0, 1]
[2025-06-03 09:48:57,254] I ThreadPoolExecutor-0_0 - extract_single_bit:727 - [BN P:20, R:3] Decision: s1=3.26941101e+02, s2=3.25342987e+02, ratio=1.00491209, threshold=1.0, comparison (ratio >= threshold)=True, extracted_bit=0
[2025-06-03 09:48:57,255] I ThreadPoolExecutor-0_0 - _extract_batch_worker:900 - [Extractor Worker P:20] Selected 2 rings for extraction: [1, 3]. Extracted bits: [0, 0]
[2025-06-03 09:48:57,266] I ThreadPoolExecutor-0_6 - extract_single_bit:727 - [BN P:146, R:1] Decision: s1=2.13395645e+02, s2=2.13401001e+02, ratio=0.99997490, threshold=1.0, comparison (ratio >= threshold)=False, extracted_bit=1
[2025-06-03 09:48:57,277] I ThreadPoolExecutor-0_3 - extract_single_bit:727 - [BN P:83, R:3] Decision: s1=3.26715179e+02, s2=3.25166534e+02, ratio=1.00476262, threshold=1.0, comparison (ratio >= threshold)=True, extracted_bit=0
[2025-06-03 09:48:57,322] I ThreadPoolExecutor-0_9 - extract_single_bit:727 - [BN P:295, R:1] Decision: s1=2.13403152e+02, s2=2.13390793e+02, ratio=1.00005792, threshold=1.0, comparison (ratio >= threshold)=True, extracted_bit=0
[2025-06-03 09:48:57,322] I ThreadPoolExecutor-0_9 - _extract_batch_worker:900 - [Extractor Worker P:295] Selected 2 rings for extraction: [5, 1]. Extracted bits: [0, 0]
[2025-06-03 09:48:57,353] I ThreadPoolExecutor-0_2 - extract_single_bit:727 - [BN P:62, R:2] Decision: s1=2.76364899e+02, s2=2.75191803e+02, ratio=1.00426283, threshold=1.0, comparison (ratio >= threshold)=True, extracted_bit=0
[2025-06-03 09:48:57,398] I ThreadPoolExecutor-0_5 - extract_single_bit:727 - [BN P:125, R:2] Decision: s1=2.76668762e+02, s2=2.76495667e+02, ratio=1.00062603, threshold=1.0, comparison (ratio >= threshold)=True, extracted_bit=0
[2025-06-03 09:48:57,399] I ThreadPoolExecutor-0_5 - _extract_batch_worker:900 - [Extractor Worker P:125] Selected 2 rings for extraction: [5, 2]. Extracted bits: [1, 0]
[2025-06-03 09:48:57,423] I ThreadPoolExecutor-0_11 - extract_single_bit:727 - [BN P:251, R:1] Decision: s1=2.13404434e+02, s2=2.13404434e+02, ratio=1.00000000, threshold=1.0, comparison (ratio >= threshold)=True, extracted_bit=0
[2025-06-03 09:48:57,462] I ThreadPoolExecutor-0_4 - extract_single_bit:727 - [BN P:104, R:2] Decision: s1=2.76524841e+02, s2=2.76463867e+02, ratio=1.00022055, threshold=1.0, comparison (ratio >= threshold)=True, extracted_bit=0
[2025-06-03 09:48:57,463] I ThreadPoolExecutor-0_4 - _extract_batch_worker:900 - [Extractor Worker P:104] Selected 2 rings for extraction: [5, 2]. Extracted bits: [0, 0]
[2025-06-03 09:48:57,475] I ThreadPoolExecutor-0_10 - extract_single_bit:727 - [BN P:336, R:3] Decision: s1=3.26848145e+02, s2=3.25353485e+02, ratio=1.00459396, threshold=1.0, comparison (ratio >= threshold)=True, extracted_bit=0
[2025-06-03 09:48:57,543] I ThreadPoolExecutor-0_3 - extract_single_bit:727 - [BN P:83, R:1] Decision: s1=2.13256149e+02, s2=2.13263702e+02, ratio=0.99996458, threshold=1.0, comparison (ratio >= threshold)=False, extracted_bit=1
[2025-06-03 09:48:57,544] I ThreadPoolExecutor-0_3 - _extract_batch_worker:900 - [Extractor Worker P:83] Selected 2 rings for extraction: [3, 1]. Extracted bits: [0, 1]
[2025-06-03 09:48:57,554] I ThreadPoolExecutor-0_6 - extract_single_bit:727 - [BN P:146, R:5] Decision: s1=2.97216339e+02, s2=2.98896851e+02, ratio=0.99437762, threshold=1.0, comparison (ratio >= threshold)=False, extracted_bit=1
[2025-06-03 09:48:57,554] I ThreadPoolExecutor-0_6 - _extract_batch_worker:900 - [Extractor Worker P:146] Selected 2 rings for extraction: [1, 5]. Extracted bits: [1, 1]
[2025-06-03 09:48:57,621] I ThreadPoolExecutor-0_13 - extract_single_bit:727 - [BN P:316, R:3] Decision: s1=3.26937469e+02, s2=3.25465027e+02, ratio=1.00452412, threshold=1.0, comparison (ratio >= threshold)=True, extracted_bit=0
[2025-06-03 09:48:57,630] I ThreadPoolExecutor-0_2 - extract_single_bit:727 - [BN P:62, R:4] Decision: s1=3.07302826e+02, s2=3.05777588e+02, ratio=1.00498806, threshold=1.0, comparison (ratio >= threshold)=True, extracted_bit=0
[2025-06-03 09:48:57,631] I ThreadPoolExecutor-0_2 - _extract_batch_worker:900 - [Extractor Worker P:62] Selected 2 rings for extraction: [2, 4]. Extracted bits: [0, 0]
[2025-06-03 09:48:57,766] I ThreadPoolExecutor-0_10 - extract_single_bit:727 - [BN P:336, R:4] Decision: s1=3.05917755e+02, s2=3.07392456e+02, ratio=0.99520255, threshold=1.0, comparison (ratio >= threshold)=False, extracted_bit=1
[2025-06-03 09:48:57,767] I ThreadPoolExecutor-0_10 - _extract_batch_worker:900 - [Extractor Worker P:336] Selected 2 rings for extraction: [3, 4]. Extracted bits: [0, 1]
[2025-06-03 09:48:57,773] I ThreadPoolExecutor-0_11 - extract_single_bit:727 - [BN P:251, R:4] Decision: s1=3.07331421e+02, s2=3.06444641e+02, ratio=1.00289377, threshold=1.0, comparison (ratio >= threshold)=True, extracted_bit=0
[2025-06-03 09:48:57,774] I ThreadPoolExecutor-0_11 - _extract_batch_worker:900 - [Extractor Worker P:251] Selected 2 rings for extraction: [1, 4]. Extracted bits: [0, 0]
[2025-06-03 09:48:57,780] I ThreadPoolExecutor-0_12 - extract_single_bit:727 - [BN P:357, R:0] Decision: s1=1.16876114e+02, s2=1.15816528e+02, ratio=1.00914883, threshold=1.0, comparison (ratio >= threshold)=True, extracted_bit=0
[2025-06-03 09:48:57,783] I ThreadPoolExecutor-0_1 - extract_single_bit:727 - [BN P:378, R:2] Decision: s1=2.59069244e+02, s2=2.60957855e+02, ratio=0.99276277, threshold=1.0, comparison (ratio >= threshold)=False, extracted_bit=1
[2025-06-03 09:48:57,833] I ThreadPoolExecutor-0_8 - extract_single_bit:727 - [BN P:399, R:1] Decision: s1=2.01440994e+02, s2=2.02890289e+02, ratio=0.99285676, threshold=1.0, comparison (ratio >= threshold)=False, extracted_bit=1
[2025-06-03 09:48:57,847] I ThreadPoolExecutor-0_7 - extract_single_bit:727 - [BN P:420, R:5] Decision: s1=2.73059448e+02, s2=2.74802155e+02, ratio=0.99365832, threshold=1.0, comparison (ratio >= threshold)=False, extracted_bit=1
[2025-06-03 09:48:57,875] I ThreadPoolExecutor-0_9 - extract_single_bit:727 - [BN P:296, R:5] Decision: s1=2.97213715e+02, s2=2.98876129e+02, ratio=0.99443778, threshold=1.0, comparison (ratio >= threshold)=False, extracted_bit=1
[2025-06-03 09:48:57,913] I ThreadPoolExecutor-0_13 - extract_single_bit:727 - [BN P:316, R:7] Decision: s1=1.67356903e+02, s2=1.68354843e+02, ratio=0.99407240, threshold=1.0, comparison (ratio >= threshold)=False, extracted_bit=1
[2025-06-03 09:48:57,913] I ThreadPoolExecutor-0_13 - _extract_batch_worker:900 - [Extractor Worker P:316] Selected 2 rings for extraction: [3, 7]. Extracted bits: [0, 1]
[2025-06-03 09:48:57,918] I ThreadPoolExecutor-0_0 - extract_single_bit:727 - [BN P:441, R:5] Decision: s1=2.72988159e+02, s2=2.74648682e+02, ratio=0.99395401, threshold=1.0, comparison (ratio >= threshold)=False, extracted_bit=1
[2025-06-03 09:48:57,982] I ThreadPoolExecutor-0_5 - extract_single_bit:727 - [BN P:462, R:1] Decision: s1=2.02129776e+02, s2=2.04009064e+02, ratio=0.99078821, threshold=1.0, comparison (ratio >= threshold)=False, extracted_bit=1
[2025-06-03 09:48:58,024] I ThreadPoolExecutor-0_1 - extract_single_bit:727 - [BN P:378, R:5] Decision: s1=2.72857208e+02, s2=2.74501129e+02, ratio=0.99401124, threshold=1.0, comparison (ratio >= threshold)=False, extracted_bit=1
[2025-06-03 09:48:58,025] I ThreadPoolExecutor-0_1 - _extract_batch_worker:900 - [Extractor Worker P:378] Selected 2 rings for extraction: [2, 5]. Extracted bits: [1, 1]
[2025-06-03 09:48:58,038] I ThreadPoolExecutor-0_12 - extract_single_bit:727 - [BN P:357, R:4] Decision: s1=2.86961395e+02, s2=2.86939270e+02, ratio=1.00007711, threshold=1.0, comparison (ratio >= threshold)=True, extracted_bit=0
[2025-06-03 09:48:58,040] I ThreadPoolExecutor-0_12 - _extract_batch_worker:900 - [Extractor Worker P:357] Selected 2 rings for extraction: [0, 4]. Extracted bits: [0, 0]
[2025-06-03 09:48:58,095] I ThreadPoolExecutor-0_8 - extract_single_bit:727 - [BN P:399, R:2] Decision: s1=2.60851959e+02, s2=2.58934174e+02, ratio=1.00740646, threshold=1.0, comparison (ratio >= threshold)=True, extracted_bit=0
[2025-06-03 09:48:58,096] I ThreadPoolExecutor-0_8 - _extract_batch_worker:900 - [Extractor Worker P:399] Selected 2 rings for extraction: [1, 2]. Extracted bits: [1, 0]
[2025-06-03 09:48:58,110] I ThreadPoolExecutor-0_4 - extract_single_bit:727 - [BN P:483, R:2] Decision: s1=2.71255341e+02, s2=2.73309753e+02, ratio=0.99248321, threshold=1.0, comparison (ratio >= threshold)=False, extracted_bit=1
[2025-06-03 09:48:58,129] I ThreadPoolExecutor-0_7 - extract_single_bit:727 - [BN P:420, R:4] Decision: s1=2.88370514e+02, s2=2.86208557e+02, ratio=1.00755378, threshold=1.0, comparison (ratio >= threshold)=True, extracted_bit=0
[2025-06-03 09:48:58,129] I ThreadPoolExecutor-0_7 - _extract_batch_worker:900 - [Extractor Worker P:420] Selected 2 rings for extraction: [5, 4]. Extracted bits: [1, 0]
[2025-06-03 09:48:58,147] I ThreadPoolExecutor-0_9 - extract_single_bit:727 - [BN P:296, R:4] Decision: s1=3.07482697e+02, s2=3.06050537e+02, ratio=1.00467949, threshold=1.0, comparison (ratio >= threshold)=True, extracted_bit=0
[2025-06-03 09:48:58,149] I ThreadPoolExecutor-0_9 - _extract_batch_worker:900 - [Extractor Worker P:296] Selected 2 rings for extraction: [5, 4]. Extracted bits: [1, 0]
[2025-06-03 09:48:58,168] I ThreadPoolExecutor-0_3 - extract_single_bit:727 - [BN P:504, R:2] Decision: s1=2.68485809e+02, s2=2.65983917e+02, ratio=1.00940618, threshold=1.0, comparison (ratio >= threshold)=True, extracted_bit=0
[2025-06-03 09:48:58,185] I ThreadPoolExecutor-0_0 - extract_single_bit:727 - [BN P:441, R:3] Decision: s1=3.08098328e+02, s2=3.05835297e+02, ratio=1.00739951, threshold=1.0, comparison (ratio >= threshold)=True, extracted_bit=0
[2025-06-03 09:48:58,185] I ThreadPoolExecutor-0_0 - _extract_batch_worker:900 - [Extractor Worker P:441] Selected 2 rings for extraction: [5, 3]. Extracted bits: [1, 0]
[2025-06-03 09:48:58,222] I ThreadPoolExecutor-0_6 - extract_single_bit:727 - [BN P:525, R:3] Decision: s1=3.07577606e+02, s2=3.05318390e+02, ratio=1.00739954, threshold=1.0, comparison (ratio >= threshold)=True, extracted_bit=0
[2025-06-03 09:48:58,275] I ThreadPoolExecutor-0_5 - extract_single_bit:727 - [BN P:462, R:2] Decision: s1=2.68730743e+02, s2=2.67793091e+02, ratio=1.00350141, threshold=1.0, comparison (ratio >= threshold)=True, extracted_bit=0
[2025-06-03 09:48:58,275] I ThreadPoolExecutor-0_2 - extract_single_bit:727 - [BN P:546, R:3] Decision: s1=3.14219757e+02, s2=3.16649475e+02, ratio=0.99232679, threshold=1.0, comparison (ratio >= threshold)=False, extracted_bit=1
[2025-06-03 09:48:58,275] I ThreadPoolExecutor-0_5 - _extract_batch_worker:900 - [Extractor Worker P:462] Selected 2 rings for extraction: [1, 2]. Extracted bits: [1, 0]
[2025-06-03 09:48:58,350] I ThreadPoolExecutor-0_10 - extract_single_bit:727 - [BN P:337, R:5] Decision: s1=2.98944183e+02, s2=2.97396088e+02, ratio=1.00520550, threshold=1.0, comparison (ratio >= threshold)=True, extracted_bit=0
[2025-06-03 09:48:58,383] I ThreadPoolExecutor-0_4 - extract_single_bit:727 - [BN P:483, R:0] Decision: s1=1.20143257e+02, s2=1.18890724e+02, ratio=1.01053516, threshold=1.0, comparison (ratio >= threshold)=True, extracted_bit=0
[2025-06-03 09:48:58,385] I ThreadPoolExecutor-0_4 - _extract_batch_worker:900 - [Extractor Worker P:483] Selected 2 rings for extraction: [2, 0]. Extracted bits: [1, 0]
[2025-06-03 09:48:58,396] I ThreadPoolExecutor-0_11 - extract_single_bit:727 - [BN P:567, R:3] Decision: s1=3.18810974e+02, s2=3.16388306e+02, ratio=1.00765726, threshold=1.0, comparison (ratio >= threshold)=True, extracted_bit=0
[2025-06-03 09:48:58,430] I ThreadPoolExecutor-0_3 - extract_single_bit:727 - [BN P:504, R:1] Decision: s1=2.05466736e+02, s2=2.07409531e+02, ratio=0.99063305, threshold=1.0, comparison (ratio >= threshold)=False, extracted_bit=1
[2025-06-03 09:48:58,431] I ThreadPoolExecutor-0_3 - _extract_batch_worker:900 - [Extractor Worker P:504] Selected 2 rings for extraction: [2, 1]. Extracted bits: [0, 1]
[2025-06-03 09:48:58,518] I ThreadPoolExecutor-0_6 - extract_single_bit:727 - [BN P:525, R:2] Decision: s1=2.59480438e+02, s2=2.57332397e+02, ratio=1.00834734, threshold=1.0, comparison (ratio >= threshold)=True, extracted_bit=0
[2025-06-03 09:48:58,519] I ThreadPoolExecutor-0_6 - _extract_batch_worker:900 - [Extractor Worker P:525] Selected 2 rings for extraction: [3, 2]. Extracted bits: [0, 0]
[2025-06-03 09:48:58,660] I ThreadPoolExecutor-0_13 - extract_single_bit:727 - [BN P:317, R:5] Decision: s1=2.97472137e+02, s2=2.98852020e+02, ratio=0.99538272, threshold=1.0, comparison (ratio >= threshold)=False, extracted_bit=1
[2025-06-03 09:48:58,675] I ThreadPoolExecutor-0_2 - extract_single_bit:727 - [BN P:546, R:6] Decision: s1=2.82752411e+02, s2=2.82779968e+02, ratio=0.99990255, threshold=1.0, comparison (ratio >= threshold)=False, extracted_bit=1
[2025-06-03 09:48:58,678] I ThreadPoolExecutor-0_2 - _extract_batch_worker:900 - [Extractor Worker P:546] Selected 2 rings for extraction: [3, 6]. Extracted bits: [1, 1]
[2025-06-03 09:48:58,712] I ThreadPoolExecutor-0_10 - extract_single_bit:727 - [BN P:337, R:3] Decision: s1=3.25240356e+02, s2=3.26844879e+02, ratio=0.99509087, threshold=1.0, comparison (ratio >= threshold)=False, extracted_bit=1
[2025-06-03 09:48:58,713] I ThreadPoolExecutor-0_10 - _extract_batch_worker:900 - [Extractor Worker P:337] Selected 2 rings for extraction: [5, 3]. Extracted bits: [0, 1]
[2025-06-03 09:48:58,718] I ThreadPoolExecutor-0_1 - extract_single_bit:727 - [BN P:379, R:0] Decision: s1=1.16816536e+02, s2=1.15753311e+02, ratio=1.00918526, threshold=1.0, comparison (ratio >= threshold)=True, extracted_bit=0
[2025-06-03 09:48:58,752] I ThreadPoolExecutor-0_12 - extract_single_bit:727 - [BN P:358, R:0] Decision: s1=1.15833496e+02, s2=1.16896736e+02, ratio=0.99090445, threshold=1.0, comparison (ratio >= threshold)=False, extracted_bit=1
[2025-06-03 09:48:58,754] I ThreadPoolExecutor-0_11 - extract_single_bit:727 - [BN P:567, R:7] Decision: s1=1.57969421e+02, s2=1.59821320e+02, ratio=0.98841270, threshold=1.0, comparison (ratio >= threshold)=False, extracted_bit=1
[2025-06-03 09:48:58,754] I ThreadPoolExecutor-0_11 - _extract_batch_worker:900 - [Extractor Worker P:567] Selected 2 rings for extraction: [3, 7]. Extracted bits: [0, 1]
[2025-06-03 09:48:58,772] I ThreadPoolExecutor-0_8 - extract_single_bit:727 - [BN P:400, R:1] Decision: s1=2.01291092e+02, s2=2.03072083e+02, ratio=0.99122976, threshold=1.0, comparison (ratio >= threshold)=False, extracted_bit=1
[2025-06-03 09:48:58,791] I ThreadPoolExecutor-0_7 - extract_single_bit:727 - [BN P:421, R:0] Decision: s1=1.17275253e+02, s2=1.15516129e+02, ratio=1.01522839, threshold=1.0, comparison (ratio >= threshold)=True, extracted_bit=0
[2025-06-03 09:48:58,861] I ThreadPoolExecutor-0_9 - extract_single_bit:727 - [BN P:297, R:3] Decision: s1=3.27024841e+02, s2=3.25434723e+02, ratio=1.00488614, threshold=1.0, comparison (ratio >= threshold)=True, extracted_bit=0
[2025-06-03 09:48:58,878] I ThreadPoolExecutor-0_0 - extract_single_bit:727 - [BN P:442, R:2] Decision: s1=2.58248566e+02, s2=2.60367188e+02, ratio=0.99186295, threshold=1.0, comparison (ratio >= threshold)=False, extracted_bit=1
[2025-06-03 09:48:58,921] I ThreadPoolExecutor-0_13 - extract_single_bit:727 - [BN P:317, R:2] Decision: s1=2.76579010e+02, s2=2.76556183e+02, ratio=1.00008254, threshold=1.0, comparison (ratio >= threshold)=True, extracted_bit=0
[2025-06-03 09:48:58,921] I ThreadPoolExecutor-0_13 - _extract_batch_worker:900 - [Extractor Worker P:317] Selected 2 rings for extraction: [5, 2]. Extracted bits: [1, 0]
[2025-06-03 09:48:58,967] I ThreadPoolExecutor-0_5 - extract_single_bit:727 - [BN P:463, R:3] Decision: s1=3.14552673e+02, s2=3.17043823e+02, ratio=0.99214257, threshold=1.0, comparison (ratio >= threshold)=False, extracted_bit=1
[2025-06-03 09:48:58,979] I ThreadPoolExecutor-0_1 - extract_single_bit:727 - [BN P:379, R:5] Decision: s1=2.72881439e+02, s2=2.74505188e+02, ratio=0.99408482, threshold=1.0, comparison (ratio >= threshold)=False, extracted_bit=1
[2025-06-03 09:48:58,980] I ThreadPoolExecutor-0_1 - _extract_batch_worker:900 - [Extractor Worker P:379] Selected 2 rings for extraction: [0, 5]. Extracted bits: [0, 1]
[2025-06-03 09:48:59,013] I ThreadPoolExecutor-0_12 - extract_single_bit:727 - [BN P:358, R:2] Decision: s1=2.56444550e+02, s2=2.58668640e+02, ratio=0.99140178, threshold=1.0, comparison (ratio >= threshold)=False, extracted_bit=1
[2025-06-03 09:48:59,015] I ThreadPoolExecutor-0_12 - _extract_batch_worker:900 - [Extractor Worker P:358] Selected 2 rings for extraction: [0, 2]. Extracted bits: [1, 1]
[2025-06-03 09:48:59,019] I ThreadPoolExecutor-0_4 - extract_single_bit:727 - [BN P:484, R:1] Decision: s1=2.07417404e+02, s2=2.09134125e+02, ratio=0.99179129, threshold=1.0, comparison (ratio >= threshold)=False, extracted_bit=1
[2025-06-03 09:48:59,032] I ThreadPoolExecutor-0_8 - extract_single_bit:727 - [BN P:400, R:0] Decision: s1=1.16221603e+02, s2=1.15423851e+02, ratio=1.00691150, threshold=1.0, comparison (ratio >= threshold)=True, extracted_bit=0
[2025-06-03 09:48:59,033] I ThreadPoolExecutor-0_8 - _extract_batch_worker:900 - [Extractor Worker P:400] Selected 2 rings for extraction: [1, 0]. Extracted bits: [1, 0]
[2025-06-03 09:48:59,096] I ThreadPoolExecutor-0_7 - extract_single_bit:727 - [BN P:421, R:5] Decision: s1=2.73107391e+02, s2=2.74790955e+02, ratio=0.99387329, threshold=1.0, comparison (ratio >= threshold)=False, extracted_bit=1
[2025-06-03 09:48:59,096] I ThreadPoolExecutor-0_3 - extract_single_bit:727 - [BN P:505, R:1] Decision: s1=2.07414566e+02, s2=2.05415833e+02, ratio=1.00973018, threshold=1.0, comparison (ratio >= threshold)=True, extracted_bit=0
[2025-06-03 09:48:59,097] I ThreadPoolExecutor-0_7 - _extract_batch_worker:900 - [Extractor Worker P:421] Selected 2 rings for extraction: [0, 5]. Extracted bits: [0, 1]
[2025-06-03 09:48:59,107] I ThreadPoolExecutor-0_9 - extract_single_bit:727 - [BN P:297, R:4] Decision: s1=3.05909546e+02, s2=3.07405243e+02, ratio=0.99513445, threshold=1.0, comparison (ratio >= threshold)=False, extracted_bit=1
[2025-06-03 09:48:59,110] I ThreadPoolExecutor-0_9 - _extract_batch_worker:900 - [Extractor Worker P:297] Selected 2 rings for extraction: [3, 4]. Extracted bits: [0, 1]
[2025-06-03 09:48:59,133] I ThreadPoolExecutor-0_0 - extract_single_bit:727 - [BN P:442, R:5] Decision: s1=2.72996674e+02, s2=2.74649841e+02, ratio=0.99398082, threshold=1.0, comparison (ratio >= threshold)=False, extracted_bit=1
[2025-06-03 09:48:59,135] I ThreadPoolExecutor-0_0 - _extract_batch_worker:900 - [Extractor Worker P:442] Selected 2 rings for extraction: [2, 5]. Extracted bits: [1, 1]
[2025-06-03 09:48:59,204] I ThreadPoolExecutor-0_6 - extract_single_bit:727 - [BN P:526, R:3] Decision: s1=3.07535614e+02, s2=3.05822815e+02, ratio=1.00560063, threshold=1.0, comparison (ratio >= threshold)=True, extracted_bit=0
[2025-06-03 09:48:59,219] I ThreadPoolExecutor-0_5 - extract_single_bit:727 - [BN P:463, R:0] Decision: s1=1.15745697e+02, s2=1.14727859e+02, ratio=1.00887176, threshold=1.0, comparison (ratio >= threshold)=True, extracted_bit=0
[2025-06-03 09:48:59,221] I ThreadPoolExecutor-0_5 - _extract_batch_worker:900 - [Extractor Worker P:463] Selected 2 rings for extraction: [3, 0]. Extracted bits: [1, 0]
[2025-06-03 09:48:59,253] I ThreadPoolExecutor-0_2 - extract_single_bit:727 - [BN P:547, R:2] Decision: s1=2.66555267e+02, s2=2.68378662e+02, ratio=0.99320589, threshold=1.0, comparison (ratio >= threshold)=False, extracted_bit=1
[2025-06-03 09:48:59,297] I ThreadPoolExecutor-0_4 - extract_single_bit:727 - [BN P:484, R:2] Decision: s1=2.73306335e+02, s2=2.70866241e+02, ratio=1.00900848, threshold=1.0, comparison (ratio >= threshold)=True, extracted_bit=0
[2025-06-03 09:48:59,297] I ThreadPoolExecutor-0_4 - _extract_batch_worker:900 - [Extractor Worker P:484] Selected 2 rings for extraction: [1, 2]. Extracted bits: [1, 0]
[2025-06-03 09:48:59,326] I ThreadPoolExecutor-0_11 - extract_single_bit:727 - [BN P:568, R:3] Decision: s1=3.18735535e+02, s2=3.16068481e+02, ratio=1.00843821, threshold=1.0, comparison (ratio >= threshold)=True, extracted_bit=0
[2025-06-03 09:48:59,350] I ThreadPoolExecutor-0_10 - extract_single_bit:727 - [BN P:338, R:1] Decision: s1=2.13361221e+02, s2=2.13385406e+02, ratio=0.99988666, threshold=1.0, comparison (ratio >= threshold)=False, extracted_bit=1
[2025-06-03 09:48:59,399] I ThreadPoolExecutor-0_3 - extract_single_bit:727 - [BN P:505, R:2] Decision: s1=2.65938446e+02, s2=2.68376373e+02, ratio=0.99091601, threshold=1.0, comparison (ratio >= threshold)=False, extracted_bit=1
[2025-06-03 09:48:59,400] I ThreadPoolExecutor-0_3 - _extract_batch_worker:900 - [Extractor Worker P:505] Selected 2 rings for extraction: [1, 2]. Extracted bits: [0, 1]
[2025-06-03 09:48:59,461] I ThreadPoolExecutor-0_6 - extract_single_bit:727 - [BN P:526, R:2] Decision: s1=2.57318329e+02, s2=2.59425293e+02, ratio=0.99187834, threshold=1.0, comparison (ratio >= threshold)=False, extracted_bit=1
[2025-06-03 09:48:59,462] I ThreadPoolExecutor-0_6 - _extract_batch_worker:900 - [Extractor Worker P:526] Selected 2 rings for extraction: [3, 2]. Extracted bits: [0, 1]
[2025-06-03 09:48:59,510] I ThreadPoolExecutor-0_13 - extract_single_bit:727 - [BN P:318, R:1] Decision: s1=2.13383560e+02, s2=2.13395203e+02, ratio=0.99994544, threshold=1.0, comparison (ratio >= threshold)=False, extracted_bit=1
[2025-06-03 09:48:59,510] I ThreadPoolExecutor-0_2 - extract_single_bit:727 - [BN P:547, R:5] Decision: s1=2.84184692e+02, s2=2.81798492e+02, ratio=1.00846775, threshold=1.0, comparison (ratio >= threshold)=True, extracted_bit=0
[2025-06-03 09:48:59,514] I ThreadPoolExecutor-0_2 - _extract_batch_worker:900 - [Extractor Worker P:547] Selected 2 rings for extraction: [2, 5]. Extracted bits: [1, 0]
[2025-06-03 09:48:59,544] I ThreadPoolExecutor-0_11 - extract_single_bit:727 - [BN P:568, R:7] Decision: s1=1.57996552e+02, s2=1.59874954e+02, ratio=0.98825080, threshold=1.0, comparison (ratio >= threshold)=False, extracted_bit=1
[2025-06-03 09:48:59,545] I ThreadPoolExecutor-0_11 - _extract_batch_worker:900 - [Extractor Worker P:568] Selected 2 rings for extraction: [3, 7]. Extracted bits: [0, 1]
[2025-06-03 09:48:59,562] I ThreadPoolExecutor-0_1 - extract_single_bit:727 - [BN P:380, R:1] Decision: s1=2.02956711e+02, s2=2.01329300e+02, ratio=1.00808333, threshold=1.0, comparison (ratio >= threshold)=True, extracted_bit=0
[2025-06-03 09:48:59,585] I ThreadPoolExecutor-0_12 - extract_single_bit:727 - [BN P:359, R:0] Decision: s1=1.16844467e+02, s2=1.15806961e+02, ratio=1.00895893, threshold=1.0, comparison (ratio >= threshold)=True, extracted_bit=0
[2025-06-03 09:48:59,599] I ThreadPoolExecutor-0_10 - extract_single_bit:727 - [BN P:338, R:2] Decision: s1=2.75275330e+02, s2=2.76585449e+02, ratio=0.99526324, threshold=1.0, comparison (ratio >= threshold)=False, extracted_bit=1
[2025-06-03 09:48:59,602] I ThreadPoolExecutor-0_10 - _extract_batch_worker:900 - [Extractor Worker P:338] Selected 2 rings for extraction: [1, 2]. Extracted bits: [1, 1]
[2025-06-03 09:48:59,691] I ThreadPoolExecutor-0_9 - extract_single_bit:727 - [BN P:298, R:5] Decision: s1=2.98899445e+02, s2=2.97374268e+02, ratio=1.00512881, threshold=1.0, comparison (ratio >= threshold)=True, extracted_bit=0
[2025-06-03 09:48:59,697] I ThreadPoolExecutor-0_8 - extract_single_bit:727 - [BN P:401, R:0] Decision: s1=1.16247040e+02, s2=1.15310471e+02, ratio=1.00812215, threshold=1.0, comparison (ratio >= threshold)=True, extracted_bit=0
[2025-06-03 09:48:59,755] I ThreadPoolExecutor-0_7 - extract_single_bit:727 - [BN P:422, R:1] Decision: s1=1.99045593e+02, s2=2.00943481e+02, ratio=0.99055511, threshold=1.0, comparison (ratio >= threshold)=False, extracted_bit=1
[2025-06-03 09:48:59,762] I ThreadPoolExecutor-0_5 - extract_single_bit:727 - [BN P:464, R:1] Decision: s1=2.03180695e+02, s2=2.04719757e+02, ratio=0.99248210, threshold=1.0, comparison (ratio >= threshold)=False, extracted_bit=1
[2025-06-03 09:48:59,764] I ThreadPoolExecutor-0_13 - extract_single_bit:727 - [BN P:318, R:3] Decision: s1=3.25144562e+02, s2=3.26765259e+02, ratio=0.99504018, threshold=1.0, comparison (ratio >= threshold)=False, extracted_bit=1
[2025-06-03 09:48:59,765] I ThreadPoolExecutor-0_13 - _extract_batch_worker:900 - [Extractor Worker P:318] Selected 2 rings for extraction: [1, 3]. Extracted bits: [1, 1]
[2025-06-03 09:48:59,775] I ThreadPoolExecutor-0_0 - extract_single_bit:727 - [BN P:443, R:1] Decision: s1=2.02538834e+02, s2=2.00934555e+02, ratio=1.00798408, threshold=1.0, comparison (ratio >= threshold)=True, extracted_bit=0
[2025-06-03 09:48:59,829] I ThreadPoolExecutor-0_1 - extract_single_bit:727 - [BN P:380, R:0] Decision: s1=1.15663048e+02, s2=1.16587181e+02, ratio=0.99207346, threshold=1.0, comparison (ratio >= threshold)=False, extracted_bit=1
[2025-06-03 09:48:59,830] I ThreadPoolExecutor-0_1 - _extract_batch_worker:900 - [Extractor Worker P:380] Selected 2 rings for extraction: [1, 0]. Extracted bits: [0, 1]
[2025-06-03 09:48:59,842] I ThreadPoolExecutor-0_12 - extract_single_bit:727 - [BN P:359, R:5] Decision: s1=2.72886658e+02, s2=2.74493622e+02, ratio=0.99414571, threshold=1.0, comparison (ratio >= threshold)=False, extracted_bit=1
[2025-06-03 09:48:59,843] I ThreadPoolExecutor-0_12 - _extract_batch_worker:900 - [Extractor Worker P:359] Selected 2 rings for extraction: [0, 5]. Extracted bits: [0, 1]
[2025-06-03 09:48:59,845] I ThreadPoolExecutor-0_4 - extract_single_bit:727 - [BN P:485, R:2] Decision: s1=2.73120605e+02, s2=2.70762146e+02, ratio=1.00871045, threshold=1.0, comparison (ratio >= threshold)=True, extracted_bit=0
[2025-06-03 09:48:59,957] I ThreadPoolExecutor-0_3 - extract_single_bit:727 - [BN P:506, R:6] Decision: s1=2.74180634e+02, s2=2.76151428e+02, ratio=0.99286336, threshold=1.0, comparison (ratio >= threshold)=False, extracted_bit=1
[2025-06-03 09:48:59,966] I ThreadPoolExecutor-0_8 - extract_single_bit:727 - [BN P:401, R:2] Decision: s1=2.59191437e+02, s2=2.60977173e+02, ratio=0.99315750, threshold=1.0, comparison (ratio >= threshold)=False, extracted_bit=1
[2025-06-03 09:48:59,968] I ThreadPoolExecutor-0_8 - _extract_batch_worker:900 - [Extractor Worker P:401] Selected 2 rings for extraction: [0, 2]. Extracted bits: [0, 1]
[2025-06-03 09:48:59,980] I ThreadPoolExecutor-0_9 - extract_single_bit:727 - [BN P:298, R:3] Decision: s1=3.26904053e+02, s2=3.25307281e+02, ratio=1.00490850, threshold=1.0, comparison (ratio >= threshold)=True, extracted_bit=0
[2025-06-03 09:48:59,981] I ThreadPoolExecutor-0_9 - _extract_batch_worker:900 - [Extractor Worker P:298] Selected 2 rings for extraction: [5, 3]. Extracted bits: [0, 0]
[2025-06-03 09:49:00,015] I ThreadPoolExecutor-0_7 - extract_single_bit:727 - [BN P:422, R:2] Decision: s1=2.59447662e+02, s2=2.61258820e+02, ratio=0.99306757, threshold=1.0, comparison (ratio >= threshold)=False, extracted_bit=1
[2025-06-03 09:49:00,018] I ThreadPoolExecutor-0_7 - _extract_batch_worker:900 - [Extractor Worker P:422] Selected 2 rings for extraction: [1, 2]. Extracted bits: [1, 1]
[2025-06-03 09:49:00,029] I ThreadPoolExecutor-0_6 - extract_single_bit:727 - [BN P:527, R:0] Decision: s1=1.09714355e+02, s2=1.11113144e+02, ratio=0.98741113, threshold=1.0, comparison (ratio >= threshold)=False, extracted_bit=1
[2025-06-03 09:49:00,031] I ThreadPoolExecutor-0_5 - extract_single_bit:727 - [BN P:464, R:3] Decision: s1=3.17497894e+02, s2=3.14992584e+02, ratio=1.00795355, threshold=1.0, comparison (ratio >= threshold)=True, extracted_bit=0
[2025-06-03 09:49:00,032] I ThreadPoolExecutor-0_5 - _extract_batch_worker:900 - [Extractor Worker P:464] Selected 2 rings for extraction: [1, 3]. Extracted bits: [1, 0]
[2025-06-03 09:49:00,038] I ThreadPoolExecutor-0_0 - extract_single_bit:727 - [BN P:443, R:2] Decision: s1=2.58657013e+02, s2=2.60862976e+02, ratio=0.99154359, threshold=1.0, comparison (ratio >= threshold)=False, extracted_bit=1
[2025-06-03 09:49:00,040] I ThreadPoolExecutor-0_0 - _extract_batch_worker:900 - [Extractor Worker P:443] Selected 2 rings for extraction: [1, 2]. Extracted bits: [0, 1]
[2025-06-03 09:49:00,061] I ThreadPoolExecutor-0_2 - extract_single_bit:727 - [BN P:548, R:1] Decision: s1=2.05879059e+02, s2=2.07241577e+02, ratio=0.99342546, threshold=1.0, comparison (ratio >= threshold)=False, extracted_bit=1
[2025-06-03 09:49:00,101] I ThreadPoolExecutor-0_11 - extract_single_bit:727 - [BN P:569, R:0] Decision: s1=1.18217010e+02, s2=1.19112480e+02, ratio=0.99248215, threshold=1.0, comparison (ratio >= threshold)=False, extracted_bit=1
[2025-06-03 09:49:00,105] I ThreadPoolExecutor-0_4 - extract_single_bit:727 - [BN P:485, R:6] Decision: s1=2.78225037e+02, s2=2.80899078e+02, ratio=0.99048042, threshold=1.0, comparison (ratio >= threshold)=False, extracted_bit=1
[2025-06-03 09:49:00,107] I ThreadPoolExecutor-0_4 - _extract_batch_worker:900 - [Extractor Worker P:485] Selected 2 rings for extraction: [2, 6]. Extracted bits: [0, 1]
[2025-06-03 09:49:00,195] I ThreadPoolExecutor-0_3 - extract_single_bit:727 - [BN P:506, R:3] Decision: s1=3.13910156e+02, s2=3.16937256e+02, ratio=0.99044890, threshold=1.0, comparison (ratio >= threshold)=False, extracted_bit=1
[2025-06-03 09:49:00,198] I ThreadPoolExecutor-0_3 - _extract_batch_worker:900 - [Extractor Worker P:506] Selected 2 rings for extraction: [6, 3]. Extracted bits: [1, 1]
[2025-06-03 09:49:00,220] I ThreadPoolExecutor-0_10 - extract_single_bit:727 - [BN P:339, R:2] Decision: s1=2.75386444e+02, s2=2.76600891e+02, ratio=0.99560939, threshold=1.0, comparison (ratio >= threshold)=False, extracted_bit=1
[2025-06-03 09:49:00,284] I ThreadPoolExecutor-0_6 - extract_single_bit:727 - [BN P:527, R:3] Decision: s1=3.08044495e+02, s2=3.05288605e+02, ratio=1.00902716, threshold=1.0, comparison (ratio >= threshold)=True, extracted_bit=0
[2025-06-03 09:49:00,285] I ThreadPoolExecutor-0_6 - _extract_batch_worker:900 - [Extractor Worker P:527] Selected 2 rings for extraction: [0, 3]. Extracted bits: [1, 0]
[2025-06-03 09:49:00,340] I ThreadPoolExecutor-0_2 - extract_single_bit:727 - [BN P:548, R:3] Decision: s1=3.16582062e+02, s2=3.14004730e+02, ratio=1.00820794, threshold=1.0, comparison (ratio >= threshold)=True, extracted_bit=0
[2025-06-03 09:49:00,343] I ThreadPoolExecutor-0_2 - _extract_batch_worker:900 - [Extractor Worker P:548] Selected 2 rings for extraction: [1, 3]. Extracted bits: [1, 0]
[2025-06-03 09:49:00,352] I ThreadPoolExecutor-0_13 - extract_single_bit:727 - [BN P:319, R:1] Decision: s1=2.13394485e+02, s2=2.13401123e+02, ratio=0.99996890, threshold=1.0, comparison (ratio >= threshold)=False, extracted_bit=1
[2025-06-03 09:49:00,354] I ThreadPoolExecutor-0_11 - extract_single_bit:727 - [BN P:569, R:2] Decision: s1=2.69033112e+02, s2=2.67463715e+02, ratio=1.00586770, threshold=1.0, comparison (ratio >= threshold)=True, extracted_bit=0
[2025-06-03 09:49:00,354] I ThreadPoolExecutor-0_11 - _extract_batch_worker:900 - [Extractor Worker P:569] Selected 2 rings for extraction: [0, 2]. Extracted bits: [1, 0]
[2025-06-03 09:49:00,410] I ThreadPoolExecutor-0_1 - extract_single_bit:727 - [BN P:381, R:1] Decision: s1=2.01172562e+02, s2=2.02269058e+02, ratio=0.99457902, threshold=1.0, comparison (ratio >= threshold)=False, extracted_bit=1
[2025-06-03 09:49:00,463] I ThreadPoolExecutor-0_10 - extract_single_bit:727 - [BN P:339, R:3] Decision: s1=3.25320496e+02, s2=3.26813782e+02, ratio=0.99543077, threshold=1.0, comparison (ratio >= threshold)=False, extracted_bit=1
[2025-06-03 09:49:00,464] I ThreadPoolExecutor-0_10 - _extract_batch_worker:900 - [Extractor Worker P:339] Selected 2 rings for extraction: [2, 3]. Extracted bits: [1, 1]
[2025-06-03 09:49:00,484] I ThreadPoolExecutor-0_12 - extract_single_bit:727 - [BN P:360, R:1] Decision: s1=2.00728989e+02, s2=2.02506790e+02, ratio=0.99122103, threshold=1.0, comparison (ratio >= threshold)=False, extracted_bit=1
[2025-06-03 09:49:00,550] I ThreadPoolExecutor-0_8 - extract_single_bit:727 - [BN P:402, R:2] Decision: s1=2.59068115e+02, s2=2.60841156e+02, ratio=0.99320260, threshold=1.0, comparison (ratio >= threshold)=False, extracted_bit=1
[2025-06-03 09:49:00,603] I ThreadPoolExecutor-0_13 - extract_single_bit:727 - [BN P:319, R:4] Decision: s1=3.07476349e+02, s2=3.06025818e+02, ratio=1.00473990, threshold=1.0, comparison (ratio >= threshold)=True, extracted_bit=0
[2025-06-03 09:49:00,604] I ThreadPoolExecutor-0_13 - _extract_batch_worker:900 - [Extractor Worker P:319] Selected 2 rings for extraction: [1, 4]. Extracted bits: [1, 0]
[2025-06-03 09:49:00,638] I ThreadPoolExecutor-0_7 - extract_single_bit:727 - [BN P:423, R:2] Decision: s1=2.59470459e+02, s2=2.61499268e+02, ratio=0.99224163, threshold=1.0, comparison (ratio >= threshold)=False, extracted_bit=1
[2025-06-03 09:49:00,690] I ThreadPoolExecutor-0_1 - extract_single_bit:727 - [BN P:381, R:2] Decision: s1=2.57859253e+02, s2=2.59564209e+02, ratio=0.99343147, threshold=1.0, comparison (ratio >= threshold)=False, extracted_bit=1
[2025-06-03 09:49:00,690] I ThreadPoolExecutor-0_1 - _extract_batch_worker:900 - [Extractor Worker P:381] Selected 2 rings for extraction: [1, 2]. Extracted bits: [1, 1]
[2025-06-03 09:49:00,691] I ThreadPoolExecutor-0_5 - extract_single_bit:727 - [BN P:465, R:2] Decision: s1=2.70530975e+02, s2=2.68557343e+02, ratio=1.00734902, threshold=1.0, comparison (ratio >= threshold)=True, extracted_bit=0
[2025-06-03 09:49:00,729] I ThreadPoolExecutor-0_4 - extract_single_bit:727 - [BN P:486, R:2] Decision: s1=2.70528259e+02, s2=2.72855621e+02, ratio=0.99147035, threshold=1.0, comparison (ratio >= threshold)=False, extracted_bit=1
[2025-06-03 09:49:00,755] I ThreadPoolExecutor-0_12 - extract_single_bit:727 - [BN P:360, R:2] Decision: s1=2.59054352e+02, s2=2.57243500e+02, ratio=1.00703945, threshold=1.0, comparison (ratio >= threshold)=True, extracted_bit=0
[2025-06-03 09:49:00,756] I ThreadPoolExecutor-0_12 - _extract_batch_worker:900 - [Extractor Worker P:360] Selected 2 rings for extraction: [1, 2]. Extracted bits: [1, 0]
[2025-06-03 09:49:00,758] I ThreadPoolExecutor-0_0 - extract_single_bit:727 - [BN P:444, R:1] Decision: s1=2.02351807e+02, s2=2.00697922e+02, ratio=1.00824067, threshold=1.0, comparison (ratio >= threshold)=True, extracted_bit=0
[2025-06-03 09:49:00,796] I ThreadPoolExecutor-0_3 - extract_single_bit:727 - [BN P:507, R:2] Decision: s1=2.68653107e+02, s2=2.66356476e+02, ratio=1.00862240, threshold=1.0, comparison (ratio >= threshold)=True, extracted_bit=0
[2025-06-03 09:49:00,809] I ThreadPoolExecutor-0_9 - extract_single_bit:727 - [BN P:299, R:4] Decision: s1=3.07448944e+02, s2=3.05922180e+02, ratio=1.00499069, threshold=1.0, comparison (ratio >= threshold)=True, extracted_bit=0
[2025-06-03 09:49:00,853] I ThreadPoolExecutor-0_8 - extract_single_bit:727 - [BN P:402, R:4] Decision: s1=2.85775269e+02, s2=2.87875275e+02, ratio=0.99270515, threshold=1.0, comparison (ratio >= threshold)=False, extracted_bit=1
[2025-06-03 09:49:00,854] I ThreadPoolExecutor-0_8 - _extract_batch_worker:900 - [Extractor Worker P:402] Selected 2 rings for extraction: [2, 4]. Extracted bits: [1, 1]
[2025-06-03 09:49:00,860] I ThreadPoolExecutor-0_6 - extract_single_bit:727 - [BN P:528, R:0] Decision: s1=1.10283791e+02, s2=1.11285446e+02, ratio=0.99099922, threshold=1.0, comparison (ratio >= threshold)=False, extracted_bit=1
[2025-06-03 09:49:00,929] I ThreadPoolExecutor-0_2 - extract_single_bit:727 - [BN P:549, R:1] Decision: s1=2.07682251e+02, s2=2.06253326e+02, ratio=1.00692801, threshold=1.0, comparison (ratio >= threshold)=True, extracted_bit=0
[2025-06-03 09:49:00,939] I ThreadPoolExecutor-0_5 - extract_single_bit:727 - [BN P:465, R:3] Decision: s1=3.14480103e+02, s2=3.17094757e+02, ratio=0.99175434, threshold=1.0, comparison (ratio >= threshold)=False, extracted_bit=1
[2025-06-03 09:49:00,939] I ThreadPoolExecutor-0_5 - _extract_batch_worker:900 - [Extractor Worker P:465] Selected 2 rings for extraction: [2, 3]. Extracted bits: [0, 1]
[2025-06-03 09:49:00,951] I ThreadPoolExecutor-0_7 - extract_single_bit:727 - [BN P:423, R:0] Decision: s1=1.14202034e+02, s2=1.12704201e+02, ratio=1.01328995, threshold=1.0, comparison (ratio >= threshold)=True, extracted_bit=0
[2025-06-03 09:49:00,952] I ThreadPoolExecutor-0_7 - _extract_batch_worker:900 - [Extractor Worker P:423] Selected 2 rings for extraction: [2, 0]. Extracted bits: [1, 0]
[2025-06-03 09:49:00,975] I ThreadPoolExecutor-0_11 - extract_single_bit:727 - [BN P:570, R:2] Decision: s1=2.67336212e+02, s2=2.69408600e+02, ratio=0.99230764, threshold=1.0, comparison (ratio >= threshold)=False, extracted_bit=1
[2025-06-03 09:49:01,014] I ThreadPoolExecutor-0_4 - extract_single_bit:727 - [BN P:486, R:4] Decision: s1=2.97593781e+02, s2=3.00977478e+02, ratio=0.98875764, threshold=1.0, comparison (ratio >= threshold)=False, extracted_bit=1
[2025-06-03 09:49:01,015] I ThreadPoolExecutor-0_4 - _extract_batch_worker:900 - [Extractor Worker P:486] Selected 2 rings for extraction: [2, 4]. Extracted bits: [1, 1]
[2025-06-03 09:49:01,042] I ThreadPoolExecutor-0_0 - extract_single_bit:727 - [BN P:444, R:0] Decision: s1=1.15847900e+02, s2=1.16881126e+02, ratio=0.99116003, threshold=1.0, comparison (ratio >= threshold)=False, extracted_bit=1
[2025-06-03 09:49:01,043] I ThreadPoolExecutor-0_0 - _extract_batch_worker:900 - [Extractor Worker P:444] Selected 2 rings for extraction: [1, 0]. Extracted bits: [0, 1]
[2025-06-03 09:49:01,078] I ThreadPoolExecutor-0_3 - extract_single_bit:727 - [BN P:507, R:3] Decision: s1=3.16856201e+02, s2=3.16839508e+02, ratio=1.00005269, threshold=1.0, comparison (ratio >= threshold)=True, extracted_bit=0
[2025-06-03 09:49:01,079] I ThreadPoolExecutor-0_3 - _extract_batch_worker:900 - [Extractor Worker P:507] Selected 2 rings for extraction: [2, 3]. Extracted bits: [0, 0]
[2025-06-03 09:49:01,083] I ThreadPoolExecutor-0_9 - extract_single_bit:727 - [BN P:299, R:2] Decision: s1=2.75329712e+02, s2=2.76566528e+02, ratio=0.99552796, threshold=1.0, comparison (ratio >= threshold)=False, extracted_bit=1
[2025-06-03 09:49:01,084] I ThreadPoolExecutor-0_9 - _extract_batch_worker:900 - [Extractor Worker P:299] Selected 2 rings for extraction: [4, 2]. Extracted bits: [0, 1]
[2025-06-03 09:49:01,119] I ThreadPoolExecutor-0_10 - extract_single_bit:727 - [BN P:340, R:5] Decision: s1=2.98952576e+02, s2=2.97440216e+02, ratio=1.00508458, threshold=1.0, comparison (ratio >= threshold)=True, extracted_bit=0
[2025-06-03 09:49:01,166] I ThreadPoolExecutor-0_6 - extract_single_bit:727 - [BN P:528, R:2] Decision: s1=2.58758362e+02, s2=2.56747925e+02, ratio=1.00783039, threshold=1.0, comparison (ratio >= threshold)=True, extracted_bit=0
[2025-06-03 09:49:01,167] I ThreadPoolExecutor-0_6 - _extract_batch_worker:900 - [Extractor Worker P:528] Selected 2 rings for extraction: [0, 2]. Extracted bits: [1, 0]
[2025-06-03 09:49:01,217] I ThreadPoolExecutor-0_13 - extract_single_bit:727 - [BN P:320, R:5] Decision: s1=2.98866028e+02, s2=2.97459320e+02, ratio=1.00472908, threshold=1.0, comparison (ratio >= threshold)=True, extracted_bit=0
[2025-06-03 09:49:01,218] I ThreadPoolExecutor-0_2 - extract_single_bit:727 - [BN P:549, R:2] Decision: s1=2.66498749e+02, s2=2.68362701e+02, ratio=0.99305435, threshold=1.0, comparison (ratio >= threshold)=False, extracted_bit=1
[2025-06-03 09:49:01,219] I ThreadPoolExecutor-0_2 - _extract_batch_worker:900 - [Extractor Worker P:549] Selected 2 rings for extraction: [1, 2]. Extracted bits: [0, 1]
[2025-06-03 09:49:01,246] I ThreadPoolExecutor-0_11 - extract_single_bit:727 - [BN P:570, R:1] Decision: s1=2.03704269e+02, s2=2.04912994e+02, ratio=0.99410128, threshold=1.0, comparison (ratio >= threshold)=False, extracted_bit=1
[2025-06-03 09:49:01,248] I ThreadPoolExecutor-0_11 - _extract_batch_worker:900 - [Extractor Worker P:570] Selected 2 rings for extraction: [2, 1]. Extracted bits: [1, 1]
[2025-06-03 09:49:01,303] I ThreadPoolExecutor-0_1 - extract_single_bit:727 - [BN P:382, R:0] Decision: s1=1.15211021e+02, s2=1.16076706e+02, ratio=0.99254213, threshold=1.0, comparison (ratio >= threshold)=False, extracted_bit=1
[2025-06-03 09:49:01,352] I ThreadPoolExecutor-0_12 - extract_single_bit:727 - [BN P:361, R:2] Decision: s1=2.57459198e+02, s2=2.59782593e+02, ratio=0.99105639, threshold=1.0, comparison (ratio >= threshold)=False, extracted_bit=1
[2025-06-03 09:49:01,366] I ThreadPoolExecutor-0_10 - extract_single_bit:727 - [BN P:340, R:2] Decision: s1=2.76647186e+02, s2=2.75529419e+02, ratio=1.00405680, threshold=1.0, comparison (ratio >= threshold)=True, extracted_bit=0
[2025-06-03 09:49:01,366] I ThreadPoolExecutor-0_10 - _extract_batch_worker:900 - [Extractor Worker P:340] Selected 2 rings for extraction: [5, 2]. Extracted bits: [0, 0]
[2025-06-03 09:49:01,466] I ThreadPoolExecutor-0_8 - extract_single_bit:727 - [BN P:403, R:2] Decision: s1=2.59097107e+02, s2=2.61015503e+02, ratio=0.99265026, threshold=1.0, comparison (ratio >= threshold)=False, extracted_bit=1
[2025-06-03 09:49:01,467] I ThreadPoolExecutor-0_13 - extract_single_bit:727 - [BN P:320, R:2] Decision: s1=2.76589447e+02, s2=2.76600372e+02, ratio=0.99996050, threshold=1.0, comparison (ratio >= threshold)=False, extracted_bit=1
[2025-06-03 09:49:01,468] I ThreadPoolExecutor-0_13 - _extract_batch_worker:900 - [Extractor Worker P:320] Selected 2 rings for extraction: [5, 2]. Extracted bits: [0, 1]
[2025-06-03 09:49:01,509] I ThreadPoolExecutor-0_5 - extract_single_bit:727 - [BN P:466, R:1] Decision: s1=2.03106964e+02, s2=2.04491028e+02, ratio=0.99323167, threshold=1.0, comparison (ratio >= threshold)=False, extracted_bit=1
[2025-06-03 09:49:01,524] I ThreadPoolExecutor-0_7 - extract_single_bit:727 - [BN P:424, R:0] Decision: s1=1.12389389e+02, s2=1.13080757e+02, ratio=0.99388607, threshold=1.0, comparison (ratio >= threshold)=False, extracted_bit=1
[2025-06-03 09:49:01,562] I ThreadPoolExecutor-0_1 - extract_single_bit:727 - [BN P:382, R:2] Decision: s1=2.57717133e+02, s2=2.60032593e+02, ratio=0.99109550, threshold=1.0, comparison (ratio >= threshold)=False, extracted_bit=1
[2025-06-03 09:49:01,562] I ThreadPoolExecutor-0_1 - _extract_batch_worker:900 - [Extractor Worker P:382] Selected 2 rings for extraction: [0, 2]. Extracted bits: [1, 1]
[2025-06-03 09:49:01,609] I ThreadPoolExecutor-0_12 - extract_single_bit:727 - [BN P:361, R:5] Decision: s1=2.74547333e+02, s2=2.72906342e+02, ratio=1.00601302, threshold=1.0, comparison (ratio >= threshold)=True, extracted_bit=0
[2025-06-03 09:49:01,609] I ThreadPoolExecutor-0_12 - _extract_batch_worker:900 - [Extractor Worker P:361] Selected 2 rings for extraction: [2, 5]. Extracted bits: [1, 0]
[2025-06-03 09:49:01,642] I ThreadPoolExecutor-0_4 - extract_single_bit:727 - [BN P:487, R:1] Decision: s1=2.08789001e+02, s2=2.06907425e+02, ratio=1.00909381, threshold=1.0, comparison (ratio >= threshold)=True, extracted_bit=0
[2025-06-03 09:49:01,643] I ThreadPoolExecutor-0_0 - extract_single_bit:727 - [BN P:445, R:0] Decision: s1=1.16073853e+02, s2=1.17227211e+02, ratio=0.99016134, threshold=1.0, comparison (ratio >= threshold)=False, extracted_bit=1
[2025-06-03 09:49:01,689] I ThreadPoolExecutor-0_3 - extract_single_bit:727 - [BN P:508, R:2] Decision: s1=2.68921356e+02, s2=2.66783936e+02, ratio=1.00801180, threshold=1.0, comparison (ratio >= threshold)=True, extracted_bit=0
[2025-06-03 09:49:01,719] I ThreadPoolExecutor-0_6 - extract_single_bit:727 - [BN P:529, R:2] Decision: s1=2.58395844e+02, s2=2.56496246e+02, ratio=1.00740595, threshold=1.0, comparison (ratio >= threshold)=True, extracted_bit=0
[2025-06-03 09:49:01,728] I ThreadPoolExecutor-0_8 - extract_single_bit:727 - [BN P:403, R:5] Decision: s1=2.72845306e+02, s2=2.74541412e+02, ratio=0.99382204, threshold=1.0, comparison (ratio >= threshold)=False, extracted_bit=1
[2025-06-03 09:49:01,728] I ThreadPoolExecutor-0_8 - _extract_batch_worker:900 - [Extractor Worker P:403] Selected 2 rings for extraction: [2, 5]. Extracted bits: [1, 1]
[2025-06-03 09:49:01,749] I ThreadPoolExecutor-0_9 - extract_single_bit:727 - [BN P:300, R:1] Decision: s1=2.13400467e+02, s2=2.13400436e+02, ratio=1.00000014, threshold=1.0, comparison (ratio >= threshold)=True, extracted_bit=0
[2025-06-03 09:49:01,776] I ThreadPoolExecutor-0_5 - extract_single_bit:727 - [BN P:466, R:4] Decision: s1=2.92853271e+02, s2=2.95145111e+02, ratio=0.99223487, threshold=1.0, comparison (ratio >= threshold)=False, extracted_bit=1
[2025-06-03 09:49:01,777] I ThreadPoolExecutor-0_5 - _extract_batch_worker:900 - [Extractor Worker P:466] Selected 2 rings for extraction: [1, 4]. Extracted bits: [1, 1]
[2025-06-03 09:49:01,812] I ThreadPoolExecutor-0_2 - extract_single_bit:727 - [BN P:550, R:1] Decision: s1=2.06341446e+02, s2=2.07738815e+02, ratio=0.99327343, threshold=1.0, comparison (ratio >= threshold)=False, extracted_bit=1
[2025-06-03 09:49:01,826] I ThreadPoolExecutor-0_7 - extract_single_bit:727 - [BN P:424, R:5] Decision: s1=2.74847198e+02, s2=2.73141541e+02, ratio=1.00624459, threshold=1.0, comparison (ratio >= threshold)=True, extracted_bit=0
[2025-06-03 09:49:01,828] I ThreadPoolExecutor-0_7 - _extract_batch_worker:900 - [Extractor Worker P:424] Selected 2 rings for extraction: [0, 5]. Extracted bits: [1, 0]
[2025-06-03 09:49:01,845] I ThreadPoolExecutor-0_11 - extract_single_bit:727 - [BN P:571, R:2] Decision: s1=2.69419464e+02, s2=2.67741455e+02, ratio=1.00626727, threshold=1.0, comparison (ratio >= threshold)=True, extracted_bit=0
[2025-06-03 09:49:01,902] I ThreadPoolExecutor-0_4 - extract_single_bit:727 - [BN P:487, R:0] Decision: s1=1.18878349e+02, s2=1.20085419e+02, ratio=0.98994824, threshold=1.0, comparison (ratio >= threshold)=False, extracted_bit=1
[2025-06-03 09:49:01,902] I ThreadPoolExecutor-0_4 - _extract_batch_worker:900 - [Extractor Worker P:487] Selected 2 rings for extraction: [1, 0]. Extracted bits: [0, 1]
[2025-06-03 09:49:01,915] I ThreadPoolExecutor-0_0 - extract_single_bit:727 - [BN P:445, R:2] Decision: s1=2.58962708e+02, s2=2.61050537e+02, ratio=0.99200220, threshold=1.0, comparison (ratio >= threshold)=False, extracted_bit=1
[2025-06-03 09:49:01,915] I ThreadPoolExecutor-0_0 - _extract_batch_worker:900 - [Extractor Worker P:445] Selected 2 rings for extraction: [0, 2]. Extracted bits: [1, 1]
[2025-06-03 09:49:01,968] I ThreadPoolExecutor-0_3 - extract_single_bit:727 - [BN P:508, R:7] Decision: s1=1.60605927e+02, s2=1.62144165e+02, ratio=0.99051314, threshold=1.0, comparison (ratio >= threshold)=False, extracted_bit=1
[2025-06-03 09:49:01,970] I ThreadPoolExecutor-0_3 - _extract_batch_worker:900 - [Extractor Worker P:508] Selected 2 rings for extraction: [2, 7]. Extracted bits: [0, 1]
[2025-06-03 09:49:01,979] I ThreadPoolExecutor-0_6 - extract_single_bit:727 - [BN P:529, R:1] Decision: s1=1.98864655e+02, s2=2.00445679e+02, ratio=0.99211246, threshold=1.0, comparison (ratio >= threshold)=False, extracted_bit=1
[2025-06-03 09:49:01,980] I ThreadPoolExecutor-0_10 - extract_single_bit:727 - [BN P:341, R:1] Decision: s1=2.13384644e+02, s2=2.13401947e+02, ratio=0.99991892, threshold=1.0, comparison (ratio >= threshold)=False, extracted_bit=1
[2025-06-03 09:49:01,982] I ThreadPoolExecutor-0_6 - _extract_batch_worker:900 - [Extractor Worker P:529] Selected 2 rings for extraction: [2, 1]. Extracted bits: [0, 1]
[2025-06-03 09:49:02,016] I ThreadPoolExecutor-0_9 - extract_single_bit:727 - [BN P:300, R:4] Decision: s1=3.05881348e+02, s2=3.07452393e+02, ratio=0.99489012, threshold=1.0, comparison (ratio >= threshold)=False, extracted_bit=1
[2025-06-03 09:49:02,017] I ThreadPoolExecutor-0_9 - _extract_batch_worker:900 - [Extractor Worker P:300] Selected 2 rings for extraction: [1, 4]. Extracted bits: [0, 1]
[2025-06-03 09:49:02,032] I ThreadPoolExecutor-0_13 - extract_single_bit:727 - [BN P:321, R:5] Decision: s1=2.97391113e+02, s2=2.98886200e+02, ratio=0.99499781, threshold=1.0, comparison (ratio >= threshold)=False, extracted_bit=1
[2025-06-03 09:49:02,071] I ThreadPoolExecutor-0_2 - extract_single_bit:727 - [BN P:550, R:4] Decision: s1=2.97721130e+02, s2=2.97724915e+02, ratio=0.99998729, threshold=1.0, comparison (ratio >= threshold)=False, extracted_bit=1
[2025-06-03 09:49:02,073] I ThreadPoolExecutor-0_2 - _extract_batch_worker:900 - [Extractor Worker P:550] Selected 2 rings for extraction: [1, 4]. Extracted bits: [1, 1]
[2025-06-03 09:49:02,110] I ThreadPoolExecutor-0_11 - extract_single_bit:727 - [BN P:571, R:1] Decision: s1=2.03433472e+02, s2=2.04644150e+02, ratio=0.99408398, threshold=1.0, comparison (ratio >= threshold)=False, extracted_bit=1
[2025-06-03 09:49:02,111] I ThreadPoolExecutor-0_11 - _extract_batch_worker:900 - [Extractor Worker P:571] Selected 2 rings for extraction: [2, 1]. Extracted bits: [0, 1]
[2025-06-03 09:49:02,171] I ThreadPoolExecutor-0_1 - extract_single_bit:727 - [BN P:383, R:0] Decision: s1=1.15947617e+02, s2=1.14572624e+02, ratio=1.01200106, threshold=1.0, comparison (ratio >= threshold)=True, extracted_bit=0
[2025-06-03 09:49:02,225] I ThreadPoolExecutor-0_12 - extract_single_bit:727 - [BN P:362, R:1] Decision: s1=2.02881805e+02, s2=2.01207581e+02, ratio=1.00832088, threshold=1.0, comparison (ratio >= threshold)=True, extracted_bit=0
[2025-06-03 09:49:02,236] I ThreadPoolExecutor-0_10 - extract_single_bit:727 - [BN P:341, R:3] Decision: s1=3.25334137e+02, s2=3.26806427e+02, ratio=0.99549492, threshold=1.0, comparison (ratio >= threshold)=False, extracted_bit=1
[2025-06-03 09:49:02,237] I ThreadPoolExecutor-0_10 - _extract_batch_worker:900 - [Extractor Worker P:341] Selected 2 rings for extraction: [1, 3]. Extracted bits: [1, 1]
[2025-06-03 09:49:02,282] I ThreadPoolExecutor-0_5 - extract_single_bit:727 - [BN P:467, R:1] Decision: s1=2.03141571e+02, s2=2.04740021e+02, ratio=0.99219278, threshold=1.0, comparison (ratio >= threshold)=False, extracted_bit=1
[2025-06-03 09:49:02,284] I ThreadPoolExecutor-0_8 - extract_single_bit:727 - [BN P:404, R:1] Decision: s1=2.03421768e+02, s2=2.01551498e+02, ratio=1.00927936, threshold=1.0, comparison (ratio >= threshold)=True, extracted_bit=0
[2025-06-03 09:49:02,302] I ThreadPoolExecutor-0_13 - extract_single_bit:727 - [BN P:321, R:1] Decision: s1=2.13393677e+02, s2=2.13403366e+02, ratio=0.99995460, threshold=1.0, comparison (ratio >= threshold)=False, extracted_bit=1
[2025-06-03 09:49:02,302] I ThreadPoolExecutor-0_13 - _extract_batch_worker:900 - [Extractor Worker P:321] Selected 2 rings for extraction: [5, 1]. Extracted bits: [1, 1]
[2025-06-03 09:49:02,411] I ThreadPoolExecutor-0_1 - extract_single_bit:727 - [BN P:383, R:4] Decision: s1=2.85961395e+02, s2=2.88057343e+02, ratio=0.99272385, threshold=1.0, comparison (ratio >= threshold)=False, extracted_bit=1
[2025-06-03 09:49:02,411] I ThreadPoolExecutor-0_1 - _extract_batch_worker:900 - [Extractor Worker P:383] Selected 2 rings for extraction: [0, 4]. Extracted bits: [0, 1]
[2025-06-03 09:49:02,455] I ThreadPoolExecutor-0_7 - extract_single_bit:727 - [BN P:425, R:0] Decision: s1=1.12197517e+02, s2=1.13100815e+02, ratio=0.99201334, threshold=1.0, comparison (ratio >= threshold)=False, extracted_bit=1
[2025-06-03 09:49:02,474] I ThreadPoolExecutor-0_4 - extract_single_bit:727 - [BN P:488, R:6] Decision: s1=2.78106171e+02, s2=2.75883179e+02, ratio=1.00805773, threshold=1.0, comparison (ratio >= threshold)=True, extracted_bit=0
[2025-06-03 09:49:02,487] I ThreadPoolExecutor-0_12 - extract_single_bit:727 - [BN P:362, R:2] Decision: s1=2.59984863e+02, s2=2.58043732e+02, ratio=1.00752249, threshold=1.0, comparison (ratio >= threshold)=True, extracted_bit=0
[2025-06-03 09:49:02,487] I ThreadPoolExecutor-0_12 - _extract_batch_worker:900 - [Extractor Worker P:362] Selected 2 rings for extraction: [1, 2]. Extracted bits: [0, 0]
[2025-06-03 09:49:02,530] I ThreadPoolExecutor-0_0 - extract_single_bit:727 - [BN P:446, R:0] Decision: s1=1.16418060e+02, s2=1.17243088e+02, ratio=0.99296310, threshold=1.0, comparison (ratio >= threshold)=False, extracted_bit=1
[2025-06-03 09:49:02,535] I ThreadPoolExecutor-0_3 - extract_single_bit:727 - [BN P:509, R:6] Decision: s1=2.71756866e+02, s2=2.74098053e+02, ratio=0.99145858, threshold=1.0, comparison (ratio >= threshold)=False, extracted_bit=1
[2025-06-03 09:49:02,543] I ThreadPoolExecutor-0_5 - extract_single_bit:727 - [BN P:467, R:5] Decision: s1=2.78048950e+02, s2=2.80387939e+02, ratio=0.99165802, threshold=1.0, comparison (ratio >= threshold)=False, extracted_bit=1
[2025-06-03 09:49:02,544] I ThreadPoolExecutor-0_5 - _extract_batch_worker:900 - [Extractor Worker P:467] Selected 2 rings for extraction: [1, 5]. Extracted bits: [1, 1]
[2025-06-03 09:49:02,549] I ThreadPoolExecutor-0_8 - extract_single_bit:727 - [BN P:404, R:2] Decision: s1=2.61050995e+02, s2=2.59121979e+02, ratio=1.00744443, threshold=1.0, comparison (ratio >= threshold)=True, extracted_bit=0
[2025-06-03 09:49:02,550] I ThreadPoolExecutor-0_8 - _extract_batch_worker:900 - [Extractor Worker P:404] Selected 2 rings for extraction: [1, 2]. Extracted bits: [0, 0]
[2025-06-03 09:49:02,590] I ThreadPoolExecutor-0_6 - extract_single_bit:727 - [BN P:530, R:2] Decision: s1=2.56427368e+02, s2=2.58437317e+02, ratio=0.99222268, threshold=1.0, comparison (ratio >= threshold)=False, extracted_bit=1
[2025-06-03 09:49:02,599] I ThreadPoolExecutor-0_9 - extract_single_bit:727 - [BN P:301, R:4] Decision: s1=3.07453674e+02, s2=3.05949341e+02, ratio=1.00491694, threshold=1.0, comparison (ratio >= threshold)=True, extracted_bit=0
[2025-06-03 09:49:02,675] I ThreadPoolExecutor-0_11 - extract_single_bit:727 - [BN P:572, R:2] Decision: s1=2.69680481e+02, s2=2.67382965e+02, ratio=1.00859260, threshold=1.0, comparison (ratio >= threshold)=True, extracted_bit=0
[2025-06-03 09:49:02,692] I ThreadPoolExecutor-0_2 - extract_single_bit:727 - [BN P:551, R:1] Decision: s1=2.07820480e+02, s2=2.06309860e+02, ratio=1.00732209, threshold=1.0, comparison (ratio >= threshold)=True, extracted_bit=0
[2025-06-03 09:49:02,731] I ThreadPoolExecutor-0_7 - extract_single_bit:727 - [BN P:425, R:5] Decision: s1=2.74801208e+02, s2=2.73108459e+02, ratio=1.00619808, threshold=1.0, comparison (ratio >= threshold)=True, extracted_bit=0
[2025-06-03 09:49:02,731] I ThreadPoolExecutor-0_7 - _extract_batch_worker:900 - [Extractor Worker P:425] Selected 2 rings for extraction: [0, 5]. Extracted bits: [1, 0]
[2025-06-03 09:49:02,742] I ThreadPoolExecutor-0_4 - extract_single_bit:727 - [BN P:488, R:2] Decision: s1=2.69799225e+02, s2=2.72200623e+02, ratio=0.99117784, threshold=1.0, comparison (ratio >= threshold)=False, extracted_bit=1
[2025-06-03 09:49:02,742] I ThreadPoolExecutor-0_4 - _extract_batch_worker:900 - [Extractor Worker P:488] Selected 2 rings for extraction: [6, 2]. Extracted bits: [0, 1]
[2025-06-03 09:49:02,791] I ThreadPoolExecutor-0_10 - extract_single_bit:727 - [BN P:342, R:5] Decision: s1=2.98891724e+02, s2=2.97420654e+02, ratio=1.00494609, threshold=1.0, comparison (ratio >= threshold)=True, extracted_bit=0
[2025-06-03 09:49:02,791] I ThreadPoolExecutor-0_0 - extract_single_bit:727 - [BN P:446, R:5] Decision: s1=2.72992523e+02, s2=2.74644562e+02, ratio=0.99398481, threshold=1.0, comparison (ratio >= threshold)=False, extracted_bit=1
[2025-06-03 09:49:02,792] I ThreadPoolExecutor-0_0 - _extract_batch_worker:900 - [Extractor Worker P:446] Selected 2 rings for extraction: [0, 5]. Extracted bits: [1, 1]
[2025-06-03 09:49:02,804] I ThreadPoolExecutor-0_3 - extract_single_bit:727 - [BN P:509, R:5] Decision: s1=2.82986969e+02, s2=2.82999298e+02, ratio=0.99995643, threshold=1.0, comparison (ratio >= threshold)=False, extracted_bit=1
[2025-06-03 09:49:02,805] I ThreadPoolExecutor-0_3 - _extract_batch_worker:900 - [Extractor Worker P:509] Selected 2 rings for extraction: [6, 5]. Extracted bits: [1, 1]
[2025-06-03 09:49:02,834] I ThreadPoolExecutor-0_6 - extract_single_bit:727 - [BN P:530, R:3] Decision: s1=3.02443298e+02, s2=3.04893433e+02, ratio=0.99196397, threshold=1.0, comparison (ratio >= threshold)=False, extracted_bit=1
[2025-06-03 09:49:02,836] I ThreadPoolExecutor-0_6 - _extract_batch_worker:900 - [Extractor Worker P:530] Selected 2 rings for extraction: [2, 3]. Extracted bits: [1, 1]
[2025-06-03 09:49:02,894] I ThreadPoolExecutor-0_9 - extract_single_bit:727 - [BN P:301, R:2] Decision: s1=2.76661621e+02, s2=2.75660889e+02, ratio=1.00363030, threshold=1.0, comparison (ratio >= threshold)=True, extracted_bit=0
[2025-06-03 09:49:02,894] I ThreadPoolExecutor-0_9 - _extract_batch_worker:900 - [Extractor Worker P:301] Selected 2 rings for extraction: [4, 2]. Extracted bits: [0, 0]
[2025-06-03 09:49:02,910] I ThreadPoolExecutor-0_13 - extract_single_bit:727 - [BN P:322, R:5] Decision: s1=2.97391541e+02, s2=2.98871796e+02, ratio=0.99504719, threshold=1.0, comparison (ratio >= threshold)=False, extracted_bit=1
[2025-06-03 09:49:02,931] I ThreadPoolExecutor-0_11 - extract_single_bit:727 - [BN P:572, R:3] Decision: s1=3.15143829e+02, s2=3.17900146e+02, ratio=0.99132961, threshold=1.0, comparison (ratio >= threshold)=False, extracted_bit=1
[2025-06-03 09:49:02,932] I ThreadPoolExecutor-0_11 - _extract_batch_worker:900 - [Extractor Worker P:572] Selected 2 rings for extraction: [2, 3]. Extracted bits: [0, 1]
[2025-06-03 09:49:02,954] I ThreadPoolExecutor-0_2 - extract_single_bit:727 - [BN P:551, R:3] Decision: s1=3.14085815e+02, s2=3.16845123e+02, ratio=0.99129130, threshold=1.0, comparison (ratio >= threshold)=False, extracted_bit=1
[2025-06-03 09:49:02,955] I ThreadPoolExecutor-0_2 - _extract_batch_worker:900 - [Extractor Worker P:551] Selected 2 rings for extraction: [1, 3]. Extracted bits: [0, 1]
[2025-06-03 09:49:03,015] I ThreadPoolExecutor-0_1 - extract_single_bit:727 - [BN P:384, R:0] Decision: s1=1.14311172e+02, s2=1.15419006e+02, ratio=0.99040163, threshold=1.0, comparison (ratio >= threshold)=False, extracted_bit=1
[2025-06-03 09:49:03,064] I ThreadPoolExecutor-0_10 - extract_single_bit:727 - [BN P:342, R:3] Decision: s1=3.26796844e+02, s2=3.26840393e+02, ratio=0.99986676, threshold=1.0, comparison (ratio >= threshold)=False, extracted_bit=1
[2025-06-03 09:49:03,064] I ThreadPoolExecutor-0_10 - _extract_batch_worker:900 - [Extractor Worker P:342] Selected 2 rings for extraction: [5, 3]. Extracted bits: [0, 1]
[2025-06-03 09:49:03,095] I ThreadPoolExecutor-0_12 - extract_single_bit:727 - [BN P:363, R:0] Decision: s1=1.15552254e+02, s2=1.16491028e+02, ratio=0.99194123, threshold=1.0, comparison (ratio >= threshold)=False, extracted_bit=1
[2025-06-03 09:49:03,113] I ThreadPoolExecutor-0_5 - extract_single_bit:727 - [BN P:468, R:2] Decision: s1=2.71282501e+02, s2=2.70066162e+02, ratio=1.00450386, threshold=1.0, comparison (ratio >= threshold)=True, extracted_bit=0
[2025-06-03 09:49:03,167] I ThreadPoolExecutor-0_13 - extract_single_bit:727 - [BN P:322, R:1] Decision: s1=2.13402267e+02, s2=2.13396927e+02, ratio=1.00002503, threshold=1.0, comparison (ratio >= threshold)=True, extracted_bit=0
[2025-06-03 09:49:03,167] I ThreadPoolExecutor-0_13 - _extract_batch_worker:900 - [Extractor Worker P:322] Selected 2 rings for extraction: [5, 1]. Extracted bits: [1, 0]
[2025-06-03 09:49:03,221] I ThreadPoolExecutor-0_8 - extract_single_bit:727 - [BN P:405, R:1] Decision: s1=2.01428848e+02, s2=2.03182327e+02, ratio=0.99136992, threshold=1.0, comparison (ratio >= threshold)=False, extracted_bit=1
[2025-06-03 09:49:03,276] I ThreadPoolExecutor-0_1 - extract_single_bit:727 - [BN P:384, R:1] Decision: s1=1.99081207e+02, s2=1.97390091e+02, ratio=1.00856738, threshold=1.0, comparison (ratio >= threshold)=True, extracted_bit=0
[2025-06-03 09:49:03,277] I ThreadPoolExecutor-0_1 - _extract_batch_worker:900 - [Extractor Worker P:384] Selected 2 rings for extraction: [0, 1]. Extracted bits: [1, 0]
[2025-06-03 09:49:03,327] I ThreadPoolExecutor-0_12 - extract_single_bit:727 - [BN P:363, R:1] Decision: s1=2.02961716e+02, s2=2.01532181e+02, ratio=1.00709333, threshold=1.0, comparison (ratio >= threshold)=True, extracted_bit=0
[2025-06-03 09:49:03,328] I ThreadPoolExecutor-0_12 - _extract_batch_worker:900 - [Extractor Worker P:363] Selected 2 rings for extraction: [0, 1]. Extracted bits: [1, 0]
[2025-06-03 09:49:03,334] I ThreadPoolExecutor-0_7 - extract_single_bit:727 - [BN P:426, R:1] Decision: s1=2.01240158e+02, s2=1.99623062e+02, ratio=1.00810075, threshold=1.0, comparison (ratio >= threshold)=True, extracted_bit=0
[2025-06-03 09:49:03,336] I ThreadPoolExecutor-0_5 - extract_single_bit:727 - [BN P:468, R:4] Decision: s1=2.95097687e+02, s2=2.93346130e+02, ratio=1.00597095, threshold=1.0, comparison (ratio >= threshold)=True, extracted_bit=0
[2025-06-03 09:49:03,337] I ThreadPoolExecutor-0_5 - _extract_batch_worker:900 - [Extractor Worker P:468] Selected 2 rings for extraction: [2, 4]. Extracted bits: [0, 0]
[2025-06-03 09:49:03,359] I ThreadPoolExecutor-0_4 - extract_single_bit:727 - [BN P:489, R:1] Decision: s1=2.06899948e+02, s2=2.08691101e+02, ratio=0.99141720, threshold=1.0, comparison (ratio >= threshold)=False, extracted_bit=1
[2025-06-03 09:49:03,376] I ThreadPoolExecutor-0_0 - extract_single_bit:727 - [BN P:447, R:1] Decision: s1=2.02489944e+02, s2=2.00913742e+02, ratio=1.00784517, threshold=1.0, comparison (ratio >= threshold)=True, extracted_bit=0
[2025-06-03 09:49:03,402] I ThreadPoolExecutor-0_3 - extract_single_bit:727 - [BN P:510, R:6] Decision: s1=2.71065186e+02, s2=2.72981842e+02, ratio=0.99297881, threshold=1.0, comparison (ratio >= threshold)=False, extracted_bit=1
[2025-06-03 09:49:03,434] I ThreadPoolExecutor-0_6 - extract_single_bit:727 - [BN P:531, R:3] Decision: s1=3.02235382e+02, s2=3.06619263e+02, ratio=0.98570253, threshold=1.0, comparison (ratio >= threshold)=False, extracted_bit=1
[2025-06-03 09:49:03,449] I ThreadPoolExecutor-0_9 - extract_single_bit:727 - [BN P:302, R:3] Decision: s1=3.26874634e+02, s2=3.26895874e+02, ratio=0.99993502, threshold=1.0, comparison (ratio >= threshold)=False, extracted_bit=1
[2025-06-03 09:49:03,480] I ThreadPoolExecutor-0_11 - extract_single_bit:727 - [BN P:573, R:0] Decision: s1=1.18869492e+02, s2=1.19527046e+02, ratio=0.99449870, threshold=1.0, comparison (ratio >= threshold)=False, extracted_bit=1
[2025-06-03 09:49:03,507] I ThreadPoolExecutor-0_8 - extract_single_bit:727 - [BN P:405, R:4] Decision: s1=2.88140381e+02, s2=2.86030701e+02, ratio=1.00737571, threshold=1.0, comparison (ratio >= threshold)=True, extracted_bit=0
[2025-06-03 09:49:03,507] I ThreadPoolExecutor-0_8 - _extract_batch_worker:900 - [Extractor Worker P:405] Selected 2 rings for extraction: [1, 4]. Extracted bits: [1, 0]
[2025-06-03 09:49:03,563] I ThreadPoolExecutor-0_2 - extract_single_bit:727 - [BN P:552, R:1] Decision: s1=2.06456528e+02, s2=2.07996384e+02, ratio=0.99259672, threshold=1.0, comparison (ratio >= threshold)=False, extracted_bit=1
[2025-06-03 09:49:03,654] I ThreadPoolExecutor-0_10 - extract_single_bit:727 - [BN P:343, R:1] Decision: s1=2.13397430e+02, s2=2.13404617e+02, ratio=0.99996632, threshold=1.0, comparison (ratio >= threshold)=False, extracted_bit=1
[2025-06-03 09:49:03,717] I ThreadPoolExecutor-0_4 - extract_single_bit:727 - [BN P:489, R:6] Decision: s1=2.78416443e+02, s2=2.76474274e+02, ratio=1.00702477, threshold=1.0, comparison (ratio >= threshold)=True, extracted_bit=0
[2025-06-03 09:49:03,718] I ThreadPoolExecutor-0_4 - _extract_batch_worker:900 - [Extractor Worker P:489] Selected 2 rings for extraction: [1, 6]. Extracted bits: [1, 0]
[2025-06-03 09:49:03,721] I ThreadPoolExecutor-0_7 - extract_single_bit:727 - [BN P:426, R:2] Decision: s1=2.61488312e+02, s2=2.59561798e+02, ratio=1.00742218, threshold=1.0, comparison (ratio >= threshold)=True, extracted_bit=0
[2025-06-03 09:49:03,722] I ThreadPoolExecutor-0_7 - _extract_batch_worker:900 - [Extractor Worker P:426] Selected 2 rings for extraction: [1, 2]. Extracted bits: [0, 0]
[2025-06-03 09:49:03,761] I ThreadPoolExecutor-0_3 - extract_single_bit:727 - [BN P:510, R:2] Decision: s1=2.67188873e+02, s2=2.69455536e+02, ratio=0.99158799, threshold=1.0, comparison (ratio >= threshold)=False, extracted_bit=1
[2025-06-03 09:49:03,762] I ThreadPoolExecutor-0_0 - extract_single_bit:727 - [BN P:447, R:4] Decision: s1=2.85875000e+02, s2=2.87957336e+02, ratio=0.99276859, threshold=1.0, comparison (ratio >= threshold)=False, extracted_bit=1
[2025-06-03 09:49:03,763] I ThreadPoolExecutor-0_3 - _extract_batch_worker:900 - [Extractor Worker P:510] Selected 2 rings for extraction: [6, 2]. Extracted bits: [1, 1]
[2025-06-03 09:49:03,763] I ThreadPoolExecutor-0_0 - _extract_batch_worker:900 - [Extractor Worker P:447] Selected 2 rings for extraction: [1, 4]. Extracted bits: [0, 1]
[2025-06-03 09:49:03,772] I ThreadPoolExecutor-0_6 - extract_single_bit:727 - [BN P:531, R:1] Decision: s1=1.97411377e+02, s2=1.98906998e+02, ratio=0.99248080, threshold=1.0, comparison (ratio >= threshold)=False, extracted_bit=1
[2025-06-03 09:49:03,775] I ThreadPoolExecutor-0_6 - _extract_batch_worker:900 - [Extractor Worker P:531] Selected 2 rings for extraction: [3, 1]. Extracted bits: [1, 1]
[2025-06-03 09:49:03,796] I ThreadPoolExecutor-0_9 - extract_single_bit:727 - [BN P:302, R:1] Decision: s1=2.13382523e+02, s2=2.13394592e+02, ratio=0.99994344, threshold=1.0, comparison (ratio >= threshold)=False, extracted_bit=1
[2025-06-03 09:49:03,797] I ThreadPoolExecutor-0_9 - _extract_batch_worker:900 - [Extractor Worker P:302] Selected 2 rings for extraction: [3, 1]. Extracted bits: [1, 1]
[2025-06-03 09:49:03,830] I ThreadPoolExecutor-0_11 - extract_single_bit:727 - [BN P:573, R:1] Decision: s1=2.03025894e+02, s2=2.04385757e+02, ratio=0.99334658, threshold=1.0, comparison (ratio >= threshold)=False, extracted_bit=1
[2025-06-03 09:49:03,831] I ThreadPoolExecutor-0_11 - _extract_batch_worker:900 - [Extractor Worker P:573] Selected 2 rings for extraction: [0, 1]. Extracted bits: [1, 1]
[2025-06-03 09:49:03,841] I ThreadPoolExecutor-0_13 - extract_single_bit:727 - [BN P:323, R:1] Decision: s1=2.13403793e+02, s2=2.13393631e+02, ratio=1.00004762, threshold=1.0, comparison (ratio >= threshold)=True, extracted_bit=0
[2025-06-03 09:49:03,871] I ThreadPoolExecutor-0_2 - extract_single_bit:727 - [BN P:552, R:4] Decision: s1=2.98829956e+02, s2=2.96090698e+02, ratio=1.00925141, threshold=1.0, comparison (ratio >= threshold)=True, extracted_bit=0
[2025-06-03 09:49:03,873] I ThreadPoolExecutor-0_2 - _extract_batch_worker:900 - [Extractor Worker P:552] Selected 2 rings for extraction: [1, 4]. Extracted bits: [1, 0]
[2025-06-03 09:49:03,906] I ThreadPoolExecutor-0_10 - extract_single_bit:727 - [BN P:343, R:7] Decision: s1=1.68307632e+02, s2=1.67295319e+02, ratio=1.00605106, threshold=1.0, comparison (ratio >= threshold)=True, extracted_bit=0
[2025-06-03 09:49:03,910] I ThreadPoolExecutor-0_10 - _extract_batch_worker:900 - [Extractor Worker P:343] Selected 2 rings for extraction: [1, 7]. Extracted bits: [1, 0]
[2025-06-03 09:49:03,970] I ThreadPoolExecutor-0_1 - extract_single_bit:727 - [BN P:385, R:1] Decision: s1=1.97414474e+02, s2=1.99286743e+02, ratio=0.99060515, threshold=1.0, comparison (ratio >= threshold)=False, extracted_bit=1
[2025-06-03 09:49:03,982] I ThreadPoolExecutor-0_12 - extract_single_bit:727 - [BN P:364, R:1] Decision: s1=2.01600677e+02, s2=2.03252686e+02, ratio=0.99187215, threshold=1.0, comparison (ratio >= threshold)=False, extracted_bit=1
[2025-06-03 09:49:04,012] I ThreadPoolExecutor-0_5 - extract_single_bit:727 - [BN P:469, R:4] Decision: s1=2.95558777e+02, s2=2.93112030e+02, ratio=1.00834748, threshold=1.0, comparison (ratio >= threshold)=True, extracted_bit=0
[2025-06-03 09:49:04,116] I ThreadPoolExecutor-0_13 - extract_single_bit:727 - [BN P:323, R:4] Decision: s1=3.07413910e+02, s2=3.06019775e+02, ratio=1.00455570, threshold=1.0, comparison (ratio >= threshold)=True, extracted_bit=0
[2025-06-03 09:49:04,117] I ThreadPoolExecutor-0_13 - _extract_batch_worker:900 - [Extractor Worker P:323] Selected 2 rings for extraction: [1, 4]. Extracted bits: [0, 0]
[2025-06-03 09:49:04,168] I ThreadPoolExecutor-0_8 - extract_single_bit:727 - [BN P:406, R:2] Decision: s1=2.61425171e+02, s2=2.59580139e+02, ratio=1.00710775, threshold=1.0, comparison (ratio >= threshold)=True, extracted_bit=0
[2025-06-03 09:49:04,223] I ThreadPoolExecutor-0_12 - extract_single_bit:727 - [BN P:364, R:2] Decision: s1=2.60421814e+02, s2=2.58468842e+02, ratio=1.00755593, threshold=1.0, comparison (ratio >= threshold)=True, extracted_bit=0
[2025-06-03 09:49:04,224] I ThreadPoolExecutor-0_12 - _extract_batch_worker:900 - [Extractor Worker P:364] Selected 2 rings for extraction: [1, 2]. Extracted bits: [1, 0]
[2025-06-03 09:49:04,226] I ThreadPoolExecutor-0_1 - extract_single_bit:727 - [BN P:385, R:5] Decision: s1=2.72920990e+02, s2=2.74531860e+02, ratio=0.99413230, threshold=1.0, comparison (ratio >= threshold)=False, extracted_bit=1
[2025-06-03 09:49:04,226] I ThreadPoolExecutor-0_1 - _extract_batch_worker:900 - [Extractor Worker P:385] Selected 2 rings for extraction: [1, 5]. Extracted bits: [1, 1]
[2025-06-03 09:49:04,256] I ThreadPoolExecutor-0_5 - extract_single_bit:727 - [BN P:469, R:2] Decision: s1=2.70064667e+02, s2=2.72414001e+02, ratio=0.99137587, threshold=1.0, comparison (ratio >= threshold)=False, extracted_bit=1
[2025-06-03 09:49:04,256] I ThreadPoolExecutor-0_5 - _extract_batch_worker:900 - [Extractor Worker P:469] Selected 2 rings for extraction: [4, 2]. Extracted bits: [0, 1]
[2025-06-03 09:49:04,290] I ThreadPoolExecutor-0_4 - extract_single_bit:727 - [BN P:490, R:1] Decision: s1=2.08681381e+02, s2=2.06765686e+02, ratio=1.00926505, threshold=1.0, comparison (ratio >= threshold)=True, extracted_bit=0
[2025-06-03 09:49:04,390] I ThreadPoolExecutor-0_3 - extract_single_bit:727 - [BN P:511, R:2] Decision: s1=2.69461182e+02, s2=2.67453186e+02, ratio=1.00750784, threshold=1.0, comparison (ratio >= threshold)=True, extracted_bit=0
[2025-06-03 09:49:04,439] I ThreadPoolExecutor-0_8 - extract_single_bit:727 - [BN P:406, R:5] Decision: s1=2.73053986e+02, s2=2.74753021e+02, ratio=0.99381613, threshold=1.0, comparison (ratio >= threshold)=False, extracted_bit=1
[2025-06-03 09:49:04,439] I ThreadPoolExecutor-0_8 - _extract_batch_worker:900 - [Extractor Worker P:406] Selected 2 rings for extraction: [2, 5]. Extracted bits: [0, 1]
[2025-06-03 09:49:04,443] I ThreadPoolExecutor-0_6 - extract_single_bit:727 - [BN P:532, R:3] Decision: s1=3.06640198e+02, s2=3.06786316e+02, ratio=0.99952371, threshold=1.0, comparison (ratio >= threshold)=False, extracted_bit=1
[2025-06-03 09:49:04,450] I ThreadPoolExecutor-0_9 - extract_single_bit:727 - [BN P:303, R:2] Decision: s1=2.76577728e+02, s2=2.75324554e+02, ratio=1.00455162, threshold=1.0, comparison (ratio >= threshold)=True, extracted_bit=0
[2025-06-03 09:49:04,452] I ThreadPoolExecutor-0_11 - extract_single_bit:727 - [BN P:574, R:0] Decision: s1=1.18876205e+02, s2=1.19701752e+02, ratio=0.99310331, threshold=1.0, comparison (ratio >= threshold)=False, extracted_bit=1
[2025-06-03 09:49:04,465] I ThreadPoolExecutor-0_2 - extract_single_bit:727 - [BN P:553, R:1] Decision: s1=2.06672592e+02, s2=2.08105850e+02, ratio=0.99311284, threshold=1.0, comparison (ratio >= threshold)=False, extracted_bit=1
[2025-06-03 09:49:04,500] I ThreadPoolExecutor-0_0 - extract_single_bit:727 - [BN P:448, R:1] Decision: s1=2.02833847e+02, s2=2.01248871e+02, ratio=1.00787570, threshold=1.0, comparison (ratio >= threshold)=True, extracted_bit=0
[2025-06-03 09:49:04,531] I ThreadPoolExecutor-0_7 - extract_single_bit:727 - [BN P:427, R:1] Decision: s1=2.01143875e+02, s2=1.99474701e+02, ratio=1.00836785, threshold=1.0, comparison (ratio >= threshold)=True, extracted_bit=0
[2025-06-03 09:49:04,554] I ThreadPoolExecutor-0_10 - extract_single_bit:727 - [BN P:344, R:5] Decision: s1=2.98928131e+02, s2=2.97456940e+02, ratio=1.00494590, threshold=1.0, comparison (ratio >= threshold)=True, extracted_bit=0
[2025-06-03 09:49:04,587] I ThreadPoolExecutor-0_4 - extract_single_bit:727 - [BN P:490, R:0] Decision: s1=1.20050148e+02, s2=1.18750847e+02, ratio=1.01094141, threshold=1.0, comparison (ratio >= threshold)=True, extracted_bit=0
[2025-06-03 09:49:04,589] I ThreadPoolExecutor-0_4 - _extract_batch_worker:900 - [Extractor Worker P:490] Selected 2 rings for extraction: [1, 0]. Extracted bits: [0, 0]
[2025-06-03 09:49:04,643] I ThreadPoolExecutor-0_3 - extract_single_bit:727 - [BN P:511, R:5] Decision: s1=2.79346069e+02, s2=2.78512054e+02, ratio=1.00299454, threshold=1.0, comparison (ratio >= threshold)=True, extracted_bit=0
[2025-06-03 09:49:04,644] I ThreadPoolExecutor-0_3 - _extract_batch_worker:900 - [Extractor Worker P:511] Selected 2 rings for extraction: [2, 5]. Extracted bits: [0, 0]
[2025-06-03 09:49:04,704] I ThreadPoolExecutor-0_2 - extract_single_bit:727 - [BN P:553, R:5] Decision: s1=2.86116150e+02, s2=2.83992798e+02, ratio=1.00747678, threshold=1.0, comparison (ratio >= threshold)=True, extracted_bit=0
[2025-06-03 09:49:04,705] I ThreadPoolExecutor-0_2 - _extract_batch_worker:900 - [Extractor Worker P:553] Selected 2 rings for extraction: [1, 5]. Extracted bits: [1, 0]
[2025-06-03 09:49:04,706] I ThreadPoolExecutor-0_9 - extract_single_bit:727 - [BN P:303, R:5] Decision: s1=2.97383270e+02, s2=2.98915405e+02, ratio=0.99487435, threshold=1.0, comparison (ratio >= threshold)=False, extracted_bit=1
[2025-06-03 09:49:04,707] I ThreadPoolExecutor-0_9 - _extract_batch_worker:900 - [Extractor Worker P:303] Selected 2 rings for extraction: [2, 5]. Extracted bits: [0, 1]
[2025-06-03 09:49:04,709] I ThreadPoolExecutor-0_13 - extract_single_bit:727 - [BN P:324, R:1] Decision: s1=2.13387039e+02, s2=2.13389771e+02, ratio=0.99998720, threshold=1.0, comparison (ratio >= threshold)=False, extracted_bit=1
[2025-06-03 09:49:04,714] I ThreadPoolExecutor-0_11 - extract_single_bit:727 - [BN P:574, R:1] Decision: s1=2.02934891e+02, s2=2.04984283e+02, ratio=0.99000220, threshold=1.0, comparison (ratio >= threshold)=False, extracted_bit=1
[2025-06-03 09:49:04,717] I ThreadPoolExecutor-0_6 - extract_single_bit:727 - [BN P:532, R:2] Decision: s1=2.60656616e+02, s2=2.59904999e+02, ratio=1.00289189, threshold=1.0, comparison (ratio >= threshold)=True, extracted_bit=0
[2025-06-03 09:49:04,724] I ThreadPoolExecutor-0_11 - _extract_batch_worker:900 - [Extractor Worker P:574] Selected 2 rings for extraction: [0, 1]. Extracted bits: [1, 1]
[2025-06-03 09:49:04,725] I ThreadPoolExecutor-0_6 - _extract_batch_worker:900 - [Extractor Worker P:532] Selected 2 rings for extraction: [3, 2]. Extracted bits: [1, 0]
[2025-06-03 09:49:04,786] I ThreadPoolExecutor-0_12 - extract_single_bit:727 - [BN P:365, R:0] Decision: s1=1.16530090e+02, s2=1.15632179e+02, ratio=1.00776524, threshold=1.0, comparison (ratio >= threshold)=True, extracted_bit=0
[2025-06-03 09:49:04,786] I ThreadPoolExecutor-0_0 - extract_single_bit:727 - [BN P:448, R:4] Decision: s1=2.85926117e+02, s2=2.88020050e+02, ratio=0.99272991, threshold=1.0, comparison (ratio >= threshold)=False, extracted_bit=1
[2025-06-03 09:49:04,789] I ThreadPoolExecutor-0_0 - _extract_batch_worker:900 - [Extractor Worker P:448] Selected 2 rings for extraction: [1, 4]. Extracted bits: [0, 1]
[2025-06-03 09:49:04,800] I ThreadPoolExecutor-0_7 - extract_single_bit:727 - [BN P:427, R:0] Decision: s1=1.12414078e+02, s2=1.13385353e+02, ratio=0.99143386, threshold=1.0, comparison (ratio >= threshold)=False, extracted_bit=1
[2025-06-03 09:49:04,800] I ThreadPoolExecutor-0_7 - _extract_batch_worker:900 - [Extractor Worker P:427] Selected 2 rings for extraction: [1, 0]. Extracted bits: [0, 1]
[2025-06-03 09:49:04,805] I ThreadPoolExecutor-0_5 - extract_single_bit:727 - [BN P:470, R:1] Decision: s1=2.06034409e+02, s2=2.04771255e+02, ratio=1.00616861, threshold=1.0, comparison (ratio >= threshold)=True, extracted_bit=0
[2025-06-03 09:49:04,816] I ThreadPoolExecutor-0_10 - extract_single_bit:727 - [BN P:344, R:2] Decision: s1=2.75626495e+02, s2=2.76607605e+02, ratio=0.99645306, threshold=1.0, comparison (ratio >= threshold)=False, extracted_bit=1
[2025-06-03 09:49:04,817] I ThreadPoolExecutor-0_10 - _extract_batch_worker:900 - [Extractor Worker P:344] Selected 2 rings for extraction: [5, 2]. Extracted bits: [0, 1]
[2025-06-03 09:49:04,877] I ThreadPoolExecutor-0_1 - extract_single_bit:727 - [BN P:386, R:0] Decision: s1=1.16208237e+02, s2=1.15413857e+02, ratio=1.00688288, threshold=1.0, comparison (ratio >= threshold)=True, extracted_bit=0
[2025-06-03 09:49:04,906] I ThreadPoolExecutor-0_13 - extract_single_bit:727 - [BN P:324, R:5] Decision: s1=2.97250610e+02, s2=2.98889679e+02, ratio=0.99451614, threshold=1.0, comparison (ratio >= threshold)=False, extracted_bit=1
[2025-06-03 09:49:04,906] I ThreadPoolExecutor-0_13 - _extract_batch_worker:900 - [Extractor Worker P:324] Selected 2 rings for extraction: [1, 5]. Extracted bits: [1, 1]
[2025-06-03 09:49:05,003] I ThreadPoolExecutor-0_8 - extract_single_bit:727 - [BN P:407, R:1] Decision: s1=2.03315842e+02, s2=2.01755280e+02, ratio=1.00773493, threshold=1.0, comparison (ratio >= threshold)=True, extracted_bit=0
[2025-06-03 09:49:05,009] I ThreadPoolExecutor-0_12 - extract_single_bit:727 - [BN P:365, R:4] Decision: s1=2.87442383e+02, s2=2.87452698e+02, ratio=0.99996412, threshold=1.0, comparison (ratio >= threshold)=False, extracted_bit=1
[2025-06-03 09:49:05,009] I ThreadPoolExecutor-0_12 - _extract_batch_worker:900 - [Extractor Worker P:365] Selected 2 rings for extraction: [0, 4]. Extracted bits: [0, 1]
[2025-06-03 09:49:05,018] I ThreadPoolExecutor-0_5 - extract_single_bit:727 - [BN P:470, R:4] Decision: s1=2.93053345e+02, s2=2.95372589e+02, ratio=0.99214807, threshold=1.0, comparison (ratio >= threshold)=False, extracted_bit=1
[2025-06-03 09:49:05,022] I ThreadPoolExecutor-0_5 - _extract_batch_worker:900 - [Extractor Worker P:470] Selected 2 rings for extraction: [1, 4]. Extracted bits: [0, 1]
[2025-06-03 09:49:05,168] I ThreadPoolExecutor-0_1 - extract_single_bit:727 - [BN P:386, R:1] Decision: s1=1.97899643e+02, s2=1.99859238e+02, ratio=0.99019513, threshold=1.0, comparison (ratio >= threshold)=False, extracted_bit=1
[2025-06-03 09:49:05,169] I ThreadPoolExecutor-0_1 - _extract_batch_worker:900 - [Extractor Worker P:386] Selected 2 rings for extraction: [0, 1]. Extracted bits: [0, 1]
[2025-06-03 09:49:05,171] I ThreadPoolExecutor-0_4 - extract_single_bit:727 - [BN P:491, R:1] Decision: s1=2.08504471e+02, s2=2.06591141e+02, ratio=1.00926143, threshold=1.0, comparison (ratio >= threshold)=True, extracted_bit=0
[2025-06-03 09:49:05,178] I ThreadPoolExecutor-0_3 - extract_single_bit:727 - [BN P:512, R:6] Decision: s1=2.72172455e+02, s2=2.73285370e+02, ratio=0.99592765, threshold=1.0, comparison (ratio >= threshold)=False, extracted_bit=1
[2025-06-03 09:49:05,255] I ThreadPoolExecutor-0_2 - extract_single_bit:727 - [BN P:554, R:5] Decision: s1=2.85990509e+02, s2=2.83895081e+02, ratio=1.00738100, threshold=1.0, comparison (ratio >= threshold)=True, extracted_bit=0
[2025-06-03 09:49:05,298] I ThreadPoolExecutor-0_8 - extract_single_bit:727 - [BN P:407, R:0] Decision: s1=1.16335884e+02, s2=1.17232346e+02, ratio=0.99235312, threshold=1.0, comparison (ratio >= threshold)=False, extracted_bit=1
[2025-06-03 09:49:05,298] I ThreadPoolExecutor-0_8 - _extract_batch_worker:900 - [Extractor Worker P:407] Selected 2 rings for extraction: [1, 0]. Extracted bits: [0, 1]
[2025-06-03 09:49:05,412] I ThreadPoolExecutor-0_3 - extract_single_bit:727 - [BN P:512, R:7] Decision: s1=1.60991745e+02, s2=1.61820816e+02, ratio=0.99487661, threshold=1.0, comparison (ratio >= threshold)=False, extracted_bit=1
[2025-06-03 09:49:05,413] I ThreadPoolExecutor-0_3 - _extract_batch_worker:900 - [Extractor Worker P:512] Selected 2 rings for extraction: [6, 7]. Extracted bits: [1, 1]
[2025-06-03 09:49:05,434] I ThreadPoolExecutor-0_11 - extract_single_bit:727 - [BN P:575, R:0] Decision: s1=1.19864388e+02, s2=1.19038925e+02, ratio=1.00693439, threshold=1.0, comparison (ratio >= threshold)=True, extracted_bit=0
[2025-06-03 09:49:05,454] I ThreadPoolExecutor-0_4 - extract_single_bit:727 - [BN P:491, R:6] Decision: s1=2.76115601e+02, s2=2.78853790e+02, ratio=0.99018055, threshold=1.0, comparison (ratio >= threshold)=False, extracted_bit=1
[2025-06-03 09:49:05,456] I ThreadPoolExecutor-0_4 - _extract_batch_worker:900 - [Extractor Worker P:491] Selected 2 rings for extraction: [1, 6]. Extracted bits: [0, 1]
[2025-06-03 09:49:05,472] I ThreadPoolExecutor-0_9 - extract_single_bit:727 - [BN P:304, R:3] Decision: s1=3.26973633e+02, s2=3.25339539e+02, ratio=1.00502273, threshold=1.0, comparison (ratio >= threshold)=True, extracted_bit=0
[2025-06-03 09:49:05,476] I ThreadPoolExecutor-0_0 - extract_single_bit:727 - [BN P:449, R:0] Decision: s1=1.16501213e+02, s2=1.17414513e+02, ratio=0.99222158, threshold=1.0, comparison (ratio >= threshold)=False, extracted_bit=1
[2025-06-03 09:49:05,498] I ThreadPoolExecutor-0_13 - extract_single_bit:727 - [BN P:325, R:1] Decision: s1=2.13395340e+02, s2=2.13406204e+02, ratio=0.99994909, threshold=1.0, comparison (ratio >= threshold)=False, extracted_bit=1
[2025-06-03 09:49:05,551] I ThreadPoolExecutor-0_2 - extract_single_bit:727 - [BN P:554, R:2] Decision: s1=2.68996521e+02, s2=2.66950256e+02, ratio=1.00766534, threshold=1.0, comparison (ratio >= threshold)=True, extracted_bit=0
[2025-06-03 09:49:05,551] I ThreadPoolExecutor-0_2 - _extract_batch_worker:900 - [Extractor Worker P:554] Selected 2 rings for extraction: [5, 2]. Extracted bits: [0, 0]
[2025-06-03 09:49:05,571] I ThreadPoolExecutor-0_10 - extract_single_bit:727 - [BN P:345, R:0] Decision: s1=1.15898811e+02, s2=1.16941406e+02, ratio=0.99108447, threshold=1.0, comparison (ratio >= threshold)=False, extracted_bit=1
[2025-06-03 09:49:05,571] I ThreadPoolExecutor-0_6 - extract_single_bit:727 - [BN P:533, R:2] Decision: s1=2.59892212e+02, s2=2.62256531e+02, ratio=0.99098471, threshold=1.0, comparison (ratio >= threshold)=False, extracted_bit=1
[2025-06-03 09:49:05,666] I ThreadPoolExecutor-0_12 - extract_single_bit:727 - [BN P:366, R:1] Decision: s1=2.01907120e+02, s2=2.03407486e+02, ratio=0.99262384, threshold=1.0, comparison (ratio >= threshold)=False, extracted_bit=1
[2025-06-03 09:49:05,671] I ThreadPoolExecutor-0_5 - extract_single_bit:727 - [BN P:471, R:2] Decision: s1=2.72888489e+02, s2=2.70780731e+02, ratio=1.00778400, threshold=1.0, comparison (ratio >= threshold)=True, extracted_bit=0
[2025-06-03 09:49:05,690] I ThreadPoolExecutor-0_7 - extract_single_bit:727 - [BN P:428, R:1] Decision: s1=1.99407578e+02, s2=2.01075958e+02, ratio=0.99170273, threshold=1.0, comparison (ratio >= threshold)=False, extracted_bit=1
[2025-06-03 09:49:05,715] I ThreadPoolExecutor-0_11 - extract_single_bit:727 - [BN P:575, R:7] Decision: s1=1.61218033e+02, s2=1.60316086e+02, ratio=1.00562605, threshold=1.0, comparison (ratio >= threshold)=True, extracted_bit=0
[2025-06-03 09:49:05,715] I ThreadPoolExecutor-0_11 - _extract_batch_worker:900 - [Extractor Worker P:575] Selected 2 rings for extraction: [0, 7]. Extracted bits: [0, 0]
[2025-06-03 09:49:05,743] I ThreadPoolExecutor-0_9 - extract_single_bit:727 - [BN P:304, R:2] Decision: s1=2.76542450e+02, s2=2.76526123e+02, ratio=1.00005904, threshold=1.0, comparison (ratio >= threshold)=True, extracted_bit=0
[2025-06-03 09:49:05,744] I ThreadPoolExecutor-0_9 - _extract_batch_worker:900 - [Extractor Worker P:304] Selected 2 rings for extraction: [3, 2]. Extracted bits: [0, 0]
[2025-06-03 09:49:05,749] I ThreadPoolExecutor-0_13 - extract_single_bit:727 - [BN P:325, R:4] Decision: s1=3.07424561e+02, s2=3.06044983e+02, ratio=1.00450776, threshold=1.0, comparison (ratio >= threshold)=True, extracted_bit=0
[2025-06-03 09:49:05,751] I ThreadPoolExecutor-0_13 - _extract_batch_worker:900 - [Extractor Worker P:325] Selected 2 rings for extraction: [1, 4]. Extracted bits: [1, 0]
[2025-06-03 09:49:05,769] I ThreadPoolExecutor-0_1 - extract_single_bit:727 - [BN P:387, R:1] Decision: s1=1.98352127e+02, s2=1.99574478e+02, ratio=0.99387521, threshold=1.0, comparison (ratio >= threshold)=False, extracted_bit=1
[2025-06-03 09:49:05,785] I ThreadPoolExecutor-0_0 - extract_single_bit:727 - [BN P:449, R:5] Decision: s1=2.73021698e+02, s2=2.74700989e+02, ratio=0.99388684, threshold=1.0, comparison (ratio >= threshold)=False, extracted_bit=1
[2025-06-03 09:49:05,786] I ThreadPoolExecutor-0_0 - _extract_batch_worker:900 - [Extractor Worker P:449] Selected 2 rings for extraction: [0, 5]. Extracted bits: [1, 1]
[2025-06-03 09:49:05,809] I ThreadPoolExecutor-0_6 - extract_single_bit:727 - [BN P:533, R:7] Decision: s1=1.59412369e+02, s2=1.58351242e+02, ratio=1.00670109, threshold=1.0, comparison (ratio >= threshold)=True, extracted_bit=0
[2025-06-03 09:49:05,812] I ThreadPoolExecutor-0_6 - _extract_batch_worker:900 - [Extractor Worker P:533] Selected 2 rings for extraction: [2, 7]. Extracted bits: [1, 0]
[2025-06-03 09:49:05,838] I ThreadPoolExecutor-0_10 - extract_single_bit:727 - [BN P:345, R:5] Decision: s1=2.74423615e+02, s2=2.72651367e+02, ratio=1.00650005, threshold=1.0, comparison (ratio >= threshold)=True, extracted_bit=0
[2025-06-03 09:49:05,839] I ThreadPoolExecutor-0_10 - _extract_batch_worker:900 - [Extractor Worker P:345] Selected 2 rings for extraction: [0, 5]. Extracted bits: [1, 0]
[2025-06-03 09:49:05,884] I ThreadPoolExecutor-0_12 - extract_single_bit:727 - [BN P:366, R:0] Decision: s1=1.16651245e+02, s2=1.15800148e+02, ratio=1.00734971, threshold=1.0, comparison (ratio >= threshold)=True, extracted_bit=0
[2025-06-03 09:49:05,890] I ThreadPoolExecutor-0_12 - _extract_batch_worker:900 - [Extractor Worker P:366] Selected 2 rings for extraction: [1, 0]. Extracted bits: [1, 0]
[2025-06-03 09:49:05,892] I ThreadPoolExecutor-0_5 - extract_single_bit:727 - [BN P:471, R:3] Decision: s1=3.19861847e+02, s2=3.19930725e+02, ratio=0.99978471, threshold=1.0, comparison (ratio >= threshold)=False, extracted_bit=1
[2025-06-03 09:49:05,893] I ThreadPoolExecutor-0_5 - _extract_batch_worker:900 - [Extractor Worker P:471] Selected 2 rings for extraction: [2, 3]. Extracted bits: [0, 1]
[2025-06-03 09:49:05,946] I ThreadPoolExecutor-0_7 - extract_single_bit:727 - [BN P:428, R:0] Decision: s1=1.13605324e+02, s2=1.13047043e+02, ratio=1.00493848, threshold=1.0, comparison (ratio >= threshold)=True, extracted_bit=0
[2025-06-03 09:49:05,947] I ThreadPoolExecutor-0_7 - _extract_batch_worker:900 - [Extractor Worker P:428] Selected 2 rings for extraction: [1, 0]. Extracted bits: [1, 0]
[2025-06-03 09:49:05,953] I ThreadPoolExecutor-0_3 - extract_single_bit:727 - [BN P:513, R:1] Decision: s1=2.01788010e+02, s2=2.02832367e+02, ratio=0.99485113, threshold=1.0, comparison (ratio >= threshold)=False, extracted_bit=1
[2025-06-03 09:49:05,976] I ThreadPoolExecutor-0_4 - extract_single_bit:727 - [BN P:492, R:2] Decision: s1=2.68751801e+02, s2=2.71207947e+02, ratio=0.99094368, threshold=1.0, comparison (ratio >= threshold)=False, extracted_bit=1
[2025-06-03 09:49:05,988] I ThreadPoolExecutor-0_8 - extract_single_bit:727 - [BN P:408, R:0] Decision: s1=1.17310951e+02, s2=1.16379639e+02, ratio=1.00800237, threshold=1.0, comparison (ratio >= threshold)=True, extracted_bit=0
[2025-06-03 09:49:06,016] I ThreadPoolExecutor-0_1 - extract_single_bit:727 - [BN P:387, R:2] Decision: s1=2.60253052e+02, s2=2.58372742e+02, ratio=1.00727751, threshold=1.0, comparison (ratio >= threshold)=True, extracted_bit=0
[2025-06-03 09:49:06,018] I ThreadPoolExecutor-0_1 - _extract_batch_worker:900 - [Extractor Worker P:387] Selected 2 rings for extraction: [1, 2]. Extracted bits: [1, 0]
[2025-06-03 09:49:06,123] I ThreadPoolExecutor-0_2 - extract_single_bit:727 - [BN P:555, R:1] Decision: s1=2.08437073e+02, s2=2.07027542e+02, ratio=1.00680842, threshold=1.0, comparison (ratio >= threshold)=True, extracted_bit=0
[2025-06-03 09:49:06,231] I ThreadPoolExecutor-0_3 - extract_single_bit:727 - [BN P:513, R:2] Decision: s1=2.69215668e+02, s2=2.66579590e+02, ratio=1.00988852, threshold=1.0, comparison (ratio >= threshold)=True, extracted_bit=0
[2025-06-03 09:49:06,232] I ThreadPoolExecutor-0_3 - _extract_batch_worker:900 - [Extractor Worker P:513] Selected 2 rings for extraction: [1, 2]. Extracted bits: [1, 0]
[2025-06-03 09:49:06,236] I ThreadPoolExecutor-0_4 - extract_single_bit:727 - [BN P:492, R:6] Decision: s1=2.78621948e+02, s2=2.75581390e+02, ratio=1.01103325, threshold=1.0, comparison (ratio >= threshold)=True, extracted_bit=0
[2025-06-03 09:49:06,239] I ThreadPoolExecutor-0_4 - _extract_batch_worker:900 - [Extractor Worker P:492] Selected 2 rings for extraction: [2, 6]. Extracted bits: [1, 0]
[2025-06-03 09:49:06,266] I ThreadPoolExecutor-0_8 - extract_single_bit:727 - [BN P:408, R:2] Decision: s1=2.59601013e+02, s2=2.61446716e+02, ratio=0.99294042, threshold=1.0, comparison (ratio >= threshold)=False, extracted_bit=1
[2025-06-03 09:49:06,268] I ThreadPoolExecutor-0_8 - _extract_batch_worker:900 - [Extractor Worker P:408] Selected 2 rings for extraction: [0, 2]. Extracted bits: [0, 1]
[2025-06-03 09:49:06,278] I ThreadPoolExecutor-0_9 - extract_single_bit:727 - [BN P:305, R:4] Decision: s1=3.07473419e+02, s2=3.06000702e+02, ratio=1.00481279, threshold=1.0, comparison (ratio >= threshold)=True, extracted_bit=0
[2025-06-03 09:49:06,387] I ThreadPoolExecutor-0_2 - extract_single_bit:727 - [BN P:555, R:2] Decision: s1=2.66875183e+02, s2=2.68684875e+02, ratio=0.99326463, threshold=1.0, comparison (ratio >= threshold)=False, extracted_bit=1
[2025-06-03 09:49:06,387] I ThreadPoolExecutor-0_2 - _extract_batch_worker:900 - [Extractor Worker P:555] Selected 2 rings for extraction: [1, 2]. Extracted bits: [0, 1]
[2025-06-03 09:49:06,474] I ThreadPoolExecutor-0_10 - extract_single_bit:727 - [BN P:346, R:0] Decision: s1=1.15990929e+02, s2=1.17043221e+02, ratio=0.99100937, threshold=1.0, comparison (ratio >= threshold)=False, extracted_bit=1
[2025-06-03 09:49:06,479] I ThreadPoolExecutor-0_0 - extract_single_bit:727 - [BN P:450, R:2] Decision: s1=2.59167389e+02, s2=2.61164520e+02, ratio=0.99235298, threshold=1.0, comparison (ratio >= threshold)=False, extracted_bit=1
[2025-06-03 09:49:06,521] I ThreadPoolExecutor-0_12 - extract_single_bit:727 - [BN P:367, R:5] Decision: s1=2.72851410e+02, s2=2.74529419e+02, ratio=0.99388769, threshold=1.0, comparison (ratio >= threshold)=False, extracted_bit=1
[2025-06-03 09:49:06,539] I ThreadPoolExecutor-0_9 - extract_single_bit:727 - [BN P:305, R:2] Decision: s1=2.76583038e+02, s2=2.76565582e+02, ratio=1.00006312, threshold=1.0, comparison (ratio >= threshold)=True, extracted_bit=0
[2025-06-03 09:49:06,540] I ThreadPoolExecutor-0_9 - _extract_batch_worker:900 - [Extractor Worker P:305] Selected 2 rings for extraction: [4, 2]. Extracted bits: [0, 0]
[2025-06-03 09:49:06,586] I ThreadPoolExecutor-0_13 - extract_single_bit:727 - [BN P:326, R:3] Decision: s1=3.26936432e+02, s2=3.26877472e+02, ratio=1.00018037, threshold=1.0, comparison (ratio >= threshold)=True, extracted_bit=0
[2025-06-03 09:49:06,594] I ThreadPoolExecutor-0_6 - extract_single_bit:727 - [BN P:534, R:2] Decision: s1=2.62269043e+02, s2=2.61947601e+02, ratio=1.00122712, threshold=1.0, comparison (ratio >= threshold)=True, extracted_bit=0
[2025-06-03 09:49:06,596] I ThreadPoolExecutor-0_5 - extract_single_bit:727 - [BN P:472, R:2] Decision: s1=2.73945557e+02, s2=2.71726776e+02, ratio=1.00816548, threshold=1.0, comparison (ratio >= threshold)=True, extracted_bit=0
[2025-06-03 09:49:06,603] I ThreadPoolExecutor-0_7 - extract_single_bit:727 - [BN P:429, R:5] Decision: s1=2.74815430e+02, s2=2.73142242e+02, ratio=1.00612570, threshold=1.0, comparison (ratio >= threshold)=True, extracted_bit=0
[2025-06-03 09:49:06,679] I ThreadPoolExecutor-0_1 - extract_single_bit:727 - [BN P:388, R:1] Decision: s1=1.98270081e+02, s2=2.00180740e+02, ratio=0.99045533, threshold=1.0, comparison (ratio >= threshold)=False, extracted_bit=1
[2025-06-03 09:49:06,725] I ThreadPoolExecutor-0_10 - extract_single_bit:727 - [BN P:346, R:1] Decision: s1=2.01013748e+02, s2=2.02609085e+02, ratio=0.99212603, threshold=1.0, comparison (ratio >= threshold)=False, extracted_bit=1
[2025-06-03 09:49:06,726] I ThreadPoolExecutor-0_10 - _extract_batch_worker:900 - [Extractor Worker P:346] Selected 2 rings for extraction: [0, 1]. Extracted bits: [1, 1]
[2025-06-03 09:49:06,742] I ThreadPoolExecutor-0_0 - extract_single_bit:727 - [BN P:450, R:4] Decision: s1=2.88035309e+02, s2=2.85951904e+02, ratio=1.00728586, threshold=1.0, comparison (ratio >= threshold)=True, extracted_bit=0
[2025-06-03 09:49:06,744] I ThreadPoolExecutor-0_0 - _extract_batch_worker:900 - [Extractor Worker P:450] Selected 2 rings for extraction: [2, 4]. Extracted bits: [1, 0]
[2025-06-03 09:49:06,787] I ThreadPoolExecutor-0_12 - extract_single_bit:727 - [BN P:367, R:4] Decision: s1=2.87446045e+02, s2=2.87419769e+02, ratio=1.00009142, threshold=1.0, comparison (ratio >= threshold)=True, extracted_bit=0
[2025-06-03 09:49:06,788] I ThreadPoolExecutor-0_12 - _extract_batch_worker:900 - [Extractor Worker P:367] Selected 2 rings for extraction: [5, 4]. Extracted bits: [1, 0]
[2025-06-03 09:49:06,826] I ThreadPoolExecutor-0_13 - extract_single_bit:727 - [BN P:326, R:5] Decision: s1=2.97480896e+02, s2=2.98849731e+02, ratio=0.99541965, threshold=1.0, comparison (ratio >= threshold)=False, extracted_bit=1
[2025-06-03 09:49:06,826] I ThreadPoolExecutor-0_13 - _extract_batch_worker:900 - [Extractor Worker P:326] Selected 2 rings for extraction: [3, 5]. Extracted bits: [0, 1]
[2025-06-03 09:49:06,834] I ThreadPoolExecutor-0_6 - extract_single_bit:727 - [BN P:534, R:7] Decision: s1=1.58343353e+02, s2=1.61054504e+02, ratio=0.98316625, threshold=1.0, comparison (ratio >= threshold)=False, extracted_bit=1
[2025-06-03 09:49:06,834] I ThreadPoolExecutor-0_3 - extract_single_bit:727 - [BN P:514, R:3] Decision: s1=3.06270050e+02, s2=3.08905640e+02, ratio=0.99146798, threshold=1.0, comparison (ratio >= threshold)=False, extracted_bit=1
[2025-06-03 09:49:06,837] I ThreadPoolExecutor-0_5 - extract_single_bit:727 - [BN P:472, R:0] Decision: s1=1.17766487e+02, s2=1.18648369e+02, ratio=0.99256727, threshold=1.0, comparison (ratio >= threshold)=False, extracted_bit=1
[2025-06-03 09:49:06,841] I ThreadPoolExecutor-0_6 - _extract_batch_worker:900 - [Extractor Worker P:534] Selected 2 rings for extraction: [2, 7]. Extracted bits: [0, 1]
[2025-06-03 09:49:06,842] I ThreadPoolExecutor-0_5 - _extract_batch_worker:900 - [Extractor Worker P:472] Selected 2 rings for extraction: [2, 0]. Extracted bits: [0, 1]
[2025-06-03 09:49:06,887] I ThreadPoolExecutor-0_7 - extract_single_bit:727 - [BN P:429, R:4] Decision: s1=2.88176697e+02, s2=2.88116852e+02, ratio=1.00020771, threshold=1.0, comparison (ratio >= threshold)=True, extracted_bit=0
[2025-06-03 09:49:06,888] I ThreadPoolExecutor-0_7 - _extract_batch_worker:900 - [Extractor Worker P:429] Selected 2 rings for extraction: [5, 4]. Extracted bits: [0, 0]
[2025-06-03 09:49:06,900] I ThreadPoolExecutor-0_8 - extract_single_bit:727 - [BN P:409, R:0] Decision: s1=1.16385040e+02, s2=1.17359383e+02, ratio=0.99169779, threshold=1.0, comparison (ratio >= threshold)=False, extracted_bit=1
[2025-06-03 09:49:06,907] I ThreadPoolExecutor-0_4 - extract_single_bit:727 - [BN P:493, R:1] Decision: s1=2.08091492e+02, s2=2.06277512e+02, ratio=1.00879388, threshold=1.0, comparison (ratio >= threshold)=True, extracted_bit=0
[2025-06-03 09:49:06,935] I ThreadPoolExecutor-0_2 - extract_single_bit:727 - [BN P:556, R:2] Decision: s1=2.66061401e+02, s2=2.67812561e+02, ratio=0.99346125, threshold=1.0, comparison (ratio >= threshold)=False, extracted_bit=1
[2025-06-03 09:49:06,957] I ThreadPoolExecutor-0_1 - extract_single_bit:727 - [BN P:388, R:4] Decision: s1=2.88063538e+02, s2=2.85885284e+02, ratio=1.00761933, threshold=1.0, comparison (ratio >= threshold)=True, extracted_bit=0
[2025-06-03 09:49:06,957] I ThreadPoolExecutor-0_1 - _extract_batch_worker:900 - [Extractor Worker P:388] Selected 2 rings for extraction: [1, 4]. Extracted bits: [1, 0]
[2025-06-03 09:49:07,091] I ThreadPoolExecutor-0_3 - extract_single_bit:727 - [BN P:514, R:2] Decision: s1=2.64748474e+02, s2=2.62361511e+02, ratio=1.00909799, threshold=1.0, comparison (ratio >= threshold)=True, extracted_bit=0
[2025-06-03 09:49:07,094] I ThreadPoolExecutor-0_3 - _extract_batch_worker:900 - [Extractor Worker P:514] Selected 2 rings for extraction: [3, 2]. Extracted bits: [1, 0]
[2025-06-03 09:49:07,102] I ThreadPoolExecutor-0_9 - extract_single_bit:727 - [BN P:306, R:1] Decision: s1=2.13397964e+02, s2=2.13405426e+02, ratio=0.99996504, threshold=1.0, comparison (ratio >= threshold)=False, extracted_bit=1
[2025-06-03 09:49:07,164] I ThreadPoolExecutor-0_4 - extract_single_bit:727 - [BN P:493, R:6] Decision: s1=2.78184448e+02, s2=2.75261688e+02, ratio=1.01061811, threshold=1.0, comparison (ratio >= threshold)=True, extracted_bit=0
[2025-06-03 09:49:07,165] I ThreadPoolExecutor-0_4 - _extract_batch_worker:900 - [Extractor Worker P:493] Selected 2 rings for extraction: [1, 6]. Extracted bits: [0, 0]
[2025-06-03 09:49:07,179] I ThreadPoolExecutor-0_8 - extract_single_bit:727 - [BN P:409, R:5] Decision: s1=2.74785828e+02, s2=2.73005890e+02, ratio=1.00651978, threshold=1.0, comparison (ratio >= threshold)=True, extracted_bit=0
[2025-06-03 09:49:07,180] I ThreadPoolExecutor-0_8 - _extract_batch_worker:900 - [Extractor Worker P:409] Selected 2 rings for extraction: [0, 5]. Extracted bits: [1, 0]
[2025-06-03 09:49:07,193] I ThreadPoolExecutor-0_2 - extract_single_bit:727 - [BN P:556, R:3] Decision: s1=3.18338470e+02, s2=3.15719391e+02, ratio=1.00829559, threshold=1.0, comparison (ratio >= threshold)=True, extracted_bit=0
[2025-06-03 09:49:07,195] I ThreadPoolExecutor-0_2 - _extract_batch_worker:900 - [Extractor Worker P:556] Selected 2 rings for extraction: [2, 3]. Extracted bits: [1, 0]
[2025-06-03 09:49:07,315] I ThreadPoolExecutor-0_9 - extract_single_bit:727 - [BN P:306, R:2] Decision: s1=2.75597626e+02, s2=2.76595276e+02, ratio=0.99639310, threshold=1.0, comparison (ratio >= threshold)=False, extracted_bit=1
[2025-06-03 09:49:07,316] I ThreadPoolExecutor-0_9 - _extract_batch_worker:900 - [Extractor Worker P:306] Selected 2 rings for extraction: [1, 2]. Extracted bits: [1, 1]
[2025-06-03 09:49:07,385] I ThreadPoolExecutor-0_10 - extract_single_bit:727 - [BN P:347, R:4] Decision: s1=2.85573364e+02, s2=2.87691101e+02, ratio=0.99263885, threshold=1.0, comparison (ratio >= threshold)=False, extracted_bit=1
[2025-06-03 09:49:07,387] I ThreadPoolExecutor-0_13 - extract_single_bit:727 - [BN P:327, R:5] Decision: s1=2.98917084e+02, s2=2.97395660e+02, ratio=1.00511582, threshold=1.0, comparison (ratio >= threshold)=True, extracted_bit=0
[2025-06-03 09:49:07,388] I ThreadPoolExecutor-0_12 - extract_single_bit:727 - [BN P:368, R:1] Decision: s1=2.01847900e+02, s2=2.03430618e+02, ratio=0.99221986, threshold=1.0, comparison (ratio >= threshold)=False, extracted_bit=1
[2025-06-03 09:49:07,442] I ThreadPoolExecutor-0_7 - extract_single_bit:727 - [BN P:430, R:2] Decision: s1=2.59355042e+02, s2=2.61351776e+02, ratio=0.99235997, threshold=1.0, comparison (ratio >= threshold)=False, extracted_bit=1
[2025-06-03 09:49:07,502] I ThreadPoolExecutor-0_6 - extract_single_bit:727 - [BN P:535, R:2] Decision: s1=2.64370392e+02, s2=2.63689880e+02, ratio=1.00258073, threshold=1.0, comparison (ratio >= threshold)=True, extracted_bit=0
[2025-06-03 09:49:07,518] I ThreadPoolExecutor-0_5 - extract_single_bit:727 - [BN P:473, R:2] Decision: s1=2.74930023e+02, s2=2.77170624e+02, ratio=0.99191617, threshold=1.0, comparison (ratio >= threshold)=False, extracted_bit=1
[2025-06-03 09:49:07,524] I ThreadPoolExecutor-0_0 - extract_single_bit:727 - [BN P:451, R:0] Decision: s1=1.16529099e+02, s2=1.17489426e+02, ratio=0.99182627, threshold=1.0, comparison (ratio >= threshold)=False, extracted_bit=1
[2025-06-03 09:49:07,594] I ThreadPoolExecutor-0_1 - extract_single_bit:727 - [BN P:389, R:1] Decision: s1=2.00473495e+02, s2=1.99181778e+02, ratio=1.00648512, threshold=1.0, comparison (ratio >= threshold)=True, extracted_bit=0
[2025-06-03 09:49:07,648] I ThreadPoolExecutor-0_13 - extract_single_bit:727 - [BN P:327, R:2] Decision: s1=2.75599213e+02, s2=2.76615417e+02, ratio=0.99632629, threshold=1.0, comparison (ratio >= threshold)=False, extracted_bit=1
[2025-06-03 09:49:07,649] I ThreadPoolExecutor-0_13 - _extract_batch_worker:900 - [Extractor Worker P:327] Selected 2 rings for extraction: [5, 2]. Extracted bits: [0, 1]
[2025-06-03 09:49:07,658] I ThreadPoolExecutor-0_10 - extract_single_bit:727 - [BN P:347, R:5] Decision: s1=2.74393341e+02, s2=2.72565857e+02, ratio=1.00670474, threshold=1.0, comparison (ratio >= threshold)=True, extracted_bit=0
[2025-06-03 09:49:07,659] I ThreadPoolExecutor-0_10 - _extract_batch_worker:900 - [Extractor Worker P:347] Selected 2 rings for extraction: [4, 5]. Extracted bits: [1, 0]
[2025-06-03 09:49:07,660] I ThreadPoolExecutor-0_3 - extract_single_bit:727 - [BN P:515, R:2] Decision: s1=2.61671661e+02, s2=2.63912567e+02, ratio=0.99150891, threshold=1.0, comparison (ratio >= threshold)=False, extracted_bit=1
[2025-06-03 09:49:07,662] I ThreadPoolExecutor-0_12 - extract_single_bit:727 - [BN P:368, R:2] Decision: s1=2.60618378e+02, s2=2.58722534e+02, ratio=1.00732771, threshold=1.0, comparison (ratio >= threshold)=True, extracted_bit=0
[2025-06-03 09:49:07,667] I ThreadPoolExecutor-0_12 - _extract_batch_worker:900 - [Extractor Worker P:368] Selected 2 rings for extraction: [1, 2]. Extracted bits: [1, 0]
[2025-06-03 09:49:07,737] I ThreadPoolExecutor-0_4 - extract_single_bit:727 - [BN P:494, R:2] Decision: s1=2.68177887e+02, s2=2.70645172e+02, ratio=0.99088369, threshold=1.0, comparison (ratio >= threshold)=False, extracted_bit=1
[2025-06-03 09:49:07,754] I ThreadPoolExecutor-0_6 - extract_single_bit:727 - [BN P:535, R:1] Decision: s1=2.02358948e+02, s2=2.05501938e+02, ratio=0.98470579, threshold=1.0, comparison (ratio >= threshold)=False, extracted_bit=1
[2025-06-03 09:49:07,755] I ThreadPoolExecutor-0_6 - _extract_batch_worker:900 - [Extractor Worker P:535] Selected 2 rings for extraction: [2, 1]. Extracted bits: [0, 1]
[2025-06-03 09:49:07,757] I ThreadPoolExecutor-0_7 - extract_single_bit:727 - [BN P:430, R:5] Decision: s1=2.74751465e+02, s2=2.73068665e+02, ratio=1.00616255, threshold=1.0, comparison (ratio >= threshold)=True, extracted_bit=0
[2025-06-03 09:49:07,759] I ThreadPoolExecutor-0_7 - _extract_batch_worker:900 - [Extractor Worker P:430] Selected 2 rings for extraction: [2, 5]. Extracted bits: [1, 0]
[2025-06-03 09:49:07,777] I ThreadPoolExecutor-0_5 - extract_single_bit:727 - [BN P:473, R:5] Decision: s1=2.83784119e+02, s2=2.81320740e+02, ratio=1.00875648, threshold=1.0, comparison (ratio >= threshold)=True, extracted_bit=0
[2025-06-03 09:49:07,778] I ThreadPoolExecutor-0_5 - _extract_batch_worker:900 - [Extractor Worker P:473] Selected 2 rings for extraction: [2, 5]. Extracted bits: [1, 0]
[2025-06-03 09:49:07,793] I ThreadPoolExecutor-0_2 - extract_single_bit:727 - [BN P:557, R:4] Decision: s1=3.00360596e+02, s2=2.97715851e+02, ratio=1.00888345, threshold=1.0, comparison (ratio >= threshold)=True, extracted_bit=0
[2025-06-03 09:49:07,855] I ThreadPoolExecutor-0_0 - extract_single_bit:727 - [BN P:451, R:2] Decision: s1=2.61191040e+02, s2=2.59260590e+02, ratio=1.00744598, threshold=1.0, comparison (ratio >= threshold)=True, extracted_bit=0
[2025-06-03 09:49:07,856] I ThreadPoolExecutor-0_0 - _extract_batch_worker:900 - [Extractor Worker P:451] Selected 2 rings for extraction: [0, 2]. Extracted bits: [1, 0]
[2025-06-03 09:49:07,867] I ThreadPoolExecutor-0_1 - extract_single_bit:727 - [BN P:389, R:2] Decision: s1=2.57956573e+02, s2=2.59487518e+02, ratio=0.99410012, threshold=1.0, comparison (ratio >= threshold)=False, extracted_bit=1
[2025-06-03 09:49:07,868] I ThreadPoolExecutor-0_1 - _extract_batch_worker:900 - [Extractor Worker P:389] Selected 2 rings for extraction: [1, 2]. Extracted bits: [0, 1]
[2025-06-03 09:49:07,873] I ThreadPoolExecutor-0_3 - extract_single_bit:727 - [BN P:515, R:4] Decision: s1=2.92933655e+02, s2=2.90662964e+02, ratio=1.00781211, threshold=1.0, comparison (ratio >= threshold)=True, extracted_bit=0
[2025-06-03 09:49:07,878] I ThreadPoolExecutor-0_3 - _extract_batch_worker:900 - [Extractor Worker P:515] Selected 2 rings for extraction: [2, 4]. Extracted bits: [1, 0]
[2025-06-03 09:49:07,915] I ThreadPoolExecutor-0_8 - extract_single_bit:727 - [BN P:410, R:2] Decision: s1=2.59484497e+02, s2=2.61464020e+02, ratio=0.99242908, threshold=1.0, comparison (ratio >= threshold)=False, extracted_bit=1
[2025-06-03 09:49:07,919] I ThreadPoolExecutor-0_9 - extract_single_bit:727 - [BN P:307, R:1] Decision: s1=2.13397491e+02, s2=2.13405533e+02, ratio=0.99996232, threshold=1.0, comparison (ratio >= threshold)=False, extracted_bit=1
[2025-06-03 09:49:07,948] I ThreadPoolExecutor-0_4 - extract_single_bit:727 - [BN P:494, R:5] Decision: s1=2.83356232e+02, s2=2.80206909e+02, ratio=1.01123928, threshold=1.0, comparison (ratio >= threshold)=True, extracted_bit=0
[2025-06-03 09:49:07,950] I ThreadPoolExecutor-0_4 - _extract_batch_worker:900 - [Extractor Worker P:494] Selected 2 rings for extraction: [2, 5]. Extracted bits: [1, 0]
[2025-06-03 09:49:07,984] I ThreadPoolExecutor-0_2 - extract_single_bit:727 - [BN P:557, R:2] Decision: s1=2.67605621e+02, s2=2.65811371e+02, ratio=1.00675009, threshold=1.0, comparison (ratio >= threshold)=True, extracted_bit=0
[2025-06-03 09:49:07,985] I ThreadPoolExecutor-0_2 - _extract_batch_worker:900 - [Extractor Worker P:557] Selected 2 rings for extraction: [4, 2]. Extracted bits: [0, 0]
[2025-06-03 09:49:08,066] I ThreadPoolExecutor-0_13 - extract_single_bit:727 - [BN P:328, R:5] Decision: s1=2.97278473e+02, s2=2.98854553e+02, ratio=0.99472626, threshold=1.0, comparison (ratio >= threshold)=False, extracted_bit=1
[2025-06-03 09:49:08,103] I ThreadPoolExecutor-0_9 - extract_single_bit:727 - [BN P:307, R:2] Decision: s1=2.75406982e+02, s2=2.76581268e+02, ratio=0.99575428, threshold=1.0, comparison (ratio >= threshold)=False, extracted_bit=1
[2025-06-03 09:49:08,105] I ThreadPoolExecutor-0_9 - _extract_batch_worker:900 - [Extractor Worker P:307] Selected 2 rings for extraction: [1, 2]. Extracted bits: [1, 1]
[2025-06-03 09:49:08,128] I ThreadPoolExecutor-0_8 - extract_single_bit:727 - [BN P:410, R:5] Decision: s1=2.72989471e+02, s2=2.74781982e+02, ratio=0.99347661, threshold=1.0, comparison (ratio >= threshold)=False, extracted_bit=1
[2025-06-03 09:49:08,129] I ThreadPoolExecutor-0_8 - _extract_batch_worker:900 - [Extractor Worker P:410] Selected 2 rings for extraction: [2, 5]. Extracted bits: [1, 1]
[2025-06-03 09:49:08,186] I ThreadPoolExecutor-0_6 - extract_single_bit:727 - [BN P:536, R:1] Decision: s1=2.07184982e+02, s2=2.05084549e+02, ratio=1.01024179, threshold=1.0, comparison (ratio >= threshold)=True, extracted_bit=0
[2025-06-03 09:49:08,250] I ThreadPoolExecutor-0_13 - extract_single_bit:727 - [BN P:328, R:3] Decision: s1=3.26943512e+02, s2=3.26890167e+02, ratio=1.00016319, threshold=1.0, comparison (ratio >= threshold)=True, extracted_bit=0
[2025-06-03 09:49:08,250] I ThreadPoolExecutor-0_13 - _extract_batch_worker:900 - [Extractor Worker P:328] Selected 2 rings for extraction: [5, 3]. Extracted bits: [1, 0]
[2025-06-03 09:49:08,274] I ThreadPoolExecutor-0_10 - extract_single_bit:727 - [BN P:348, R:0] Decision: s1=1.17018311e+02, s2=1.15981804e+02, ratio=1.00893680, threshold=1.0, comparison (ratio >= threshold)=True, extracted_bit=0
[2025-06-03 09:49:08,325] I ThreadPoolExecutor-0_5 - extract_single_bit:727 - [BN P:474, R:2] Decision: s1=2.77142242e+02, s2=2.79727356e+02, ratio=0.99075845, threshold=1.0, comparison (ratio >= threshold)=False, extracted_bit=1
[2025-06-03 09:49:08,366] I ThreadPoolExecutor-0_0 - extract_single_bit:727 - [BN P:452, R:1] Decision: s1=2.01399399e+02, s2=2.02850815e+02, ratio=0.99284491, threshold=1.0, comparison (ratio >= threshold)=False, extracted_bit=1
[2025-06-03 09:49:08,378] I ThreadPoolExecutor-0_6 - extract_single_bit:727 - [BN P:536, R:7] Decision: s1=1.62731308e+02, s2=1.62740204e+02, ratio=0.99994534, threshold=1.0, comparison (ratio >= threshold)=False, extracted_bit=1
[2025-06-03 09:49:08,378] I ThreadPoolExecutor-0_6 - _extract_batch_worker:900 - [Extractor Worker P:536] Selected 2 rings for extraction: [1, 7]. Extracted bits: [0, 1]
[2025-06-03 09:49:08,441] I ThreadPoolExecutor-0_12 - extract_single_bit:727 - [BN P:369, R:1] Decision: s1=2.03448196e+02, s2=2.01874161e+02, ratio=1.00779711, threshold=1.0, comparison (ratio >= threshold)=True, extracted_bit=0
[2025-06-03 09:49:08,496] I ThreadPoolExecutor-0_10 - extract_single_bit:727 - [BN P:348, R:1] Decision: s1=1.99621552e+02, s2=2.00806366e+02, ratio=0.99409972, threshold=1.0, comparison (ratio >= threshold)=False, extracted_bit=1
[2025-06-03 09:49:08,497] I ThreadPoolExecutor-0_10 - _extract_batch_worker:900 - [Extractor Worker P:348] Selected 2 rings for extraction: [0, 1]. Extracted bits: [0, 1]
[2025-06-03 09:49:08,534] I ThreadPoolExecutor-0_5 - extract_single_bit:727 - [BN P:474, R:5] Decision: s1=2.83206390e+02, s2=2.85983734e+02, ratio=0.99028846, threshold=1.0, comparison (ratio >= threshold)=False, extracted_bit=1
[2025-06-03 09:49:08,539] I ThreadPoolExecutor-0_5 - _extract_batch_worker:900 - [Extractor Worker P:474] Selected 2 rings for extraction: [2, 5]. Extracted bits: [1, 1]
[2025-06-03 09:49:08,556] I ThreadPoolExecutor-0_2 - extract_single_bit:727 - [BN P:558, R:1] Decision: s1=2.06349899e+02, s2=2.07675186e+02, ratio=0.99361846, threshold=1.0, comparison (ratio >= threshold)=False, extracted_bit=1
[2025-06-03 09:49:08,617] I ThreadPoolExecutor-0_0 - extract_single_bit:727 - [BN P:452, R:0] Decision: s1=1.17388412e+02, s2=1.16369499e+02, ratio=1.00875584, threshold=1.0, comparison (ratio >= threshold)=True, extracted_bit=0
[2025-06-03 09:49:08,625] I ThreadPoolExecutor-0_0 - _extract_batch_worker:900 - [Extractor Worker P:452] Selected 2 rings for extraction: [1, 0]. Extracted bits: [1, 0]
[2025-06-03 09:49:08,677] I ThreadPoolExecutor-0_12 - extract_single_bit:727 - [BN P:369, R:0] Decision: s1=1.15977196e+02, s2=1.16856773e+02, ratio=0.99247303, threshold=1.0, comparison (ratio >= threshold)=False, extracted_bit=1
[2025-06-03 09:49:08,678] I ThreadPoolExecutor-0_7 - extract_single_bit:727 - [BN P:431, R:1] Decision: s1=1.99142426e+02, s2=2.00693878e+02, ratio=0.99226956, threshold=1.0, comparison (ratio >= threshold)=False, extracted_bit=1
[2025-06-03 09:49:08,680] I ThreadPoolExecutor-0_12 - _extract_batch_worker:900 - [Extractor Worker P:369] Selected 2 rings for extraction: [1, 0]. Extracted bits: [0, 1]
[2025-06-03 09:49:08,764] I ThreadPoolExecutor-0_4 - extract_single_bit:727 - [BN P:495, R:1] Decision: s1=2.05830490e+02, s2=2.07897293e+02, ratio=0.99005854, threshold=1.0, comparison (ratio >= threshold)=False, extracted_bit=1
[2025-06-03 09:49:08,766] I ThreadPoolExecutor-0_3 - extract_single_bit:727 - [BN P:516, R:3] Decision: s1=3.05878204e+02, s2=3.08259003e+02, ratio=0.99227663, threshold=1.0, comparison (ratio >= threshold)=False, extracted_bit=1
[2025-06-03 09:49:09,001] I ThreadPoolExecutor-0_7 - extract_single_bit:727 - [BN P:431, R:2] Decision: s1=2.61400757e+02, s2=2.59438782e+02, ratio=1.00756238, threshold=1.0, comparison (ratio >= threshold)=True, extracted_bit=0
[2025-06-03 09:49:09,006] I ThreadPoolExecutor-0_7 - _extract_batch_worker:900 - [Extractor Worker P:431] Selected 2 rings for extraction: [1, 2]. Extracted bits: [1, 0]
[2025-06-03 09:49:09,024] I ThreadPoolExecutor-0_13 - extract_single_bit:727 - [BN P:329, R:5] Decision: s1=2.97162903e+02, s2=2.98825317e+02, ratio=0.99443683, threshold=1.0, comparison (ratio >= threshold)=False, extracted_bit=1
[2025-06-03 09:49:09,028] I ThreadPoolExecutor-0_6 - extract_single_bit:727 - [BN P:537, R:2] Decision: s1=2.67944946e+02, s2=2.70126068e+02, ratio=0.99192554, threshold=1.0, comparison (ratio >= threshold)=False, extracted_bit=1
[2025-06-03 09:49:09,029] I ThreadPoolExecutor-0_1 - extract_single_bit:727 - [BN P:390, R:2] Decision: s1=2.57297241e+02, s2=2.59007538e+02, ratio=0.99339673, threshold=1.0, comparison (ratio >= threshold)=False, extracted_bit=1
[2025-06-03 09:49:09,035] I ThreadPoolExecutor-0_2 - extract_single_bit:727 - [BN P:558, R:3] Decision: s1=3.19071594e+02, s2=3.16555725e+02, ratio=1.00794763, threshold=1.0, comparison (ratio >= threshold)=True, extracted_bit=0
[2025-06-03 09:49:09,035] I ThreadPoolExecutor-0_2 - _extract_batch_worker:900 - [Extractor Worker P:558] Selected 2 rings for extraction: [1, 3]. Extracted bits: [1, 0]
[2025-06-03 09:49:09,077] I ThreadPoolExecutor-0_9 - extract_single_bit:727 - [BN P:308, R:3] Decision: s1=3.26920898e+02, s2=3.25333221e+02, ratio=1.00488016, threshold=1.0, comparison (ratio >= threshold)=True, extracted_bit=0
[2025-06-03 09:49:09,082] I ThreadPoolExecutor-0_4 - extract_single_bit:727 - [BN P:495, R:6] Decision: s1=2.77510193e+02, s2=2.75290710e+02, ratio=1.00806232, threshold=1.0, comparison (ratio >= threshold)=True, extracted_bit=0
[2025-06-03 09:49:09,083] I ThreadPoolExecutor-0_4 - _extract_batch_worker:900 - [Extractor Worker P:495] Selected 2 rings for extraction: [1, 6]. Extracted bits: [1, 0]
[2025-06-03 09:49:09,099] I ThreadPoolExecutor-0_3 - extract_single_bit:727 - [BN P:516, R:2] Decision: s1=2.63215973e+02, s2=2.60913086e+02, ratio=1.00882626, threshold=1.0, comparison (ratio >= threshold)=True, extracted_bit=0
[2025-06-03 09:49:09,100] I ThreadPoolExecutor-0_3 - _extract_batch_worker:900 - [Extractor Worker P:516] Selected 2 rings for extraction: [3, 2]. Extracted bits: [1, 0]
[2025-06-03 09:49:09,132] I ThreadPoolExecutor-0_5 - extract_single_bit:727 - [BN P:475, R:2] Decision: s1=2.79815918e+02, s2=2.76529663e+02, ratio=1.01188391, threshold=1.0, comparison (ratio >= threshold)=True, extracted_bit=0
[2025-06-03 09:49:09,139] I ThreadPoolExecutor-0_10 - extract_single_bit:727 - [BN P:349, R:0] Decision: s1=1.15883347e+02, s2=1.16780846e+02, ratio=0.99231467, threshold=1.0, comparison (ratio >= threshold)=False, extracted_bit=1
[2025-06-03 09:49:09,178] I ThreadPoolExecutor-0_8 - extract_single_bit:727 - [BN P:411, R:1] Decision: s1=2.03536789e+02, s2=2.01928360e+02, ratio=1.00796534, threshold=1.0, comparison (ratio >= threshold)=True, extracted_bit=0
[2025-06-03 09:49:09,225] I ThreadPoolExecutor-0_6 - extract_single_bit:727 - [BN P:537, R:7] Decision: s1=1.63920120e+02, s2=1.62486542e+02, ratio=1.00882275, threshold=1.0, comparison (ratio >= threshold)=True, extracted_bit=0
[2025-06-03 09:49:09,226] I ThreadPoolExecutor-0_6 - _extract_batch_worker:900 - [Extractor Worker P:537] Selected 2 rings for extraction: [2, 7]. Extracted bits: [1, 0]
[2025-06-03 09:49:09,242] I ThreadPoolExecutor-0_1 - extract_single_bit:727 - [BN P:390, R:4] Decision: s1=2.85831848e+02, s2=2.88041595e+02, ratio=0.99232837, threshold=1.0, comparison (ratio >= threshold)=False, extracted_bit=1
[2025-06-03 09:49:09,243] I ThreadPoolExecutor-0_1 - _extract_batch_worker:900 - [Extractor Worker P:390] Selected 2 rings for extraction: [2, 4]. Extracted bits: [1, 1]
[2025-06-03 09:49:09,260] I ThreadPoolExecutor-0_13 - extract_single_bit:727 - [BN P:329, R:1] Decision: s1=2.13397278e+02, s2=2.13386017e+02, ratio=1.00005277, threshold=1.0, comparison (ratio >= threshold)=True, extracted_bit=0
[2025-06-03 09:49:09,265] I ThreadPoolExecutor-0_9 - extract_single_bit:727 - [BN P:308, R:1] Decision: s1=2.13412186e+02, s2=2.13412186e+02, ratio=1.00000000, threshold=1.0, comparison (ratio >= threshold)=True, extracted_bit=0
[2025-06-03 09:49:09,276] I ThreadPoolExecutor-0_10 - extract_single_bit:727 - [BN P:349, R:5] Decision: s1=2.72584381e+02, s2=2.74345032e+02, ratio=0.99358235, threshold=1.0, comparison (ratio >= threshold)=False, extracted_bit=1
[2025-06-03 09:49:09,280] I ThreadPoolExecutor-0_8 - extract_single_bit:727 - [BN P:411, R:0] Decision: s1=1.16516502e+02, s2=1.17438484e+02, ratio=0.99214924, threshold=1.0, comparison (ratio >= threshold)=False, extracted_bit=1
[2025-06-03 09:49:09,284] I ThreadPoolExecutor-0_5 - extract_single_bit:727 - [BN P:475, R:5] Decision: s1=2.83770081e+02, s2=2.86550201e+02, ratio=0.99029796, threshold=1.0, comparison (ratio >= threshold)=False, extracted_bit=1
[2025-06-03 09:49:09,286] I ThreadPoolExecutor-0_0 - extract_single_bit:727 - [BN P:453, R:1] Decision: s1=2.03014999e+02, s2=2.01413208e+02, ratio=1.00795276, threshold=1.0, comparison (ratio >= threshold)=True, extracted_bit=0
[2025-06-03 09:49:09,338] I ThreadPoolExecutor-0_10 - _extract_batch_worker:900 - [Extractor Worker P:349] Selected 2 rings for extraction: [0, 5]. Extracted bits: [1, 1]
[2025-06-03 09:49:09,338] I ThreadPoolExecutor-0_5 - _extract_batch_worker:900 - [Extractor Worker P:475] Selected 2 rings for extraction: [2, 5]. Extracted bits: [0, 1]
[2025-06-03 09:49:09,338] I ThreadPoolExecutor-0_13 - _extract_batch_worker:900 - [Extractor Worker P:329] Selected 2 rings for extraction: [5, 1]. Extracted bits: [1, 0]
[2025-06-03 09:49:09,339] I ThreadPoolExecutor-0_9 - _extract_batch_worker:900 - [Extractor Worker P:308] Selected 2 rings for extraction: [3, 1]. Extracted bits: [0, 0]
[2025-06-03 09:49:09,339] I ThreadPoolExecutor-0_8 - _extract_batch_worker:900 - [Extractor Worker P:411] Selected 2 rings for extraction: [1, 0]. Extracted bits: [0, 1]
[2025-06-03 09:49:09,392] I ThreadPoolExecutor-0_0 - extract_single_bit:727 - [BN P:453, R:2] Decision: s1=2.59313934e+02, s2=2.61167542e+02, ratio=0.99290261, threshold=1.0, comparison (ratio >= threshold)=False, extracted_bit=1
[2025-06-03 09:49:09,393] I ThreadPoolExecutor-0_0 - _extract_batch_worker:900 - [Extractor Worker P:453] Selected 2 rings for extraction: [1, 2]. Extracted bits: [0, 1]
[2025-06-03 09:49:09,800] I ThreadPoolExecutor-0_7 - extract_single_bit:727 - [BN P:432, R:1] Decision: s1=1.99005707e+02, s2=2.00466904e+02, ratio=0.99271103, threshold=1.0, comparison (ratio >= threshold)=False, extracted_bit=1
[2025-06-03 09:49:09,845] I ThreadPoolExecutor-0_7 - extract_single_bit:727 - [BN P:432, R:0] Decision: s1=1.13854591e+02, s2=1.12754395e+02, ratio=1.00975746, threshold=1.0, comparison (ratio >= threshold)=True, extracted_bit=0
[2025-06-03 09:49:09,846] I ThreadPoolExecutor-0_7 - _extract_batch_worker:900 - [Extractor Worker P:432] Selected 2 rings for extraction: [1, 0]. Extracted bits: [1, 0]
[2025-06-03 09:49:09,875] I ThreadPoolExecutor-0_6 - extract_single_bit:727 - [BN P:538, R:2] Decision: s1=2.68922546e+02, s2=2.70332916e+02, ratio=0.99478284, threshold=1.0, comparison (ratio >= threshold)=False, extracted_bit=1
[2025-06-03 09:49:10,174] I ThreadPoolExecutor-0_6 - extract_single_bit:727 - [BN P:538, R:3] Decision: s1=3.17192444e+02, s2=3.18433807e+02, ratio=0.99610166, threshold=1.0, comparison (ratio >= threshold)=False, extracted_bit=1
[2025-06-03 09:49:10,174] I ThreadPoolExecutor-0_6 - _extract_batch_worker:900 - [Extractor Worker P:538] Selected 2 rings for extraction: [2, 3]. Extracted bits: [1, 1]
[2025-06-03 09:49:10,321] I ThreadPoolExecutor-0_4 - extract_single_bit:727 - [BN P:496, R:1] Decision: s1=2.06043015e+02, s2=2.07972946e+02, ratio=0.99072028, threshold=1.0, comparison (ratio >= threshold)=False, extracted_bit=1
[2025-06-03 09:49:10,411] I ThreadPoolExecutor-0_3 - extract_single_bit:727 - [BN P:517, R:2] Decision: s1=2.62621613e+02, s2=2.59847198e+02, ratio=1.01067710, threshold=1.0, comparison (ratio >= threshold)=True, extracted_bit=0
[2025-06-03 09:49:10,426] I ThreadPoolExecutor-0_3 - extract_single_bit:727 - [BN P:517, R:1] Decision: s1=1.99472107e+02, s2=2.01078369e+02, ratio=0.99201176, threshold=1.0, comparison (ratio >= threshold)=False, extracted_bit=1
[2025-06-03 09:49:10,440] I ThreadPoolExecutor-0_3 - _extract_batch_worker:900 - [Extractor Worker P:517] Selected 2 rings for extraction: [2, 1]. Extracted bits: [0, 1]
[2025-06-03 09:49:10,440] I ThreadPoolExecutor-0_4 - extract_single_bit:727 - [BN P:496, R:6] Decision: s1=2.77551392e+02, s2=2.74958710e+02, ratio=1.00942935, threshold=1.0, comparison (ratio >= threshold)=True, extracted_bit=0
[2025-06-03 09:49:10,518] I ThreadPoolExecutor-0_4 - _extract_batch_worker:900 - [Extractor Worker P:496] Selected 2 rings for extraction: [1, 6]. Extracted bits: [1, 0]
[2025-06-03 09:49:10,692] I ThreadPoolExecutor-0_12 - extract_single_bit:727 - [BN P:370, R:1] Decision: s1=2.01768875e+02, s2=2.03499374e+02, ratio=0.99149629, threshold=1.0, comparison (ratio >= threshold)=False, extracted_bit=1
[2025-06-03 09:49:10,726] I ThreadPoolExecutor-0_12 - extract_single_bit:727 - [BN P:370, R:0] Decision: s1=1.15921440e+02, s2=1.17009979e+02, ratio=0.99069704, threshold=1.0, comparison (ratio >= threshold)=False, extracted_bit=1
[2025-06-03 09:49:10,726] I ThreadPoolExecutor-0_12 - _extract_batch_worker:900 - [Extractor Worker P:370] Selected 2 rings for extraction: [1, 0]. Extracted bits: [1, 1]
[2025-06-03 09:49:10,726] I ThreadPoolExecutor-0_6 - extract_single_bit:727 - [BN P:539, R:2] Decision: s1=2.72036987e+02, s2=2.71316803e+02, ratio=1.00265440, threshold=1.0, comparison (ratio >= threshold)=True, extracted_bit=0
[2025-06-03 09:49:10,754] I ThreadPoolExecutor-0_6 - extract_single_bit:727 - [BN P:539, R:3] Decision: s1=3.18621460e+02, s2=3.20519501e+02, ratio=0.99407824, threshold=1.0, comparison (ratio >= threshold)=False, extracted_bit=1
[2025-06-03 09:49:10,754] I ThreadPoolExecutor-0_6 - _extract_batch_worker:900 - [Extractor Worker P:539] Selected 2 rings for extraction: [2, 3]. Extracted bits: [0, 1]
[2025-06-03 09:49:11,629] I ThreadPoolExecutor-0_5 - extract_single_bit:727 - [BN P:476, R:0] Decision: s1=1.23227852e+02, s2=1.20220085e+02, ratio=1.02501884, threshold=1.0, comparison (ratio >= threshold)=True, extracted_bit=0
[2025-06-03 09:49:11,658] I ThreadPoolExecutor-0_5 - extract_single_bit:727 - [BN P:476, R:3] Decision: s1=3.23836304e+02, s2=3.24979919e+02, ratio=0.99648096, threshold=1.0, comparison (ratio >= threshold)=False, extracted_bit=1
[2025-06-03 09:49:11,658] I ThreadPoolExecutor-0_5 - _extract_batch_worker:900 - [Extractor Worker P:476] Selected 2 rings for extraction: [0, 3]. Extracted bits: [0, 1]
[2025-06-03 09:49:11,711] I ThreadPoolExecutor-0_9 - extract_single_bit:727 - [BN P:309, R:3] Decision: s1=3.26830566e+02, s2=3.25219025e+02, ratio=1.00495525, threshold=1.0, comparison (ratio >= threshold)=True, extracted_bit=0
[2025-06-03 09:49:12,098] I ThreadPoolExecutor-0_9 - extract_single_bit:727 - [BN P:309, R:2] Decision: s1=2.76547577e+02, s2=2.76566193e+02, ratio=0.99993269, threshold=1.0, comparison (ratio >= threshold)=False, extracted_bit=1
[2025-06-03 09:49:12,098] I ThreadPoolExecutor-0_9 - _extract_batch_worker:900 - [Extractor Worker P:309] Selected 2 rings for extraction: [3, 2]. Extracted bits: [0, 1]
[2025-06-03 09:49:12,257] I ThreadPoolExecutor-0_8 - extract_single_bit:727 - [BN P:412, R:0] Decision: s1=1.17428185e+02, s2=1.16432175e+02, ratio=1.00855442, threshold=1.0, comparison (ratio >= threshold)=True, extracted_bit=0
[2025-06-03 09:49:12,319] I ThreadPoolExecutor-0_8 - extract_single_bit:727 - [BN P:412, R:2] Decision: s1=2.59643921e+02, s2=2.61470612e+02, ratio=0.99301378, threshold=1.0, comparison (ratio >= threshold)=False, extracted_bit=1
[2025-06-03 09:49:12,337] I ThreadPoolExecutor-0_8 - _extract_batch_worker:900 - [Extractor Worker P:412] Selected 2 rings for extraction: [0, 2]. Extracted bits: [0, 1]
[2025-06-03 09:49:12,356] I ThreadPoolExecutor-0_5 - extract_single_bit:727 - [BN P:477, R:2] Decision: s1=2.73819672e+02, s2=2.74869904e+02, ratio=0.99617917, threshold=1.0, comparison (ratio >= threshold)=False, extracted_bit=1
[2025-06-03 09:49:12,463] I ThreadPoolExecutor-0_2 - extract_single_bit:727 - [BN P:559, R:3] Decision: s1=3.16850555e+02, s2=3.19444794e+02, ratio=0.99187892, threshold=1.0, comparison (ratio >= threshold)=False, extracted_bit=1
[2025-06-03 09:49:12,908] I ThreadPoolExecutor-0_5 - extract_single_bit:727 - [BN P:477, R:6] Decision: s1=2.78004669e+02, s2=2.80252167e+02, ratio=0.99198045, threshold=1.0, comparison (ratio >= threshold)=False, extracted_bit=1
[2025-06-03 09:49:12,916] I ThreadPoolExecutor-0_5 - _extract_batch_worker:900 - [Extractor Worker P:477] Selected 2 rings for extraction: [2, 6]. Extracted bits: [1, 1]
[2025-06-03 09:49:14,623] I ThreadPoolExecutor-0_2 - extract_single_bit:727 - [BN P:559, R:5] Decision: s1=2.84026672e+02, s2=2.84031647e+02, ratio=0.99998249, threshold=1.0, comparison (ratio >= threshold)=False, extracted_bit=1
[2025-06-03 09:49:14,637] I ThreadPoolExecutor-0_2 - _extract_batch_worker:900 - [Extractor Worker P:559] Selected 2 rings for extraction: [3, 5]. Extracted bits: [1, 1]
[2025-06-03 09:49:14,755] I ThreadPoolExecutor-0_13 - extract_single_bit:727 - [BN P:330, R:1] Decision: s1=2.13400101e+02, s2=2.13395294e+02, ratio=1.00002252, threshold=1.0, comparison (ratio >= threshold)=True, extracted_bit=0
[2025-06-03 09:49:14,757] I ThreadPoolExecutor-0_0 - extract_single_bit:727 - [BN P:454, R:1] Decision: s1=2.01457977e+02, s2=2.03029892e+02, ratio=0.99225772, threshold=1.0, comparison (ratio >= threshold)=False, extracted_bit=1
[2025-06-03 09:49:14,817] I ThreadPoolExecutor-0_6 - extract_single_bit:727 - [BN P:540, R:2] Decision: s1=2.72817047e+02, s2=2.71296661e+02, ratio=1.00560414, threshold=1.0, comparison (ratio >= threshold)=True, extracted_bit=0
[2025-06-03 09:49:14,837] I ThreadPoolExecutor-0_9 - extract_single_bit:727 - [BN P:310, R:3] Decision: s1=3.26954041e+02, s2=3.25278534e+02, ratio=1.00515099, threshold=1.0, comparison (ratio >= threshold)=True, extracted_bit=0
[2025-06-03 09:49:14,876] I ThreadPoolExecutor-0_10 - extract_single_bit:727 - [BN P:350, R:0] Decision: s1=1.15698853e+02, s2=1.16786598e+02, ratio=0.99068604, threshold=1.0, comparison (ratio >= threshold)=False, extracted_bit=1
[2025-06-03 09:49:14,904] I ThreadPoolExecutor-0_4 - extract_single_bit:727 - [BN P:497, R:1] Decision: s1=2.07977676e+02, s2=2.05823471e+02, ratio=1.01046628, threshold=1.0, comparison (ratio >= threshold)=True, extracted_bit=0
[2025-06-03 09:49:14,904] I ThreadPoolExecutor-0_1 - extract_single_bit:727 - [BN P:391, R:0] Decision: s1=1.16595917e+02, s2=1.15618835e+02, ratio=1.00845088, threshold=1.0, comparison (ratio >= threshold)=True, extracted_bit=0
[2025-06-03 09:49:14,921] I ThreadPoolExecutor-0_12 - extract_single_bit:727 - [BN P:371, R:1] Decision: s1=2.01911133e+02, s2=2.03432083e+02, ratio=0.99252355, threshold=1.0, comparison (ratio >= threshold)=False, extracted_bit=1
[2025-06-03 09:49:14,955] I ThreadPoolExecutor-0_3 - extract_single_bit:727 - [BN P:518, R:2] Decision: s1=2.59815735e+02, s2=2.59967499e+02, ratio=0.99941622, threshold=1.0, comparison (ratio >= threshold)=False, extracted_bit=1
[2025-06-03 09:49:14,979] I ThreadPoolExecutor-0_7 - extract_single_bit:727 - [BN P:433, R:0] Decision: s1=1.13520065e+02, s2=1.12481766e+02, ratio=1.00923083, threshold=1.0, comparison (ratio >= threshold)=True, extracted_bit=0
[2025-06-03 09:49:15,045] I ThreadPoolExecutor-0_13 - extract_single_bit:727 - [BN P:330, R:2] Decision: s1=2.76671021e+02, s2=2.75553833e+02, ratio=1.00405433, threshold=1.0, comparison (ratio >= threshold)=True, extracted_bit=0
[2025-06-03 09:49:15,045] I ThreadPoolExecutor-0_13 - _extract_batch_worker:900 - [Extractor Worker P:330] Selected 2 rings for extraction: [1, 2]. Extracted bits: [0, 0]
[2025-06-03 09:49:15,076] I ThreadPoolExecutor-0_0 - extract_single_bit:727 - [BN P:454, R:0] Decision: s1=1.16277756e+02, s2=1.17117584e+02, ratio=0.99282919, threshold=1.0, comparison (ratio >= threshold)=False, extracted_bit=1
[2025-06-03 09:49:15,077] I ThreadPoolExecutor-0_0 - _extract_batch_worker:900 - [Extractor Worker P:454] Selected 2 rings for extraction: [1, 0]. Extracted bits: [1, 1]
[2025-06-03 09:49:15,079] I ThreadPoolExecutor-0_6 - extract_single_bit:727 - [BN P:540, R:3] Decision: s1=3.18864502e+02, s2=3.20540192e+02, ratio=0.99477229, threshold=1.0, comparison (ratio >= threshold)=False, extracted_bit=1
[2025-06-03 09:49:15,079] I ThreadPoolExecutor-0_6 - _extract_batch_worker:900 - [Extractor Worker P:540] Selected 2 rings for extraction: [2, 3]. Extracted bits: [0, 1]
[2025-06-03 09:49:15,089] I ThreadPoolExecutor-0_8 - extract_single_bit:727 - [BN P:413, R:1] Decision: s1=2.01957382e+02, s2=2.03628281e+02, ratio=0.99179437, threshold=1.0, comparison (ratio >= threshold)=False, extracted_bit=1
[2025-06-03 09:49:15,093] I ThreadPoolExecutor-0_10 - extract_single_bit:727 - [BN P:350, R:2] Decision: s1=2.58800629e+02, s2=2.60823608e+02, ratio=0.99224388, threshold=1.0, comparison (ratio >= threshold)=False, extracted_bit=1
[2025-06-03 09:49:15,093] I ThreadPoolExecutor-0_10 - _extract_batch_worker:900 - [Extractor Worker P:350] Selected 2 rings for extraction: [0, 2]. Extracted bits: [1, 1]
[2025-06-03 09:49:15,116] I ThreadPoolExecutor-0_9 - extract_single_bit:727 - [BN P:310, R:2] Decision: s1=2.75318420e+02, s2=2.76579865e+02, ratio=0.99543913, threshold=1.0, comparison (ratio >= threshold)=False, extracted_bit=1
[2025-06-03 09:49:15,136] I ThreadPoolExecutor-0_9 - _extract_batch_worker:900 - [Extractor Worker P:310] Selected 2 rings for extraction: [3, 2]. Extracted bits: [0, 1]
[2025-06-03 09:49:15,159] I ThreadPoolExecutor-0_4 - extract_single_bit:727 - [BN P:497, R:0] Decision: s1=1.18766357e+02, s2=1.19942490e+02, ratio=0.99019420, threshold=1.0, comparison (ratio >= threshold)=False, extracted_bit=1
[2025-06-03 09:49:15,159] I ThreadPoolExecutor-0_4 - _extract_batch_worker:900 - [Extractor Worker P:497] Selected 2 rings for extraction: [1, 0]. Extracted bits: [0, 1]
[2025-06-03 09:49:15,161] I ThreadPoolExecutor-0_3 - extract_single_bit:727 - [BN P:518, R:1] Decision: s1=1.99314041e+02, s2=1.99620499e+02, ratio=0.99846480, threshold=1.0, comparison (ratio >= threshold)=False, extracted_bit=1
[2025-06-03 09:49:15,161] I ThreadPoolExecutor-0_3 - _extract_batch_worker:900 - [Extractor Worker P:518] Selected 2 rings for extraction: [2, 1]. Extracted bits: [1, 1]
[2025-06-03 09:49:15,161] I ThreadPoolExecutor-0_1 - extract_single_bit:727 - [BN P:391, R:2] Decision: s1=2.57145111e+02, s2=2.59205048e+02, ratio=0.99205287, threshold=1.0, comparison (ratio >= threshold)=False, extracted_bit=1
[2025-06-03 09:49:15,161] I ThreadPoolExecutor-0_1 - _extract_batch_worker:900 - [Extractor Worker P:391] Selected 2 rings for extraction: [0, 2]. Extracted bits: [0, 1]
[2025-06-03 09:49:15,173] I ThreadPoolExecutor-0_7 - extract_single_bit:727 - [BN P:433, R:5] Decision: s1=2.73068329e+02, s2=2.74748810e+02, ratio=0.99388357, threshold=1.0, comparison (ratio >= threshold)=False, extracted_bit=1
[2025-06-03 09:49:15,173] I ThreadPoolExecutor-0_2 - extract_single_bit:727 - [BN P:560, R:1] Decision: s1=2.06713165e+02, s2=2.08076935e+02, ratio=0.99344584, threshold=1.0, comparison (ratio >= threshold)=False, extracted_bit=1
[2025-06-03 09:49:15,173] I ThreadPoolExecutor-0_7 - _extract_batch_worker:900 - [Extractor Worker P:433] Selected 2 rings for extraction: [0, 5]. Extracted bits: [0, 1]
[2025-06-03 09:49:15,194] I ThreadPoolExecutor-0_8 - extract_single_bit:727 - [BN P:413, R:2] Decision: s1=2.59678680e+02, s2=2.61551300e+02, ratio=0.99284034, threshold=1.0, comparison (ratio >= threshold)=False, extracted_bit=1
[2025-06-03 09:49:15,194] I ThreadPoolExecutor-0_5 - extract_single_bit:727 - [BN P:478, R:2] Decision: s1=2.71476746e+02, s2=2.73699921e+02, ratio=0.99187733, threshold=1.0, comparison (ratio >= threshold)=False, extracted_bit=1
[2025-06-03 09:49:15,196] I ThreadPoolExecutor-0_8 - _extract_batch_worker:900 - [Extractor Worker P:413] Selected 2 rings for extraction: [1, 2]. Extracted bits: [1, 1]
[2025-06-03 09:49:15,209] I ThreadPoolExecutor-0_12 - extract_single_bit:727 - [BN P:371, R:0] Decision: s1=1.16043190e+02, s2=1.16967583e+02, ratio=0.99209702, threshold=1.0, comparison (ratio >= threshold)=False, extracted_bit=1
[2025-06-03 09:49:15,209] I ThreadPoolExecutor-0_12 - _extract_batch_worker:900 - [Extractor Worker P:371] Selected 2 rings for extraction: [1, 0]. Extracted bits: [1, 1]
[2025-06-03 09:49:15,235] I ThreadPoolExecutor-0_2 - extract_single_bit:727 - [BN P:560, R:4] Decision: s1=2.99618134e+02, s2=2.97126801e+02, ratio=1.00838475, threshold=1.0, comparison (ratio >= threshold)=True, extracted_bit=0
[2025-06-03 09:49:15,235] I ThreadPoolExecutor-0_2 - _extract_batch_worker:900 - [Extractor Worker P:560] Selected 2 rings for extraction: [1, 4]. Extracted bits: [1, 0]
[2025-06-03 09:49:15,242] I ThreadPoolExecutor-0_5 - extract_single_bit:727 - [BN P:478, R:6] Decision: s1=2.76880035e+02, s2=2.79570099e+02, ratio=0.99037786, threshold=1.0, comparison (ratio >= threshold)=False, extracted_bit=1
[2025-06-03 09:49:15,242] I ThreadPoolExecutor-0_5 - _extract_batch_worker:900 - [Extractor Worker P:478] Selected 2 rings for extraction: [2, 6]. Extracted bits: [1, 1]
[2025-06-03 09:49:19,781] I ThreadPoolExecutor-0_4 - extract_single_bit:727 - [BN P:498, R:1] Decision: s1=2.05823044e+02, s2=2.07756653e+02, ratio=0.99069291, threshold=1.0, comparison (ratio >= threshold)=False, extracted_bit=1
[2025-06-03 09:49:19,788] I ThreadPoolExecutor-0_2 - extract_single_bit:727 - [BN P:561, R:1] Decision: s1=2.08474487e+02, s2=2.07067413e+02, ratio=1.00679525, threshold=1.0, comparison (ratio >= threshold)=True, extracted_bit=0
[2025-06-03 09:49:19,791] I ThreadPoolExecutor-0_5 - extract_single_bit:727 - [BN P:479, R:2] Decision: s1=2.73439758e+02, s2=2.71195190e+02, ratio=1.00827658, threshold=1.0, comparison (ratio >= threshold)=True, extracted_bit=0
[2025-06-03 09:49:19,792] I ThreadPoolExecutor-0_7 - extract_single_bit:727 - [BN P:434, R:0] Decision: s1=1.12287094e+02, s2=1.13000450e+02, ratio=0.99368714, threshold=1.0, comparison (ratio >= threshold)=False, extracted_bit=1
[2025-06-03 09:49:19,792] I ThreadPoolExecutor-0_13 - extract_single_bit:727 - [BN P:331, R:2] Decision: s1=2.76579529e+02, s2=2.75538788e+02, ratio=1.00377711, threshold=1.0, comparison (ratio >= threshold)=True, extracted_bit=0
[2025-06-03 09:49:19,793] I ThreadPoolExecutor-0_1 - extract_single_bit:727 - [BN P:392, R:0] Decision: s1=1.15602341e+02, s2=1.16408859e+02, ratio=0.99307167, threshold=1.0, comparison (ratio >= threshold)=False, extracted_bit=1
[2025-06-03 09:49:19,793] I ThreadPoolExecutor-0_6 - extract_single_bit:727 - [BN P:541, R:2] Decision: s1=2.71285919e+02, s2=2.73033875e+02, ratio=0.99359803, threshold=1.0, comparison (ratio >= threshold)=False, extracted_bit=1
[2025-06-03 09:49:19,794] I ThreadPoolExecutor-0_0 - extract_single_bit:727 - [BN P:455, R:2] Decision: s1=2.61107239e+02, s2=2.59000519e+02, ratio=1.00813404, threshold=1.0, comparison (ratio >= threshold)=True, extracted_bit=0
[2025-06-03 09:49:19,795] I ThreadPoolExecutor-0_3 - extract_single_bit:727 - [BN P:519, R:0] Decision: s1=1.10327301e+02, s2=1.09579964e+02, ratio=1.00682002, threshold=1.0, comparison (ratio >= threshold)=True, extracted_bit=0
[2025-06-03 09:49:19,942] I ThreadPoolExecutor-0_12 - extract_single_bit:727 - [BN P:372, R:1] Decision: s1=2.03390045e+02, s2=2.01663712e+02, ratio=1.00856046, threshold=1.0, comparison (ratio >= threshold)=True, extracted_bit=0
[2025-06-03 09:49:19,996] I ThreadPoolExecutor-0_10 - extract_single_bit:727 - [BN P:351, R:2] Decision: s1=2.60843719e+02, s2=2.58880646e+02, ratio=1.00758293, threshold=1.0, comparison (ratio >= threshold)=True, extracted_bit=0
[2025-06-03 09:49:20,012] I ThreadPoolExecutor-0_8 - extract_single_bit:727 - [BN P:414, R:0] Decision: s1=1.16443375e+02, s2=1.17360580e+02, ratio=0.99218472, threshold=1.0, comparison (ratio >= threshold)=False, extracted_bit=1
[2025-06-03 09:49:20,029] I ThreadPoolExecutor-0_9 - extract_single_bit:727 - [BN P:311, R:5] Decision: s1=2.98928345e+02, s2=2.97446991e+02, ratio=1.00498023, threshold=1.0, comparison (ratio >= threshold)=True, extracted_bit=0
[2025-06-03 09:49:20,068] I ThreadPoolExecutor-0_6 - extract_single_bit:727 - [BN P:541, R:3] Decision: s1=3.18869293e+02, s2=3.20860229e+02, ratio=0.99379500, threshold=1.0, comparison (ratio >= threshold)=False, extracted_bit=1
[2025-06-03 09:49:20,069] I ThreadPoolExecutor-0_6 - _extract_batch_worker:900 - [Extractor Worker P:541] Selected 2 rings for extraction: [2, 3]. Extracted bits: [1, 1]
[2025-06-03 09:49:20,069] I ThreadPoolExecutor-0_5 - extract_single_bit:727 - [BN P:479, R:0] Decision: s1=1.19380043e+02, s2=1.20387039e+02, ratio=0.99163534, threshold=1.0, comparison (ratio >= threshold)=False, extracted_bit=1
[2025-06-03 09:49:20,072] I ThreadPoolExecutor-0_5 - _extract_batch_worker:900 - [Extractor Worker P:479] Selected 2 rings for extraction: [2, 0]. Extracted bits: [0, 1]
[2025-06-03 09:49:20,106] I ThreadPoolExecutor-0_3 - extract_single_bit:727 - [BN P:519, R:2] Decision: s1=2.57737244e+02, s2=2.60002289e+02, ratio=0.99128836, threshold=1.0, comparison (ratio >= threshold)=False, extracted_bit=1
[2025-06-03 09:49:20,107] I ThreadPoolExecutor-0_1 - extract_single_bit:727 - [BN P:392, R:2] Decision: s1=2.59333557e+02, s2=2.57453644e+02, ratio=1.00730195, threshold=1.0, comparison (ratio >= threshold)=True, extracted_bit=0
[2025-06-03 09:49:20,107] I ThreadPoolExecutor-0_1 - _extract_batch_worker:900 - [Extractor Worker P:392] Selected 2 rings for extraction: [0, 2]. Extracted bits: [1, 0]
[2025-06-03 09:49:20,108] I ThreadPoolExecutor-0_0 - extract_single_bit:727 - [BN P:455, R:4] Decision: s1=2.86023010e+02, s2=2.88095825e+02, ratio=0.99280512, threshold=1.0, comparison (ratio >= threshold)=False, extracted_bit=1
[2025-06-03 09:49:20,108] I ThreadPoolExecutor-0_0 - _extract_batch_worker:900 - [Extractor Worker P:455] Selected 2 rings for extraction: [2, 4]. Extracted bits: [0, 1]
[2025-06-03 09:49:20,109] I ThreadPoolExecutor-0_3 - _extract_batch_worker:900 - [Extractor Worker P:519] Selected 2 rings for extraction: [0, 2]. Extracted bits: [0, 1]
[2025-06-03 09:49:20,170] I ThreadPoolExecutor-0_4 - extract_single_bit:727 - [BN P:498, R:4] Decision: s1=2.99402954e+02, s2=2.99546539e+02, ratio=0.99952066, threshold=1.0, comparison (ratio >= threshold)=False, extracted_bit=1
[2025-06-03 09:49:20,171] I ThreadPoolExecutor-0_4 - _extract_batch_worker:900 - [Extractor Worker P:498] Selected 2 rings for extraction: [1, 4]. Extracted bits: [1, 1]
[2025-06-03 09:49:20,210] I ThreadPoolExecutor-0_13 - extract_single_bit:727 - [BN P:331, R:7] Decision: s1=1.67250610e+02, s2=1.68365952e+02, ratio=0.99337549, threshold=1.0, comparison (ratio >= threshold)=False, extracted_bit=1
[2025-06-03 09:49:20,843] I ThreadPoolExecutor-0_2 - extract_single_bit:727 - [BN P:561, R:3] Decision: s1=3.17499542e+02, s2=3.19977966e+02, ratio=0.99225439, threshold=1.0, comparison (ratio >= threshold)=False, extracted_bit=1
[2025-06-03 09:49:20,871] I ThreadPoolExecutor-0_7 - extract_single_bit:727 - [BN P:434, R:5] Decision: s1=2.73074829e+02, s2=2.74737823e+02, ratio=0.99394698, threshold=1.0, comparison (ratio >= threshold)=False, extracted_bit=1
[2025-06-03 09:49:20,873] I ThreadPoolExecutor-0_2 - _extract_batch_worker:900 - [Extractor Worker P:561] Selected 2 rings for extraction: [1, 3]. Extracted bits: [0, 1]
[2025-06-03 09:49:20,880] I ThreadPoolExecutor-0_7 - _extract_batch_worker:900 - [Extractor Worker P:434] Selected 2 rings for extraction: [0, 5]. Extracted bits: [1, 1]
[2025-06-03 09:49:20,880] I ThreadPoolExecutor-0_13 - _extract_batch_worker:900 - [Extractor Worker P:331] Selected 2 rings for extraction: [2, 7]. Extracted bits: [0, 1]
[2025-06-03 09:49:21,239] I ThreadPoolExecutor-0_10 - extract_single_bit:727 - [BN P:351, R:1] Decision: s1=1.98630951e+02, s2=2.00374588e+02, ratio=0.99129811, threshold=1.0, comparison (ratio >= threshold)=False, extracted_bit=1
[2025-06-03 09:49:21,239] I ThreadPoolExecutor-0_12 - extract_single_bit:727 - [BN P:372, R:0] Decision: s1=1.16925018e+02, s2=1.15897644e+02, ratio=1.00886450, threshold=1.0, comparison (ratio >= threshold)=True, extracted_bit=0
[2025-06-03 09:49:21,270] I ThreadPoolExecutor-0_12 - _extract_batch_worker:900 - [Extractor Worker P:372] Selected 2 rings for extraction: [1, 0]. Extracted bits: [0, 0]
[2025-06-03 09:49:21,270] I ThreadPoolExecutor-0_10 - _extract_batch_worker:900 - [Extractor Worker P:351] Selected 2 rings for extraction: [2, 1]. Extracted bits: [0, 1]
[2025-06-03 09:49:21,303] I ThreadPoolExecutor-0_8 - extract_single_bit:727 - [BN P:414, R:2] Decision: s1=2.59744507e+02, s2=2.61492096e+02, ratio=0.99331686, threshold=1.0, comparison (ratio >= threshold)=False, extracted_bit=1
[2025-06-03 09:49:21,303] I ThreadPoolExecutor-0_8 - _extract_batch_worker:900 - [Extractor Worker P:414] Selected 2 rings for extraction: [0, 2]. Extracted bits: [1, 1]
[2025-06-03 09:49:21,333] I ThreadPoolExecutor-0_9 - extract_single_bit:727 - [BN P:311, R:1] Decision: s1=2.13380646e+02, s2=2.13395844e+02, ratio=0.99992878, threshold=1.0, comparison (ratio >= threshold)=False, extracted_bit=1
[2025-06-03 09:49:21,333] I ThreadPoolExecutor-0_9 - _extract_batch_worker:900 - [Extractor Worker P:311] Selected 2 rings for extraction: [5, 1]. Extracted bits: [0, 1]
[2025-06-03 09:49:30,324] I ThreadPoolExecutor-0_12 - extract_single_bit:727 - [BN P:373, R:0] Decision: s1=1.15974960e+02, s2=1.16874352e+02, ratio=0.99230463, threshold=1.0, comparison (ratio >= threshold)=False, extracted_bit=1
[2025-06-03 09:49:30,324] I ThreadPoolExecutor-0_5 - extract_single_bit:727 - [BN P:480, R:2] Decision: s1=2.73340179e+02, s2=2.71108551e+02, ratio=1.00823149, threshold=1.0, comparison (ratio >= threshold)=True, extracted_bit=0
[2025-06-03 09:49:30,824] I ThreadPoolExecutor-0_12 - extract_single_bit:727 - [BN P:373, R:4] Decision: s1=2.87445496e+02, s2=2.87409607e+02, ratio=1.00012487, threshold=1.0, comparison (ratio >= threshold)=True, extracted_bit=0
[2025-06-03 09:49:30,825] I ThreadPoolExecutor-0_6 - extract_single_bit:727 - [BN P:542, R:1] Decision: s1=2.09755661e+02, s2=2.10896774e+02, ratio=0.99458923, threshold=1.0, comparison (ratio >= threshold)=False, extracted_bit=1
[2025-06-03 09:49:30,825] I ThreadPoolExecutor-0_12 - _extract_batch_worker:900 - [Extractor Worker P:373] Selected 2 rings for extraction: [0, 4]. Extracted bits: [1, 0]
[2025-06-03 09:49:30,825] I ThreadPoolExecutor-0_5 - extract_single_bit:727 - [BN P:480, R:0] Decision: s1=1.19323486e+02, s2=1.20342789e+02, ratio=0.99153001, threshold=1.0, comparison (ratio >= threshold)=False, extracted_bit=1
[2025-06-03 09:49:30,840] I ThreadPoolExecutor-0_1 - extract_single_bit:727 - [BN P:393, R:2] Decision: s1=2.57601776e+02, s2=2.59817078e+02, ratio=0.99147361, threshold=1.0, comparison (ratio >= threshold)=False, extracted_bit=1
[2025-06-03 09:49:30,840] I ThreadPoolExecutor-0_5 - _extract_batch_worker:900 - [Extractor Worker P:480] Selected 2 rings for extraction: [2, 0]. Extracted bits: [0, 1]
[2025-06-03 09:49:31,004] I ThreadPoolExecutor-0_10 - extract_single_bit:727 - [BN P:352, R:0] Decision: s1=1.16883308e+02, s2=1.15882408e+02, ratio=1.00863721, threshold=1.0, comparison (ratio >= threshold)=True, extracted_bit=0
[2025-06-03 09:49:31,017] I ThreadPoolExecutor-0_6 - extract_single_bit:727 - [BN P:542, R:3] Decision: s1=3.19049561e+02, s2=3.21191254e+02, ratio=0.99333203, threshold=1.0, comparison (ratio >= threshold)=False, extracted_bit=1
[2025-06-03 09:49:31,021] I ThreadPoolExecutor-0_6 - _extract_batch_worker:900 - [Extractor Worker P:542] Selected 2 rings for extraction: [1, 3]. Extracted bits: [1, 1]
[2025-06-03 09:49:31,243] I ThreadPoolExecutor-0_8 - extract_single_bit:727 - [BN P:415, R:1] Decision: s1=2.03495438e+02, s2=2.01991013e+02, ratio=1.00744798, threshold=1.0, comparison (ratio >= threshold)=True, extracted_bit=0
[2025-06-03 09:49:31,243] I ThreadPoolExecutor-0_1 - extract_single_bit:727 - [BN P:393, R:5] Decision: s1=2.74537689e+02, s2=2.72910431e+02, ratio=1.00596261, threshold=1.0, comparison (ratio >= threshold)=True, extracted_bit=0
[2025-06-03 09:49:31,243] I ThreadPoolExecutor-0_9 - extract_single_bit:727 - [BN P:312, R:1] Decision: s1=2.13400803e+02, s2=2.13396835e+02, ratio=1.00001859, threshold=1.0, comparison (ratio >= threshold)=True, extracted_bit=0
[2025-06-03 09:49:31,243] I ThreadPoolExecutor-0_0 - extract_single_bit:727 - [BN P:456, R:0] Decision: s1=1.16002594e+02, s2=1.15165192e+02, ratio=1.00727131, threshold=1.0, comparison (ratio >= threshold)=True, extracted_bit=0
[2025-06-03 09:49:31,243] I ThreadPoolExecutor-0_1 - _extract_batch_worker:900 - [Extractor Worker P:393] Selected 2 rings for extraction: [2, 5]. Extracted bits: [1, 0]
[2025-06-03 09:49:31,243] I ThreadPoolExecutor-0_13 - extract_single_bit:727 - [BN P:332, R:1] Decision: s1=2.13404343e+02, s2=2.13396439e+02, ratio=1.00003704, threshold=1.0, comparison (ratio >= threshold)=True, extracted_bit=0
[2025-06-03 09:49:31,243] I ThreadPoolExecutor-0_10 - extract_single_bit:727 - [BN P:352, R:5] Decision: s1=2.72555786e+02, s2=2.74334686e+02, ratio=0.99351558, threshold=1.0, comparison (ratio >= threshold)=False, extracted_bit=1
[2025-06-03 09:49:31,256] I ThreadPoolExecutor-0_3 - extract_single_bit:727 - [BN P:520, R:3] Decision: s1=3.03843964e+02, s2=3.06620453e+02, ratio=0.99094487, threshold=1.0, comparison (ratio >= threshold)=False, extracted_bit=1
[2025-06-03 09:49:31,259] I ThreadPoolExecutor-0_4 - extract_single_bit:727 - [BN P:499, R:2] Decision: s1=2.67686401e+02, s2=2.69891724e+02, ratio=0.99182886, threshold=1.0, comparison (ratio >= threshold)=False, extracted_bit=1
[2025-06-03 09:49:31,261] I ThreadPoolExecutor-0_10 - _extract_batch_worker:900 - [Extractor Worker P:352] Selected 2 rings for extraction: [0, 5]. Extracted bits: [0, 1]
[2025-06-03 09:49:31,370] I ThreadPoolExecutor-0_2 - extract_single_bit:727 - [BN P:562, R:2] Decision: s1=2.66252014e+02, s2=2.68040466e+02, ratio=0.99332768, threshold=1.0, comparison (ratio >= threshold)=False, extracted_bit=1
[2025-06-03 09:49:31,606] I ThreadPoolExecutor-0_9 - extract_single_bit:727 - [BN P:312, R:2] Decision: s1=2.76640594e+02, s2=2.75502289e+02, ratio=1.00413175, threshold=1.0, comparison (ratio >= threshold)=True, extracted_bit=0
[2025-06-03 09:49:31,622] I ThreadPoolExecutor-0_9 - _extract_batch_worker:900 - [Extractor Worker P:312] Selected 2 rings for extraction: [1, 2]. Extracted bits: [0, 0]
[2025-06-03 09:49:31,653] I ThreadPoolExecutor-0_8 - extract_single_bit:727 - [BN P:415, R:0] Decision: s1=1.16514816e+02, s2=1.17358818e+02, ratio=0.99280837, threshold=1.0, comparison (ratio >= threshold)=False, extracted_bit=1
[2025-06-03 09:49:31,653] I ThreadPoolExecutor-0_8 - _extract_batch_worker:900 - [Extractor Worker P:415] Selected 2 rings for extraction: [1, 0]. Extracted bits: [0, 1]
[2025-06-03 09:49:31,653] I ThreadPoolExecutor-0_13 - extract_single_bit:727 - [BN P:332, R:4] Decision: s1=3.07450409e+02, s2=3.06001373e+02, ratio=1.00473539, threshold=1.0, comparison (ratio >= threshold)=True, extracted_bit=0
[2025-06-03 09:49:31,653] I ThreadPoolExecutor-0_13 - _extract_batch_worker:900 - [Extractor Worker P:332] Selected 2 rings for extraction: [1, 4]. Extracted bits: [0, 0]
[2025-06-03 09:49:31,653] I ThreadPoolExecutor-0_3 - extract_single_bit:727 - [BN P:520, R:7] Decision: s1=1.60625473e+02, s2=1.58850052e+02, ratio=1.01117671, threshold=1.0, comparison (ratio >= threshold)=True, extracted_bit=0
[2025-06-03 09:49:31,653] I ThreadPoolExecutor-0_3 - _extract_batch_worker:900 - [Extractor Worker P:520] Selected 2 rings for extraction: [3, 7]. Extracted bits: [1, 0]
[2025-06-03 09:49:31,671] I ThreadPoolExecutor-0_4 - extract_single_bit:727 - [BN P:499, R:6] Decision: s1=2.74757965e+02, s2=2.76750000e+02, ratio=0.99280204, threshold=1.0, comparison (ratio >= threshold)=False, extracted_bit=1
[2025-06-03 09:49:31,671] I ThreadPoolExecutor-0_0 - extract_single_bit:727 - [BN P:456, R:2] Decision: s1=2.60885315e+02, s2=2.58254974e+02, ratio=1.01018505, threshold=1.0, comparison (ratio >= threshold)=True, extracted_bit=0
[2025-06-03 09:49:31,671] I ThreadPoolExecutor-0_4 - _extract_batch_worker:900 - [Extractor Worker P:499] Selected 2 rings for extraction: [2, 6]. Extracted bits: [1, 1]
[2025-06-03 09:49:31,671] I ThreadPoolExecutor-0_0 - _extract_batch_worker:900 - [Extractor Worker P:456] Selected 2 rings for extraction: [0, 2]. Extracted bits: [0, 0]
[2025-06-03 09:49:31,716] I ThreadPoolExecutor-0_12 - extract_single_bit:727 - [BN P:374, R:1] Decision: s1=2.03383224e+02, s2=2.01754379e+02, ratio=1.00807341, threshold=1.0, comparison (ratio >= threshold)=True, extracted_bit=0
[2025-06-03 09:49:31,716] I ThreadPoolExecutor-0_2 - extract_single_bit:727 - [BN P:562, R:4] Decision: s1=2.96572876e+02, s2=2.99107361e+02, ratio=0.99152650, threshold=1.0, comparison (ratio >= threshold)=False, extracted_bit=1
[2025-06-03 09:49:31,724] I ThreadPoolExecutor-0_2 - _extract_batch_worker:900 - [Extractor Worker P:562] Selected 2 rings for extraction: [2, 4]. Extracted bits: [1, 1]
[2025-06-03 09:49:31,747] I ThreadPoolExecutor-0_7 - extract_single_bit:727 - [BN P:435, R:2] Decision: s1=2.59193817e+02, s2=2.61228058e+02, ratio=0.99221278, threshold=1.0, comparison (ratio >= threshold)=False, extracted_bit=1
[2025-06-03 09:49:31,826] I ThreadPoolExecutor-0_12 - extract_single_bit:727 - [BN P:374, R:2] Decision: s1=2.59104462e+02, s2=2.60939911e+02, ratio=0.99296601, threshold=1.0, comparison (ratio >= threshold)=False, extracted_bit=1
[2025-06-03 09:49:31,828] I ThreadPoolExecutor-0_12 - _extract_batch_worker:900 - [Extractor Worker P:374] Selected 2 rings for extraction: [1, 2]. Extracted bits: [0, 1]
[2025-06-03 09:49:31,842] I ThreadPoolExecutor-0_5 - extract_single_bit:727 - [BN P:481, R:1] Decision: s1=2.07884918e+02, s2=2.09525497e+02, ratio=0.99217003, threshold=1.0, comparison (ratio >= threshold)=False, extracted_bit=1
[2025-06-03 09:49:31,874] I ThreadPoolExecutor-0_1 - extract_single_bit:727 - [BN P:394, R:1] Decision: s1=2.02859940e+02, s2=2.01189743e+02, ratio=1.00830160, threshold=1.0, comparison (ratio >= threshold)=True, extracted_bit=0
[2025-06-03 09:49:31,893] I ThreadPoolExecutor-0_7 - extract_single_bit:727 - [BN P:435, R:4] Decision: s1=2.86018097e+02, s2=2.88121796e+02, ratio=0.99269858, threshold=1.0, comparison (ratio >= threshold)=False, extracted_bit=1
[2025-06-03 09:49:31,893] I ThreadPoolExecutor-0_7 - _extract_batch_worker:900 - [Extractor Worker P:435] Selected 2 rings for extraction: [2, 4]. Extracted bits: [1, 1]
[2025-06-03 09:49:31,955] I ThreadPoolExecutor-0_5 - extract_single_bit:727 - [BN P:481, R:5] Decision: s1=2.78813446e+02, s2=2.82067841e+02, ratio=0.98846237, threshold=1.0, comparison (ratio >= threshold)=False, extracted_bit=1
[2025-06-03 09:49:31,955] I ThreadPoolExecutor-0_5 - _extract_batch_worker:900 - [Extractor Worker P:481] Selected 2 rings for extraction: [1, 5]. Extracted bits: [1, 1]
[2025-06-03 09:49:31,985] I ThreadPoolExecutor-0_1 - extract_single_bit:727 - [BN P:394, R:5] Decision: s1=2.74499084e+02, s2=2.72884338e+02, ratio=1.00591733, threshold=1.0, comparison (ratio >= threshold)=True, extracted_bit=0
[2025-06-03 09:49:31,986] I ThreadPoolExecutor-0_1 - _extract_batch_worker:900 - [Extractor Worker P:394] Selected 2 rings for extraction: [1, 5]. Extracted bits: [0, 0]
[2025-06-03 09:49:31,994] I ThreadPoolExecutor-0_9 - extract_single_bit:727 - [BN P:313, R:3] Decision: s1=3.26871552e+02, s2=3.25376648e+02, ratio=1.00459438, threshold=1.0, comparison (ratio >= threshold)=True, extracted_bit=0
[2025-06-03 09:49:32,023] I ThreadPoolExecutor-0_10 - extract_single_bit:727 - [BN P:353, R:1] Decision: s1=1.98800873e+02, s2=2.00426224e+02, ratio=0.99189053, threshold=1.0, comparison (ratio >= threshold)=False, extracted_bit=1
[2025-06-03 09:49:32,072] I ThreadPoolExecutor-0_9 - extract_single_bit:727 - [BN P:313, R:4] Decision: s1=3.06009613e+02, s2=3.07356689e+02, ratio=0.99561722, threshold=1.0, comparison (ratio >= threshold)=False, extracted_bit=1
[2025-06-03 09:49:32,072] I ThreadPoolExecutor-0_3 - extract_single_bit:727 - [BN P:521, R:0] Decision: s1=1.09125580e+02, s2=1.10101845e+02, ratio=0.99113307, threshold=1.0, comparison (ratio >= threshold)=False, extracted_bit=1
[2025-06-03 09:49:32,078] I ThreadPoolExecutor-0_9 - _extract_batch_worker:900 - [Extractor Worker P:313] Selected 2 rings for extraction: [3, 4]. Extracted bits: [0, 1]
[2025-06-03 09:49:32,098] I ThreadPoolExecutor-0_10 - extract_single_bit:727 - [BN P:353, R:5] Decision: s1=2.72598236e+02, s2=2.74373138e+02, ratio=0.99353106, threshold=1.0, comparison (ratio >= threshold)=False, extracted_bit=1
[2025-06-03 09:49:32,100] I ThreadPoolExecutor-0_10 - _extract_batch_worker:900 - [Extractor Worker P:353] Selected 2 rings for extraction: [1, 5]. Extracted bits: [1, 1]
[2025-06-03 09:49:32,142] I ThreadPoolExecutor-0_3 - extract_single_bit:727 - [BN P:521, R:1] Decision: s1=1.99827209e+02, s2=1.98158005e+02, ratio=1.00842360, threshold=1.0, comparison (ratio >= threshold)=True, extracted_bit=0
[2025-06-03 09:49:32,142] I ThreadPoolExecutor-0_3 - _extract_batch_worker:900 - [Extractor Worker P:521] Selected 2 rings for extraction: [0, 1]. Extracted bits: [1, 0]
[2025-06-03 09:49:32,192] I ThreadPoolExecutor-0_7 - extract_single_bit:727 - [BN P:436, R:1] Decision: s1=2.00721970e+02, s2=1.98760178e+02, ratio=1.00987015, threshold=1.0, comparison (ratio >= threshold)=True, extracted_bit=0
[2025-06-03 09:49:32,285] I ThreadPoolExecutor-0_7 - extract_single_bit:727 - [BN P:436, R:2] Decision: s1=2.61178314e+02, s2=2.59152740e+02, ratio=1.00781614, threshold=1.0, comparison (ratio >= threshold)=True, extracted_bit=0
[2025-06-03 09:49:32,285] I ThreadPoolExecutor-0_7 - _extract_batch_worker:900 - [Extractor Worker P:436] Selected 2 rings for extraction: [1, 2]. Extracted bits: [0, 0]
[2025-06-03 09:49:32,322] I ThreadPoolExecutor-0_6 - extract_single_bit:727 - [BN P:543, R:0] Decision: s1=1.19302910e+02, s2=1.18490631e+02, ratio=1.00685521, threshold=1.0, comparison (ratio >= threshold)=True, extracted_bit=0
[2025-06-03 09:49:32,360] I ThreadPoolExecutor-0_4 - extract_single_bit:727 - [BN P:500, R:3] Decision: s1=3.18263123e+02, s2=3.15083527e+02, ratio=1.01009128, threshold=1.0, comparison (ratio >= threshold)=True, extracted_bit=0
[2025-06-03 09:49:32,381] I ThreadPoolExecutor-0_2 - extract_single_bit:727 - [BN P:563, R:3] Decision: s1=3.17414062e+02, s2=3.19464386e+02, ratio=0.99358200, threshold=1.0, comparison (ratio >= threshold)=False, extracted_bit=1
[2025-06-03 09:49:32,419] I ThreadPoolExecutor-0_6 - extract_single_bit:727 - [BN P:543, R:6] Decision: s1=2.81496887e+02, s2=2.81495819e+02, ratio=1.00000379, threshold=1.0, comparison (ratio >= threshold)=True, extracted_bit=0
[2025-06-03 09:49:32,424] I ThreadPoolExecutor-0_6 - _extract_batch_worker:900 - [Extractor Worker P:543] Selected 2 rings for extraction: [0, 6]. Extracted bits: [0, 0]
[2025-06-03 09:49:32,460] I ThreadPoolExecutor-0_4 - extract_single_bit:727 - [BN P:500, R:0] Decision: s1=1.20197044e+02, s2=1.18822266e+02, ratio=1.01157004, threshold=1.0, comparison (ratio >= threshold)=True, extracted_bit=0
[2025-06-03 09:49:32,460] I ThreadPoolExecutor-0_4 - _extract_batch_worker:900 - [Extractor Worker P:500] Selected 2 rings for extraction: [3, 0]. Extracted bits: [0, 0]
[2025-06-03 09:49:32,467] I ThreadPoolExecutor-0_2 - extract_single_bit:727 - [BN P:563, R:0] Decision: s1=1.17267067e+02, s2=1.18036270e+02, ratio=0.99348333, threshold=1.0, comparison (ratio >= threshold)=False, extracted_bit=1
[2025-06-03 09:49:32,467] I ThreadPoolExecutor-0_2 - _extract_batch_worker:900 - [Extractor Worker P:563] Selected 2 rings for extraction: [3, 0]. Extracted bits: [1, 1]
[2025-06-03 09:49:32,480] I ThreadPoolExecutor-0_10 - extract_single_bit:727 - [BN P:354, R:5] Decision: s1=2.72608704e+02, s2=2.74358063e+02, ratio=0.99362381, threshold=1.0, comparison (ratio >= threshold)=False, extracted_bit=1
[2025-06-03 09:49:32,505] I ThreadPoolExecutor-0_0 - extract_single_bit:727 - [BN P:457, R:1] Decision: s1=1.98440231e+02, s2=1.99852570e+02, ratio=0.99293310, threshold=1.0, comparison (ratio >= threshold)=False, extracted_bit=1
[2025-06-03 09:49:32,527] I ThreadPoolExecutor-0_10 - extract_single_bit:727 - [BN P:354, R:3] Decision: s1=3.07479492e+02, s2=3.05120300e+02, ratio=1.00773201, threshold=1.0, comparison (ratio >= threshold)=True, extracted_bit=0
[2025-06-03 09:49:32,527] I ThreadPoolExecutor-0_10 - _extract_batch_worker:900 - [Extractor Worker P:354] Selected 2 rings for extraction: [5, 3]. Extracted bits: [1, 0]
[2025-06-03 09:49:32,557] I ThreadPoolExecutor-0_0 - extract_single_bit:727 - [BN P:457, R:4] Decision: s1=2.92917389e+02, s2=2.90949738e+02, ratio=1.00676286, threshold=1.0, comparison (ratio >= threshold)=True, extracted_bit=0
[2025-06-03 09:49:32,557] I ThreadPoolExecutor-0_0 - _extract_batch_worker:900 - [Extractor Worker P:457] Selected 2 rings for extraction: [1, 4]. Extracted bits: [1, 0]
[2025-06-03 09:49:32,557] I ThreadPoolExecutor-0_7 - extract_single_bit:727 - [BN P:437, R:0] Decision: s1=1.12662231e+02, s2=1.14087051e+02, ratio=0.98751112, threshold=1.0, comparison (ratio >= threshold)=False, extracted_bit=1
[2025-06-03 09:49:32,585] I ThreadPoolExecutor-0_7 - extract_single_bit:727 - [BN P:437, R:3] Decision: s1=3.08305695e+02, s2=3.06137421e+02, ratio=1.00708268, threshold=1.0, comparison (ratio >= threshold)=True, extracted_bit=0
[2025-06-03 09:49:32,585] I ThreadPoolExecutor-0_7 - _extract_batch_worker:900 - [Extractor Worker P:437] Selected 2 rings for extraction: [0, 3]. Extracted bits: [1, 0]
[2025-06-03 09:49:33,046] I ThreadPoolExecutor-0_13 - extract_single_bit:727 - [BN P:333, R:5] Decision: s1=2.98882812e+02, s2=2.97319153e+02, ratio=1.00525920, threshold=1.0, comparison (ratio >= threshold)=True, extracted_bit=0
[2025-06-03 09:49:33,093] I ThreadPoolExecutor-0_6 - extract_single_bit:727 - [BN P:544, R:1] Decision: s1=2.07157501e+02, s2=2.05671844e+02, ratio=1.00722343, threshold=1.0, comparison (ratio >= threshold)=True, extracted_bit=0
[2025-06-03 09:49:33,125] I ThreadPoolExecutor-0_5 - extract_single_bit:727 - [BN P:482, R:2] Decision: s1=2.71436859e+02, s2=2.73672607e+02, ratio=0.99183057, threshold=1.0, comparison (ratio >= threshold)=False, extracted_bit=1
[2025-06-03 09:49:33,173] I ThreadPoolExecutor-0_8 - extract_single_bit:727 - [BN P:416, R:1] Decision: s1=2.03556046e+02, s2=2.01872223e+02, ratio=1.00834103, threshold=1.0, comparison (ratio >= threshold)=True, extracted_bit=0
[2025-06-03 09:49:33,175] I ThreadPoolExecutor-0_4 - extract_single_bit:727 - [BN P:501, R:1] Decision: s1=2.05779968e+02, s2=2.07655762e+02, ratio=0.99096681, threshold=1.0, comparison (ratio >= threshold)=False, extracted_bit=1
[2025-06-03 09:49:33,209] I ThreadPoolExecutor-0_12 - extract_single_bit:727 - [BN P:375, R:0] Decision: s1=1.16810806e+02, s2=1.15782303e+02, ratio=1.00888308, threshold=1.0, comparison (ratio >= threshold)=True, extracted_bit=0
[2025-06-03 09:49:33,279] I ThreadPoolExecutor-0_13 - extract_single_bit:727 - [BN P:333, R:3] Decision: s1=3.26986542e+02, s2=3.25329254e+02, ratio=1.00509419, threshold=1.0, comparison (ratio >= threshold)=True, extracted_bit=0
[2025-06-03 09:49:33,280] I ThreadPoolExecutor-0_13 - _extract_batch_worker:900 - [Extractor Worker P:333] Selected 2 rings for extraction: [5, 3]. Extracted bits: [0, 0]
[2025-06-03 09:49:33,313] I ThreadPoolExecutor-0_9 - extract_single_bit:727 - [BN P:314, R:3] Decision: s1=3.25238190e+02, s2=3.26869476e+02, ratio=0.99500936, threshold=1.0, comparison (ratio >= threshold)=False, extracted_bit=1
[2025-06-03 09:49:33,334] I ThreadPoolExecutor-0_3 - extract_single_bit:727 - [BN P:522, R:0] Decision: s1=1.09569824e+02, s2=1.08678986e+02, ratio=1.00819697, threshold=1.0, comparison (ratio >= threshold)=True, extracted_bit=0
[2025-06-03 09:49:33,353] I ThreadPoolExecutor-0_6 - extract_single_bit:727 - [BN P:544, R:2] Decision: s1=2.66772980e+02, s2=2.68594147e+02, ratio=0.99321963, threshold=1.0, comparison (ratio >= threshold)=False, extracted_bit=1
[2025-06-03 09:49:33,354] I ThreadPoolExecutor-0_6 - _extract_batch_worker:900 - [Extractor Worker P:544] Selected 2 rings for extraction: [1, 2]. Extracted bits: [0, 1]
[2025-06-03 09:49:33,386] I ThreadPoolExecutor-0_5 - extract_single_bit:727 - [BN P:482, R:5] Decision: s1=2.82042511e+02, s2=2.78896484e+02, ratio=1.01128027, threshold=1.0, comparison (ratio >= threshold)=True, extracted_bit=0
[2025-06-03 09:49:33,392] I ThreadPoolExecutor-0_5 - _extract_batch_worker:900 - [Extractor Worker P:482] Selected 2 rings for extraction: [2, 5]. Extracted bits: [1, 0]
[2025-06-03 09:49:33,478] I ThreadPoolExecutor-0_8 - extract_single_bit:727 - [BN P:416, R:0] Decision: s1=1.16512932e+02, s2=1.17386612e+02, ratio=0.99255724, threshold=1.0, comparison (ratio >= threshold)=False, extracted_bit=1
[2025-06-03 09:49:33,481] I ThreadPoolExecutor-0_8 - _extract_batch_worker:900 - [Extractor Worker P:416] Selected 2 rings for extraction: [1, 0]. Extracted bits: [0, 1]
[2025-06-03 09:49:33,519] I ThreadPoolExecutor-0_4 - extract_single_bit:727 - [BN P:501, R:3] Decision: s1=3.17958038e+02, s2=3.14907288e+02, ratio=1.00968777, threshold=1.0, comparison (ratio >= threshold)=True, extracted_bit=0
[2025-06-03 09:49:33,520] I ThreadPoolExecutor-0_4 - _extract_batch_worker:900 - [Extractor Worker P:501] Selected 2 rings for extraction: [1, 3]. Extracted bits: [1, 0]
[2025-06-03 09:49:33,529] I ThreadPoolExecutor-0_12 - extract_single_bit:727 - [BN P:375, R:4] Decision: s1=2.85314789e+02, s2=2.87495087e+02, ratio=0.99241623, threshold=1.0, comparison (ratio >= threshold)=False, extracted_bit=1
[2025-06-03 09:49:33,529] I ThreadPoolExecutor-0_12 - _extract_batch_worker:900 - [Extractor Worker P:375] Selected 2 rings for extraction: [0, 4]. Extracted bits: [0, 1]
[2025-06-03 09:49:33,532] I ThreadPoolExecutor-0_10 - extract_single_bit:727 - [BN P:355, R:2] Decision: s1=2.58228973e+02, s2=2.60108887e+02, ratio=0.99277259, threshold=1.0, comparison (ratio >= threshold)=False, extracted_bit=1
[2025-06-03 09:49:33,575] I ThreadPoolExecutor-0_0 - extract_single_bit:727 - [BN P:458, R:2] Decision: s1=2.61857605e+02, s2=2.60070221e+02, ratio=1.00687270, threshold=1.0, comparison (ratio >= threshold)=True, extracted_bit=0
[2025-06-03 09:49:33,600] I ThreadPoolExecutor-0_9 - extract_single_bit:727 - [BN P:314, R:2] Decision: s1=2.75473419e+02, s2=2.76601501e+02, ratio=0.99592163, threshold=1.0, comparison (ratio >= threshold)=False, extracted_bit=1
[2025-06-03 09:49:33,601] I ThreadPoolExecutor-0_9 - _extract_batch_worker:900 - [Extractor Worker P:314] Selected 2 rings for extraction: [3, 2]. Extracted bits: [1, 1]
[2025-06-03 09:49:33,628] I ThreadPoolExecutor-0_3 - extract_single_bit:727 - [BN P:522, R:3] Decision: s1=3.07226624e+02, s2=3.04733948e+02, ratio=1.00817984, threshold=1.0, comparison (ratio >= threshold)=True, extracted_bit=0
[2025-06-03 09:49:33,628] I ThreadPoolExecutor-0_3 - _extract_batch_worker:900 - [Extractor Worker P:522] Selected 2 rings for extraction: [0, 3]. Extracted bits: [0, 0]
[2025-06-03 09:49:33,709] I ThreadPoolExecutor-0_10 - extract_single_bit:727 - [BN P:355, R:3] Decision: s1=3.07180786e+02, s2=3.05087677e+02, ratio=1.00686068, threshold=1.0, comparison (ratio >= threshold)=True, extracted_bit=0
[2025-06-03 09:49:33,710] I ThreadPoolExecutor-0_10 - _extract_batch_worker:900 - [Extractor Worker P:355] Selected 2 rings for extraction: [2, 3]. Extracted bits: [1, 0]
[2025-06-03 09:49:33,717] I ThreadPoolExecutor-0_2 - extract_single_bit:727 - [BN P:564, R:2] Decision: s1=2.68555237e+02, s2=2.67046967e+02, ratio=1.00564796, threshold=1.0, comparison (ratio >= threshold)=True, extracted_bit=0
[2025-06-03 09:49:33,744] I ThreadPoolExecutor-0_1 - extract_single_bit:727 - [BN P:395, R:1] Decision: s1=2.02809494e+02, s2=2.01446960e+02, ratio=1.00676373, threshold=1.0, comparison (ratio >= threshold)=True, extracted_bit=0
[2025-06-03 09:49:33,755] I ThreadPoolExecutor-0_7 - extract_single_bit:727 - [BN P:438, R:1] Decision: s1=1.99930817e+02, s2=1.98494629e+02, ratio=1.00723540, threshold=1.0, comparison (ratio >= threshold)=True, extracted_bit=0
[2025-06-03 09:49:33,788] I ThreadPoolExecutor-0_0 - extract_single_bit:727 - [BN P:458, R:0] Decision: s1=1.14644783e+02, s2=1.13566246e+02, ratio=1.00949699, threshold=1.0, comparison (ratio >= threshold)=True, extracted_bit=0
[2025-06-03 09:49:33,790] I ThreadPoolExecutor-0_0 - _extract_batch_worker:900 - [Extractor Worker P:458] Selected 2 rings for extraction: [2, 0]. Extracted bits: [0, 0]
[2025-06-03 09:49:33,850] I ThreadPoolExecutor-0_13 - extract_single_bit:727 - [BN P:334, R:4] Decision: s1=3.07448792e+02, s2=3.05976440e+02, ratio=1.00481198, threshold=1.0, comparison (ratio >= threshold)=True, extracted_bit=0
[2025-06-03 09:49:33,921] I ThreadPoolExecutor-0_6 - extract_single_bit:727 - [BN P:545, R:1] Decision: s1=2.05490906e+02, s2=2.06937546e+02, ratio=0.99300929, threshold=1.0, comparison (ratio >= threshold)=False, extracted_bit=1
[2025-06-03 09:49:33,928] I ThreadPoolExecutor-0_2 - extract_single_bit:727 - [BN P:564, R:1] Decision: s1=2.07561295e+02, s2=2.05218231e+02, ratio=1.01141742, threshold=1.0, comparison (ratio >= threshold)=True, extracted_bit=0
[2025-06-03 09:49:33,929] I ThreadPoolExecutor-0_2 - _extract_batch_worker:900 - [Extractor Worker P:564] Selected 2 rings for extraction: [2, 1]. Extracted bits: [0, 0]
[2025-06-03 09:49:33,971] I ThreadPoolExecutor-0_1 - extract_single_bit:727 - [BN P:395, R:3] Decision: s1=3.05095764e+02, s2=3.07277435e+02, ratio=0.99290000, threshold=1.0, comparison (ratio >= threshold)=False, extracted_bit=1
[2025-06-03 09:49:33,972] I ThreadPoolExecutor-0_1 - _extract_batch_worker:900 - [Extractor Worker P:395] Selected 2 rings for extraction: [1, 3]. Extracted bits: [0, 1]
[2025-06-03 09:49:33,980] I ThreadPoolExecutor-0_7 - extract_single_bit:727 - [BN P:438, R:0] Decision: s1=1.13935951e+02, s2=1.15903847e+02, ratio=0.98302131, threshold=1.0, comparison (ratio >= threshold)=False, extracted_bit=1
[2025-06-03 09:49:33,981] I ThreadPoolExecutor-0_7 - _extract_batch_worker:900 - [Extractor Worker P:438] Selected 2 rings for extraction: [1, 0]. Extracted bits: [0, 1]
[2025-06-03 09:49:34,010] I ThreadPoolExecutor-0_8 - extract_single_bit:727 - [BN P:417, R:0] Decision: s1=1.16449463e+02, s2=1.17311028e+02, ratio=0.99265572, threshold=1.0, comparison (ratio >= threshold)=False, extracted_bit=1
[2025-06-03 09:49:34,045] I ThreadPoolExecutor-0_13 - extract_single_bit:727 - [BN P:334, R:2] Decision: s1=2.76596100e+02, s2=2.76544464e+02, ratio=1.00018672, threshold=1.0, comparison (ratio >= threshold)=True, extracted_bit=0
[2025-06-03 09:49:34,046] I ThreadPoolExecutor-0_13 - _extract_batch_worker:900 - [Extractor Worker P:334] Selected 2 rings for extraction: [4, 2]. Extracted bits: [0, 0]
[2025-06-03 09:49:34,056] I ThreadPoolExecutor-0_12 - extract_single_bit:727 - [BN P:376, R:1] Decision: s1=2.03358383e+02, s2=2.01711029e+02, ratio=1.00816690, threshold=1.0, comparison (ratio >= threshold)=True, extracted_bit=0
[2025-06-03 09:49:34,088] I ThreadPoolExecutor-0_3 - extract_single_bit:727 - [BN P:523, R:0] Decision: s1=1.08584190e+02, s2=1.07695793e+02, ratio=1.00824914, threshold=1.0, comparison (ratio >= threshold)=True, extracted_bit=0
[2025-06-03 09:49:34,095] I ThreadPoolExecutor-0_6 - extract_single_bit:727 - [BN P:545, R:0] Decision: s1=1.18226501e+02, s2=1.19048195e+02, ratio=0.99309781, threshold=1.0, comparison (ratio >= threshold)=False, extracted_bit=1
[2025-06-03 09:49:34,096] I ThreadPoolExecutor-0_6 - _extract_batch_worker:900 - [Extractor Worker P:545] Selected 2 rings for extraction: [1, 0]. Extracted bits: [1, 1]
[2025-06-03 09:49:34,142] I ThreadPoolExecutor-0_10 - extract_single_bit:727 - [BN P:356, R:0] Decision: s1=1.16987694e+02, s2=1.15931541e+02, ratio=1.00911014, threshold=1.0, comparison (ratio >= threshold)=True, extracted_bit=0
[2025-06-03 09:49:34,190] I ThreadPoolExecutor-0_4 - extract_single_bit:727 - [BN P:502, R:1] Decision: s1=2.07828064e+02, s2=2.05854874e+02, ratio=1.00958535, threshold=1.0, comparison (ratio >= threshold)=True, extracted_bit=0
[2025-06-03 09:49:34,195] I ThreadPoolExecutor-0_8 - extract_single_bit:727 - [BN P:417, R:2] Decision: s1=2.59083557e+02, s2=2.60661499e+02, ratio=0.99394639, threshold=1.0, comparison (ratio >= threshold)=False, extracted_bit=1
[2025-06-03 09:49:34,196] I ThreadPoolExecutor-0_8 - _extract_batch_worker:900 - [Extractor Worker P:417] Selected 2 rings for extraction: [0, 2]. Extracted bits: [1, 1]
[2025-06-03 09:49:34,234] I ThreadPoolExecutor-0_0 - extract_single_bit:727 - [BN P:459, R:1] Decision: s1=2.00253082e+02, s2=2.00059326e+02, ratio=1.00096849, threshold=1.0, comparison (ratio >= threshold)=True, extracted_bit=0
[2025-06-03 09:49:34,237] I ThreadPoolExecutor-0_12 - extract_single_bit:727 - [BN P:376, R:2] Decision: s1=2.59199493e+02, s2=2.61033691e+02, ratio=0.99297333, threshold=1.0, comparison (ratio >= threshold)=False, extracted_bit=1
[2025-06-03 09:49:34,237] I ThreadPoolExecutor-0_12 - _extract_batch_worker:900 - [Extractor Worker P:376] Selected 2 rings for extraction: [1, 2]. Extracted bits: [0, 1]
[2025-06-03 09:49:34,267] I ThreadPoolExecutor-0_3 - extract_single_bit:727 - [BN P:523, R:1] Decision: s1=1.95903671e+02, s2=1.97544159e+02, ratio=0.99169559, threshold=1.0, comparison (ratio >= threshold)=False, extracted_bit=1
[2025-06-03 09:49:34,268] I ThreadPoolExecutor-0_3 - _extract_batch_worker:900 - [Extractor Worker P:523] Selected 2 rings for extraction: [0, 1]. Extracted bits: [0, 1]
[2025-06-03 09:49:34,330] I ThreadPoolExecutor-0_10 - extract_single_bit:727 - [BN P:356, R:2] Decision: s1=2.58025024e+02, s2=2.59701385e+02, ratio=0.99354504, threshold=1.0, comparison (ratio >= threshold)=False, extracted_bit=1
[2025-06-03 09:49:34,330] I ThreadPoolExecutor-0_10 - _extract_batch_worker:900 - [Extractor Worker P:356] Selected 2 rings for extraction: [0, 2]. Extracted bits: [0, 1]
[2025-06-03 09:49:34,363] I ThreadPoolExecutor-0_2 - extract_single_bit:727 - [BN P:565, R:2] Decision: s1=2.67010010e+02, s2=2.69203003e+02, ratio=0.99185376, threshold=1.0, comparison (ratio >= threshold)=False, extracted_bit=1
[2025-06-03 09:49:34,404] I ThreadPoolExecutor-0_4 - extract_single_bit:727 - [BN P:502, R:6] Decision: s1=2.77543121e+02, s2=2.77471344e+02, ratio=1.00025868, threshold=1.0, comparison (ratio >= threshold)=True, extracted_bit=0
[2025-06-03 09:49:34,405] I ThreadPoolExecutor-0_4 - _extract_batch_worker:900 - [Extractor Worker P:502] Selected 2 rings for extraction: [1, 6]. Extracted bits: [0, 0]
[2025-06-03 09:49:34,432] I ThreadPoolExecutor-0_0 - extract_single_bit:727 - [BN P:459, R:2] Decision: s1=2.61013519e+02, s2=2.66380096e+02, ratio=0.97985369, threshold=1.0, comparison (ratio >= threshold)=False, extracted_bit=1
[2025-06-03 09:49:34,435] I ThreadPoolExecutor-0_0 - _extract_batch_worker:900 - [Extractor Worker P:459] Selected 2 rings for extraction: [1, 2]. Extracted bits: [0, 1]
[2025-06-03 09:49:34,464] I ThreadPoolExecutor-0_13 - extract_single_bit:727 - [BN P:335, R:3] Decision: s1=3.26922729e+02, s2=3.25318756e+02, ratio=1.00493047, threshold=1.0, comparison (ratio >= threshold)=True, extracted_bit=0
[2025-06-03 09:49:34,522] I ThreadPoolExecutor-0_2 - extract_single_bit:727 - [BN P:565, R:3] Decision: s1=3.18930603e+02, s2=3.16212189e+02, ratio=1.00859680, threshold=1.0, comparison (ratio >= threshold)=True, extracted_bit=0
[2025-06-03 09:49:34,523] I ThreadPoolExecutor-0_2 - _extract_batch_worker:900 - [Extractor Worker P:565] Selected 2 rings for extraction: [2, 3]. Extracted bits: [1, 0]
[2025-06-03 09:49:34,597] I ThreadPoolExecutor-0_7 - extract_single_bit:727 - [BN P:439, R:1] Decision: s1=2.00503677e+02, s2=1.99554092e+02, ratio=1.00475853, threshold=1.0, comparison (ratio >= threshold)=True, extracted_bit=0
[2025-06-03 09:49:34,620] I ThreadPoolExecutor-0_13 - extract_single_bit:727 - [BN P:335, R:1] Decision: s1=2.13389648e+02, s2=2.13393738e+02, ratio=0.99998084, threshold=1.0, comparison (ratio >= threshold)=False, extracted_bit=1
[2025-06-03 09:49:34,620] I ThreadPoolExecutor-0_13 - _extract_batch_worker:900 - [Extractor Worker P:335] Selected 2 rings for extraction: [3, 1]. Extracted bits: [0, 1]
[2025-06-03 09:49:34,649] I ThreadPoolExecutor-0_1 - extract_single_bit:727 - [BN P:396, R:2] Decision: s1=2.58683258e+02, s2=2.60616302e+02, ratio=0.99258280, threshold=1.0, comparison (ratio >= threshold)=False, extracted_bit=1
[2025-06-03 09:49:34,652] I ThreadPoolExecutor-0_12 - extract_single_bit:727 - [BN P:377, R:0] Decision: s1=1.15872490e+02, s2=1.16788712e+02, ratio=0.99215488, threshold=1.0, comparison (ratio >= threshold)=False, extracted_bit=1
[2025-06-03 09:49:34,837] I ThreadPoolExecutor-0_8 - extract_single_bit:727 - [BN P:418, R:1] Decision: s1=2.01873764e+02, s2=2.03387772e+02, ratio=0.99255605, threshold=1.0, comparison (ratio >= threshold)=False, extracted_bit=1
[2025-06-03 09:49:34,842] I ThreadPoolExecutor-0_7 - extract_single_bit:727 - [BN P:439, R:4] Decision: s1=2.86055450e+02, s2=2.88053955e+02, ratio=0.99306205, threshold=1.0, comparison (ratio >= threshold)=False, extracted_bit=1
[2025-06-03 09:49:34,843] I ThreadPoolExecutor-0_7 - _extract_batch_worker:900 - [Extractor Worker P:439] Selected 2 rings for extraction: [1, 4]. Extracted bits: [0, 1]
[2025-06-03 09:49:34,862] I ThreadPoolExecutor-0_12 - extract_single_bit:727 - [BN P:377, R:5] Decision: s1=2.74517303e+02, s2=2.72872833e+02, ratio=1.00602651, threshold=1.0, comparison (ratio >= threshold)=True, extracted_bit=0
[2025-06-03 09:49:34,864] I ThreadPoolExecutor-0_12 - _extract_batch_worker:900 - [Extractor Worker P:377] Selected 2 rings for extraction: [0, 5]. Extracted bits: [1, 0]
[2025-06-03 09:49:34,882] I ThreadPoolExecutor-0_1 - extract_single_bit:727 - [BN P:396, R:4] Decision: s1=2.87866547e+02, s2=2.87855133e+02, ratio=1.00003965, threshold=1.0, comparison (ratio >= threshold)=True, extracted_bit=0
[2025-06-03 09:49:34,886] I ThreadPoolExecutor-0_1 - _extract_batch_worker:900 - [Extractor Worker P:396] Selected 2 rings for extraction: [2, 4]. Extracted bits: [1, 0]
[2025-06-03 09:49:34,892] I ThreadPoolExecutor-0_4 - extract_single_bit:727 - [BN P:503, R:1] Decision: s1=2.07725586e+02, s2=2.05466934e+02, ratio=1.01099277, threshold=1.0, comparison (ratio >= threshold)=True, extracted_bit=0
[2025-06-03 09:49:34,923] I ThreadPoolExecutor-0_3 - extract_single_bit:727 - [BN P:524, R:2] Decision: s1=2.55955460e+02, s2=2.59459076e+02, ratio=0.98649646, threshold=1.0, comparison (ratio >= threshold)=False, extracted_bit=1
[2025-06-03 09:49:34,951] I ThreadPoolExecutor-0_2 - extract_single_bit:727 - [BN P:566, R:2] Decision: s1=2.69230591e+02, s2=2.67201965e+02, ratio=1.00759211, threshold=1.0, comparison (ratio >= threshold)=True, extracted_bit=0
[2025-06-03 09:49:35,036] I ThreadPoolExecutor-0_8 - extract_single_bit:727 - [BN P:418, R:0] Decision: s1=1.17333588e+02, s2=1.16372871e+02, ratio=1.00825550, threshold=1.0, comparison (ratio >= threshold)=True, extracted_bit=0
[2025-06-03 09:49:35,039] I ThreadPoolExecutor-0_8 - _extract_batch_worker:900 - [Extractor Worker P:418] Selected 2 rings for extraction: [1, 0]. Extracted bits: [1, 0]
[2025-06-03 09:49:35,061] I ThreadPoolExecutor-0_3 - extract_single_bit:727 - [BN P:524, R:1] Decision: s1=1.97886322e+02, s2=1.98006531e+02, ratio=0.99939291, threshold=1.0, comparison (ratio >= threshold)=False, extracted_bit=1
[2025-06-03 09:49:35,063] I ThreadPoolExecutor-0_3 - _extract_batch_worker:900 - [Extractor Worker P:524] Selected 2 rings for extraction: [2, 1]. Extracted bits: [1, 1]
[2025-06-03 09:49:35,071] I ThreadPoolExecutor-0_2 - extract_single_bit:727 - [BN P:566, R:3] Decision: s1=3.16168091e+02, s2=3.18761627e+02, ratio=0.99186371, threshold=1.0, comparison (ratio >= threshold)=False, extracted_bit=1
[2025-06-03 09:49:35,071] I ThreadPoolExecutor-0_2 - _extract_batch_worker:900 - [Extractor Worker P:566] Selected 2 rings for extraction: [2, 3]. Extracted bits: [0, 1]
[2025-06-03 09:49:35,087] I ThreadPoolExecutor-0_4 - extract_single_bit:727 - [BN P:503, R:0] Decision: s1=1.20080490e+02, s2=1.20035301e+02, ratio=1.00037646, threshold=1.0, comparison (ratio >= threshold)=True, extracted_bit=0
[2025-06-03 09:49:35,087] I ThreadPoolExecutor-0_4 - _extract_batch_worker:900 - [Extractor Worker P:503] Selected 2 rings for extraction: [1, 0]. Extracted bits: [0, 0]
[2025-06-03 09:49:35,146] I ThreadPoolExecutor-0_0 - extract_single_bit:727 - [BN P:460, R:1] Decision: s1=2.00032272e+02, s2=2.03045776e+02, ratio=0.98515850, threshold=1.0, comparison (ratio >= threshold)=False, extracted_bit=1
[2025-06-03 09:49:35,217] I ThreadPoolExecutor-0_7 - extract_single_bit:727 - [BN P:440, R:1] Decision: s1=2.01509659e+02, s2=2.00433060e+02, ratio=1.00537136, threshold=1.0, comparison (ratio >= threshold)=True, extracted_bit=0
[2025-06-03 09:49:35,244] I ThreadPoolExecutor-0_0 - extract_single_bit:727 - [BN P:460, R:3] Decision: s1=3.15482422e+02, s2=3.13251526e+02, ratio=1.00712174, threshold=1.0, comparison (ratio >= threshold)=True, extracted_bit=0
[2025-06-03 09:49:35,246] I ThreadPoolExecutor-0_0 - _extract_batch_worker:900 - [Extractor Worker P:460] Selected 2 rings for extraction: [1, 3]. Extracted bits: [1, 0]
[2025-06-03 09:49:35,298] I ThreadPoolExecutor-0_7 - extract_single_bit:727 - [BN P:440, R:2] Decision: s1=2.57855286e+02, s2=2.59867493e+02, ratio=0.99225680, threshold=1.0, comparison (ratio >= threshold)=False, extracted_bit=1
[2025-06-03 09:49:35,298] I ThreadPoolExecutor-0_7 - _extract_batch_worker:900 - [Extractor Worker P:440] Selected 2 rings for extraction: [1, 2]. Extracted bits: [0, 1]
[2025-06-03 09:49:35,329] I ThreadPoolExecutor-0_8 - extract_single_bit:727 - [BN P:419, R:2] Decision: s1=2.58060638e+02, s2=2.59950714e+02, ratio=0.99272910, threshold=1.0, comparison (ratio >= threshold)=False, extracted_bit=1
[2025-06-03 09:49:35,433] I ThreadPoolExecutor-0_8 - extract_single_bit:727 - [BN P:419, R:5] Decision: s1=2.74867035e+02, s2=2.73129547e+02, ratio=1.00636141, threshold=1.0, comparison (ratio >= threshold)=True, extracted_bit=0
[2025-06-03 09:49:35,434] I ThreadPoolExecutor-0_8 - _extract_batch_worker:900 - [Extractor Worker P:419] Selected 2 rings for extraction: [2, 5]. Extracted bits: [1, 0]
[2025-06-03 09:49:35,490] I ThreadPoolExecutor-0_1 - extract_single_bit:727 - [BN P:397, R:1] Decision: s1=2.03034531e+02, s2=2.01309387e+02, ratio=1.00856961, threshold=1.0, comparison (ratio >= threshold)=True, extracted_bit=0
[2025-06-03 09:49:35,746] I ThreadPoolExecutor-0_1 - extract_single_bit:727 - [BN P:397, R:4] Decision: s1=2.87888519e+02, s2=2.87878845e+02, ratio=1.00003360, threshold=1.0, comparison (ratio >= threshold)=True, extracted_bit=0
[2025-06-03 09:49:35,746] I ThreadPoolExecutor-0_1 - _extract_batch_worker:900 - [Extractor Worker P:397] Selected 2 rings for extraction: [1, 4]. Extracted bits: [0, 0]
[2025-06-03 09:49:35,770] I ThreadPoolExecutor-0_0 - extract_single_bit:727 - [BN P:461, R:2] Decision: s1=2.68211029e+02, s2=2.66790802e+02, ratio=1.00532337, threshold=1.0, comparison (ratio >= threshold)=True, extracted_bit=0
[2025-06-03 09:49:35,795] I ThreadPoolExecutor-0_0 - extract_single_bit:727 - [BN P:461, R:3] Decision: s1=3.15734222e+02, s2=3.16065674e+02, ratio=0.99895132, threshold=1.0, comparison (ratio >= threshold)=False, extracted_bit=1
[2025-06-03 09:49:35,795] I ThreadPoolExecutor-0_0 - _extract_batch_worker:900 - [Extractor Worker P:461] Selected 2 rings for extraction: [2, 3]. Extracted bits: [0, 1]
[2025-06-03 09:49:36,665] I ThreadPoolExecutor-0_1 - extract_single_bit:727 - [BN P:398, R:1] Decision: s1=2.01351028e+02, s2=2.03145889e+02, ratio=0.99116467, threshold=1.0, comparison (ratio >= threshold)=False, extracted_bit=1
[2025-06-03 09:49:36,692] I ThreadPoolExecutor-0_1 - extract_single_bit:727 - [BN P:398, R:5] Decision: s1=2.74518921e+02, s2=2.72882507e+02, ratio=1.00599677, threshold=1.0, comparison (ratio >= threshold)=True, extracted_bit=0
[2025-06-03 09:49:36,692] I ThreadPoolExecutor-0_1 - _extract_batch_worker:900 - [Extractor Worker P:398] Selected 2 rings for extraction: [1, 5]. Extracted bits: [1, 0]
[2025-06-03 09:49:36,728] I MainThread - extract_watermark_from_video:1244 - Обработка задач завершена. Пар с результатом из воркеров: 576. Из них с ошибками извлечения (None в битах): 0.
[2025-06-03 09:49:36,729] I MainThread - extract_watermark_from_video:1253 - Сборка бит для 576 запланированных пар...
[2025-06-03 09:49:36,740] I MainThread - extract_watermark_from_video:1273 - Сборка бит: Собрано=1152, Валидных=1152 (100.0%), Ошибок/None=0.
[2025-06-03 09:49:36,910] C MainThread - <module>:1783 - Необработанная ошибка в __main__ (при вызове main()): 'list' object has no attribute 'hex'
Traceback (most recent call last):
  File "C:\Users\danil\OneDrive\Рабочий стол\gitnew\blindWatermark_vkr\blindWatermark\watermark_extractor.py", line 1772, in <module>
    exit_code_script_run_val = main()
  File "C:\Users\danil\OneDrive\Рабочий стол\gitnew\blindWatermark_vkr\blindWatermark\watermark_extractor.py", line 1574, in main
    final_hex_candidates = extract_watermark_from_video(
  File "C:\Users\danil\OneDrive\Рабочий стол\gitnew\blindWatermark_vkr\blindWatermark\watermark_extractor.py", line 1321, in extract_watermark_from_video
    payload_hex_str = payload_bytes.hex()
AttributeError: 'list' object has no attribute 'hex'
[2025-06-03 09:49:37,609] I MainThread - <module>:1796 - Скрипт watermark_extractor.py завершен с кодом выхода 1.
